id,content,rating
19531204,"Mình đã nhận được điện thoại, hàng còn nguyên đai nguyên kiện, rất đẹp và kiểm tra là chính hãng. nhưng lúc mua mình định mua trả gop mà lúc thanh toán online thì mình lại bấm thanh toán toàn bộ, nay hàng về mới thấy giá chênh lệch 205k. đề nghị nhà bán kiểm tra giúp giao dịch và chuyển lại tiền cho mình số thừa so với giá bán với nhé ạ.",5
19082694,"Camera cũng tạm, đủ sáng thì ok, camera trước chụp vô như bệnh gan 😇
Điện thoại dùng mượt, màn đẹp, viền cân đội, máy to nhưng cầm thoải mái. Pin ổn",5
19120490,"Mua lần nào cũng hài lòng , đặt hôm trước thì hôm sau đã giao , shiper nhiệt tình , giá rẻ hơn ngoài cửa hàng, nguyên seal . Sản phẩm xài mượt , ổn áp . Không biết kích hoạt bảo hành ntn mong tiki kích hoạt giúp .",5
19508169,"Đúng nguyen seal, giao hàng nhanh lịch sự, rất hài lòng",5
19180405,"Ủa mà dòng này không có sẵn sạc kèm theo trong hộp đựng máy ạ ?
Giao hàng trễ nữa

2 sao",2
19211217,Nguyên seal,5
19154234,OK lem,5
19279062,"Đóng gói đẹp, Máy nguyên hộp, chưa xử dụng, đúng như Chủ shop quảng cáo, đã mua của shop lần 2 , giá rẻ hơn shop khác, tặng 5 sao.",5
19313410,"Mua gửi cho con trai ở xa, nên không nhìn được thực tế như thế nào, chỉ nghe con trai khen quá trời !",5
19508849,"Mẫu mã đẹp nhung sai không ngon, chi nghe gọi thi ok",1
19531735,chưa mở mà đúng sp rồi nên cho 5*,5
19101745,Rất đúng hàng.. chính hãng..!!,5
19478414,máy giao nhanh .đẹp tuyệt vời .nguyên seal .mua lần 2 rồi vẫn cứ gọi là ok .shop bán hàng rất là ok,5
19451104,"Ngoại hình đẹp, cầm nắm vừa tay, camera chụp ảnh rõ đẹp. Nói chung là tốt trong tầm giá.",5
19477014,"Máy nguyên xi chưa bóc tem, máy xài mượt, màn hình sắc nét",5
19438115,Tốt. Giá hợp lý,5
19315213,Dep rat dep rat ngon ngon ngon,5
19301205,Hàng chính hãng nên mua,5
19525387,"Giao nhanh, đóng gói cẩn thận.",5
19456204,Hàng quá ok mỗi cái lỗ bảo hành :(,4
19466822,Giao hàng nhanh. Đúng sản phẩm.,5
19267059,Trông 2 camera sau to hơi xấu. Còn lại ok,4
19200946,Máy chuẩn chính hãng. Nguyên Seal. Shop uy tín,5
19391849,Sản phẩm chính hãng,5
19438675,Máy rất ok,5
18316268,Đóng gói cẩn thận chắc chắn. Có lót lớp chống sốc bằng giấy. Khá dày nên dù vỉ ngoài bìa cactong hơi móp nhưng trong hộp ko ảnh hưởng. Giao hàng nhanh. Khoảng 3 ngày. Hàng chính hãng. Nguyên seal,5
18703930,"Máy chính hãng, ship now nên một lúc là nhận đc. Máy cầm chắc tay nên mua nha mn, màn so vs s10 plus ngày trc mình dùng thì k bằng nhưng cg nói chung máy xinh vs ok lắm.",5
18406401,Mới sử dụng đc 1 ngày nên chưa biết thế nào. Nhưng bao bì là chính hãng full box nguyên seal.,5
18720996,"Chiếc đt mình đã suy nghĩ suốt 2 3 tháng mới quyết định mua, màu đẹp xài ok nhưng nhìn chung dùng iphone vẫn thích hơn hehe",5
18671259,"Điện thoại nguyên seal, giao hàng nhanh, Tiki chăm sóc khách hàng tốt. Do tính chất công việc phải dùng dung lượng lớn nên có nhu cầu pass lại máy 128gb 💔 ngày mua hàng 17.01.2023",5
19086254,Chính hãng nguyên tem nguyên seal giao hàng nhanh,5
19257906,Ok,5
18231932,"Ốp vừa vặn, không bị rời giữa hai miếng",5
18585792,"Hàng nguyên tem, đẹp",5
18561681,"Thời trang, cá tính, hoài niệm các huyền thoại mở gập",5
18297998,Máy chính hãng nguyên seal,5
18684834,Giao hàng nhanh. Đóng gói cẩn thận. Đt đẹp,5
18433688,"Hàng đẹp, giao nhanh. Hy vọng dùng tốt, lâu dài",5
19466090,"Điện thoại nguyên seal, đẹp",5
18447469,"Gói quà tặng rất xinh, giao hàng nhanh, hàng nguyên seal nguyên box. Rất hài lòng",5
18243544,Thời buổi nào rồi mà giao hành chuyển khoản k chịu bắt khách chạy đi rút tiền.,1
18299947,"Máy đẹp, giá tốt, mới xài 3 ngày thấy ổn chứ chưa đánh giá đc gì nhiều.",5
18409452,"Đt đẹp, săn đc giá mềm nên khá okie",5
18668689,"Không có cục sạc, điện thoại đẹp, giao hàng nhanh",4
18688785,Camera chụp đẹp  phòng cách ấn tượng. Giá 15m3,5
18411130,Nguyên seal nhé mng,5
18354361,Tiki Tranding thì yên tâm rồi. Giao nhanh. Đúng mô tả.,5
18563215,Giao hàng nhanh. chuản. Đảm bảo chất lượng,5
19360301,Giao hàng rất nhanh . Hàng chính hãng đẹp như giới thiệu . Rất hài lòng,5
19496612,Mới dùng được 2 tháng cảm thấy hài lòng về sản phẩm,5
19393484,may dep chuan chinh hang se tiep tuc ung ho 👍👍,5
19303796,Đẹp ạ,5
19473215,"Máy đẹp nhìn chắc chắn, phụ kiện đầy đủ có cả ốp và dán màn hình. Mua máy cho phụ huynh dùng nên thấy rất phù hợp.",5
19457140,"Máy mới nguyên siêu,hàng chính hãng.chất lượng  thật tuyệt vời.",5
19473216,"Shop đóng gói cẩn thậ, giao hàng nhan, điện thoại mới nguyên seal, chạy rất o, giá tốt",5
18949949,"Sản phẩm nguyên seal , đóng gói cẩn thận",5
19052485,Máy yếu . Giật lag . Tôi có thể đổi trả lại không . Và đổi trả có chịu thêm phí không,2
19188138,Rat la ok jsjskskdkdld sk djsjdkdkdndodnkdndksndkdjdndndndj sjs đj đk jd đk dj đj dh,5
19296610,"Tot. Nganh
Giao hang de chiu",4
19030329,"camera chụp hình đẹp, hình ảnh sắc nét, độ phân giải cao, giao nhanh",5
19343596,Tiki lừa đảo k hoàn ASA. Dụ khách mua hàng,1
19310754,xài ổn nek lần sau sẽ mua ủng hộ shop nữa,4
19493528,đẹp hàng chính hãng,5
19164051,Hàng giao nhanh nhưng thiếu quà tặng nhé shop,4
19487745,Hàng đẹp rất ok,5
19180560,"Màu sản phẩm rất đẹp, cấu hình ngon, hàng chính hãng,  giá tốt nữa",5
19140869,"Nguyên tem, giao nhanh và đóng gói kỹ",5
19473893,o,5
19188136,Rat ok và se ung hộ,4
19448740,Dùng tạm thui máy chậm lg giật,4
19399239,Âhhhaba shansbs dsnsnsnd x xsnsjns,3
19503448,Hàng tốt giá rẻ,5
19399070,Tôi chưa nhận dc đơn hàng,4
19488259,Tốt trong tầm giá,5
19515947,Sẽ mua thêm,5
18523736,"Tiki Trading là một gian hàng trực tuyến chuyên bán các sản phẩm chính hãng từ các thương hiệu, được Tiki phân phối và bán hàng trực tiếp đến người tiêu dùng. Có thể hiểu Tiki Trading giống như bất kì một shop online bất kỳ bán đa dạng sản phẩm trên nền tảng sàn thương mại Tiki với giá cả khá cạnh tranh.",5
19313741,Máy đẹp xuất sắc. Màn hình hơi bóng nhưng dán paperlike vào là viết và nhìn khá ổn (dán sẽ bớt độ bóng bẩy của màn hình). Vừa nhận hàng xong là Tiki kích hoạt liền ngày bảo hành. Thân hộp và máy đúng số seri.,5
19027536,"Từng dùng ip7 cam trước rõ nét hơn dù 7MP và đô phân giải thấp hơn , do màn hình lớn cungf độ phân giải thấp nên chụp ảnh portrait mờ , bộ nhớ dùng thêm một số ứng dụng xem trực tuyến,  hạn chế tải , ko mxh , ít chụp mà vẫn khá tốn dùng lượng , 64GB phải dùng tiết chế dữ . Pin m dùng khoảng 4-5 ngày cho k 30p tác vụ nhẹ , cảm ứng vân tay nhạy hơn so với S20ultra , di chuyển ảnh và đa nhiệm đối với người mới dùng MTB như m khá tốt",4
19434582,Đúng mẫu máy mình chọn.Giao hàng nhanh.Đóng gói rất cẩn thận .bảo hành 1 năm.💯💯💯💯💯💯💯💯🥰chuẩn chính hãng🫶🏻🥰 10đ không có nhưng❤️🥰,5
19392463,"máy moi 100% nguỳen hộp ,rất hài lòng sản phẫm ,nhân viên giao hàng vui vẽ nhiệt tình .minh mua hàng có giá trị thươfng mua trên tiki",5
19408534,"Công nhận sử dụng màn hình tần số quét cao 120hz quen rồi giờ quay ra mấy loại 60hz chóng mặt kinh khủng. Ipad gen 9 giá rẻ hoàn thiện cực tốt, phần mềm ngon phù hợp với các bạn thích vẽ trên màn hình, xem phim cực ổn, lướt web hơi chóng mặt vì tần số quét thấp.",5
18142636,"Mua xong mới phát hiện 
có nút homenicator 😁 vẫn chưa phải nhận dạng khuôn mặt
ko full màn hình 😁
so với Gen 10 thì Gen 10 ok hơn

thanks shop , và anh vận chuyển ok lắm",5
17452387,"Tiki lừa khách hàng, rõ ràng để tặng Astra trị giá hơn 400k, mà mua xong thì k đc tặng, gọi điện thoại hỏi thì bảo thiếu điều kiện (thiếu điều kiện thì để tặng làm gì) rõ ràng trong trang bán hàng để tặng (hình đính kèm), k thấy tặng thì mình đã mua bên *** rồi hàng chính hãng mà giá cũng tốt hơn! Anh Em lưu ý cân nhắc, đừng để bị lừa giống như mình",1
18193220,"Hàng Ok,săn sale ngày 11/11/2022.sp.chưa active,đóng gói kỹ lưỡng..
Giao hàng nhanh,phải có mã OTP mới được nhận hàng.
Sẽ tiếp tục ung ho Tiki Trading",5
19464304,"mình xài 2 tuần rồi mới comment, máy rất ok, giá bình dân, tiện cho việc học, làm việc. gói ghém nhu cầu của minhf theo dung lượng 64g thì máy này rất ok
ai hay lưu trữ hình, đồ hoạ thì dung lượng này sẽ là 1 vấn đề lớn đó.",5
18794849,"Mua tự thưởng cho bản thân ngày 14/2. Nhân viên rất nhiệt tình, máy set up rất okila, xài được 1 ngày rồi mới đánh giá. Mua giá 7290k nên khá ưng, giao hỏa tốc 2h",5
18370766,"Đẹp tuyệt. Đóng gói cẩn thận. Mới đặt chiều qua, lại còn quá giờ hành chính mà trưa nay đã nhận được rồi. Ship nhanh thật lợi hại",5
18798907,Ok! Khớp với mô tả. Mua cho người lớn xem giải trí youtube và tin tức rất phù hợp,5
18154014,"Giao hàng nhanh, đóng gói kỹ.. sản phẩm nhìn qua ổn áp, check bảo hành ổn
Giờ sử dụng xem sao đã",5
18990821,"máy mình nhận được nguyên seal, giao hàng nhanh. Tuy nhiên, khi dùng thì nửa bên phải của máy rất nóng trong khi mình chỉ dùng để take notes. ko biết là vấn đề gì vậy ạ? bên trái vẫn bình thường ko nóng ạ.",4
18186360,"Chuẩn hàng.
Đóng gói tốt, shiper thân thiện và cẩn trọng.
Cảm ơn TIKi , cảm ơn shiper",5
15208824,"Tiki đóng cái thùng siêu khủng luôn. Giao hàng nhanh, đặt ngày trước ngày sau nhận được máy rồi. Máy rất đẹp, đủ cho mấy bạn nhỏ học.",5
17599333,"Hài lần lòng về chất lượng hình ảnh và âm thanh. Tiki giao hàng nhanh, đóng gói cẩn thận",5
19406849,Chất lượng tốt .,5
18189549,"Hàng chuẩn, giao nhanh, mình mua được giá 7tr1 cũng rẻ rồi. Cáp sạc xịn pass lại cũng đỡ được vài trăm.",5
19049691,Giao hàng nhanh. Đúng mẫu. Dùng oke ạ,5
18128234,"Good, đóng gói cẩn thận, nguyên seal, bảo hành đến tháng 11/2023",5
14826863,"Tikinow giao hàng siêu nhanh, đóng gói hộp rất cẩn thận.
Hàng chính hãng của Apple VN, mã ZA nha mọi người. Yên tâm là có bảo hành chính hãng tại VN.
Máy nguyên seal đầy đủ phụ kiện nên ko lo",5
19267318,"Mua màn hình lớn cho dễ nhìn sau khi xài dòng mini, pin lâu, rất ok cho những ai không cần cấu hình quá mạnh mà chỉ cần lướt Web coi video chơi game bình thường, ai muốn nhẹ hơn có thể mua con air",5
16068900,"Sản phẩm so với giá thì khá ổn nhé! Hàng mới nguyên, mình tự cài đặt ứng dụng cần thiết hết nha (làm theo hướng dẫn là được hết á. hihi) Mua cho phụ huynh lướt web, nghe gọi là ok lắm nha 😁😁😁. Mình đặt 9h rưỡi sáng mà 11h hơn hàng tới tay rùi, nhanh quá luôn. Cho 10 sao ********** 😀",5
7301623,"Mình mua cho mẹ dùng vì cảm thấy giá cả ổn và chức năng cũng phù hợp với người lớn tuổi. 
Cảm giác mới cầm đth lên thì đth khá nhẹ, vừa tay. Kiểu dáng thiết kế theo xu hướng ( màn hình, camera). Các bạn xem review youtube sẽ rõ chức năng hơn. Tiền nào của nấy, nhưng với giá này thì dth như vậy mình cảm thấy rất ổn. Phù hợp với các bạn sinh viên và người lớn tuổi có nhu cần đơn giản mà giá nhẹ nhàng. Hơn nữa Xiaomi là thương hiệu đã được khẳng định nên ko lo lắng nhiều. 
Recomended nha",5
17399247,"Hình ảnh sắc nét, máy chạy rất mượt. Tiki giao hàng từ hcm ra ngoài hà nội rất nhanh. Máy chạy không nóng, pin khá lâu, có hai sim thích hợp sử dụng cơ bản",5
17441027,"[CSKH] Chúc mừng năm mới Tân Sửu 2021. Kính chúc Quý khách năm mới hạnh phúc, an khang và thịnh vượng. MobiFone trân trọng cám ơn Quý khách hàng đã luôn đồng hành và ủng hộ trong thời gian qua.",5
18763272,"Điện thoại giá rẻ, đầy đủ chức năng. Tiki giao hàng nhanh, đóng gói cẩn thận, nguyên seal. Xét về hiệu năng hoạt động thì thấy máy chạy chậm, hay bị đơ máy, k mượt  dù chạy ứng dụng cơ bản.",4
11434971,"Lần đầu tiên tôi đặt hàng trên tiki quá là thất vọng, vừa thiếu phụ kiện lại còn nói những lời khó nghe, không cho kiểm tra hàng nếu muốn kiểm tra phải có CMND mình nghĩ chắc chắn sẽ giở trò gì nên mình mới không cho, cuối cùng thì cũng cho kiểm tra nếu tiki làm ăn chân chính thì chắc sẽ cho khách kiểm tra đàng hoàng rồi, tôi sẽ kiện tiki về việc làm ăn bát nháo, lừa đảo,anh chị em nào nhìn thấy bài viết này rồi đừng nên đặt hàng trên tiki nữa nếu không tin thì thử mới biết...?",1
19218322,Camera chụp kg sắc nét mấy. Nói chung là với tầm giá đó thì ok ah. Còn bền hay kg đợi dùng thời gian đã rồi viết đánh giá sau ah,5
18676795,"Điện thoại xài tầm 2 tháng bị lỗi phần mềm, liên tục bị đơ máy, bộ nhớ 32G nhưng chỉ hiển thị khả dụng 22G, ổ cắm là Micro sd chứ hk phải Type C ( lỗi 1 phần do mình không đọc kĩ) nói chung quá tệ so với bản redmi 8.",1
17700287,"Sạc bình thường chứ k phải sạc nhanh, giao hàng nhanh, hàng hãng nguyên seal. Giá sale khá hời.",5
4881260,"Mua máy được gần 1 tuần rồi, hôm nay mới review cho mn, mình chọn nhà cc là Misun store có mỗi 1 màu xanh ngọc nên giá rẻ hơn có 1830k thôi nhưng cũng rất đẹp nha. Shipper giao hàng sớm hơn dự kiến 2 ngày. Máy full box, nguyên seal.gói hàng đẹp, cẩn thận, đã test máy mấy hôm nay thấy máy pin đúng trâu bò, nếu chỉ nghe gọi ko mình nghĩ chắc cũng hơn tuần mới hết pin quá, lướt web, zalo, fb mượt mà, youtube mp3 chất lượng hình ảnh , âm thanh khá ok. Hơi chậm hơn so với các máy đắt tiền như ss ip nhưng giá thế này thì cũng rất đáng rồi. Màn hình to, cấu hình đẹp. Sạc pin cũng nhanh lên. Chỉ có 1 nhược điểm duy nhất là khi khởi động máy đăng nhập khá rườm rà nhiều thao tác, khá phức tạp nên nếu mua cho ba mẹ hay người lớn xài cái bạn nên đăng nhập trc giúp họ. Camera độ phân giải ko cao. Nhưng gọi video call cũng ổn. Máy này chơi mấy game bình thường thì mượt mà, sợ chạy game nặng thì hơi giựt nhé. Nói chung máy rất đáng đồng tiền bát gạo, phù hợp cho người lớn sử dụng, cần pin trâu. Còn về độ bền thì dùng lâu dài mới biết đc thế nào.",5
18862324,"Điện thoại không quá nhanh,  nhưng khá mượt mà cho các cô chú lớn tuổi không có yêu cầu nhiều. Pin trâu nên mẹ mình xem phim cả ngày không hết 😂 

Với tầm giá này mình thấy là rất okay nhen.",5
18737267,"rất hài lòng, giao hàng nhanh, nguyên đai nguyên kiện,màu đúng với mình đặt
sẽ ủng hộ shop nhiều lần",5
12021688,"Với giá tiền này thì thực sự khó kiếm em nào ngon hơn so với Xiaomi. Máy dùng tốt so với nhu cầu giải trí thông thường: nghe, gọi, xem phim...
Thời gian giao hàng lâu do dịch.",5
19506045,điện thoại mua nghe gọi oke hơi chậm và đơ,5
8124424,"Đặt và tính tiền màu xanh lá - đắt nhất trong các màu mà lại giao màu xanh khác(cũng không phải xanh dương), quá thất vọng về cách làm việc. Đã từng bỏ Lazada để tin tưởng Tiki, chẳng lẻ phải .... haiz!",1
18047206,"So với giá tiền rất ok nhé, dùng cho ng già ổn , màn hinh đẹp , nói chung tiki bán hàng chất lượng, rẻ hơn so với chỗ khác , điện thoại này có một điểm yếu là ko có vân tay",5
6647912,"Giao hàng siêu nhanh. Tuy ở tỉnh lẻ nhưng đặt một ngày là có hàng. Điện thoại đánh giá mỏng nhẹ, dùng cho các ứng dụng cơ bản thì được, tác vụ không quá nhạy, nếu xài quen dòng điện thoại cao thì xài máy này sẽ có chút thiếu kiên nhẫn vì load không nhanh. Mình mua dùng để đi làm nên tìm cái rẻ nhất. Nói chung tầm giá này thì không đòi hỏi thêm được. Thích hợp mua tặng phụ huynh.",5
17364966,"Đã nhận được hàng, sản phẩm như hình của shop  đăng, cảm ơn shop. Chưa dùng nhưng mẫu mã đẹp ❤❤❤mong rằng chất lượng tốt đúng tầm giá",5
19519590,Điện thoại tắt hoàn toàn dù đầy pin sau chưa đầy 3 tuần,2
17157639,"Mua chiếc điện thoại cho người nhà sử dụng, kiểu dáng mẫu mã đẹp và SP được đóng gói cẩn thận, giao hàng nhanh. Shipper dễ thương, vui vẻ.",5
19426545,"Tôi đã nhận được 1 kiện hàng tiki, mã đơn hàng: 459674867

Gửi vào số điện thoại: 0906703413",5
15936684,Tiki giao lẹ ghê mấy tiếng là có luôn. Điện thoại ổn lắm hợp cho bố mẹ dùng nha.,5
10239359,"máy chạy ok, mẫu mã đẹp, giá tiền hợp lý. nói chung rất vừa ý.cho năm sau...",5
17793721,"Hàng đóng gói cẩn thận, ổn với mức giá.",5
17360001,"Máy khá to, cầm nặng tay, không được mỏng dự đoán là do dung lượng pin lớn nhưng với tầm giá này thì không có gì để chê. Cấu hình như này với tôi thế là được, phù hợp với nam giới hơn nữ giới.",5
19455965,"Sản phẩm làm máy phụ rất tốt, dung lượng pin rất trâu. Hệ điều hành thuần gốc dễ xài và mượt các nhu cầu cơ bản",5
18834414,"Mở đt phải cập nhật lâu chừng 40p. Hơi tiếc là chân sạc ko phải typ C. Sạc lâu đầy, có sạc nokia theo kèm mà cắm rất nóng cả máy và củ sạc. Ông ba dùng đk trong tầm giá.",4
17198304,"Máy khá ổn: Màn hình lớn, pin cực tốt, giao diện chưa thân thiện lắm. Mức độ hoàn thiện đạt mức khá. Máy tặng kèm Bao silicon bảo vệ máy.",5
18756042,"Android go phiên bản này không ổn định, được vài hôm xuất hiện lỗi không thể mở được ứng dụng camera dù không va đập phần cứng nào, tạm chấp nhận được",4
17339333,"Giao hàng rất nhanh. Đặt sáng CN thì sáng thứ 2 đã giao hàng, dù là giao ngoại tỉnh. Sản phẩm chưa dùng nên chưa đánh giá được kỹ. Tạm hài lòng với dịch vụ.",5
18297158,"Màn hình bự, rất hợp cho cha mẹ lớn tuổi. Máy hơi chậm xíu, pin trâu, camera tạm ổn, mua Tiki trading rất yên tâm. Trong tầm giá như vậy là quá ổn! Em shipper rất dễ thương!",4
18154273,"Giao hàng tốc độ .
Sản phẩm rất tốt so với giá tiền ! 
Đẹp, nét, pin dung lượng nhiều, bộ nhớ … nói chung quá tốt so với tầm giá dưới 2 triệu !
Hàng điện tử mua của Tiki Trading thì yên tâm !",5
19462135,các tính năng kỹ thuật của điện thoại Nokia chính hãng thì hoàn hảo. giá lại rẻ vừa túi tiền của học sinh và người có thu nhập thấp.,5
14687973,"Mẫu mã đẹp, âm thanh tốt, nhanh. Chưa sử dụng nhiều nên chưa thể đánh giá nhiều. Sao không có nút cài đặt trong đó có thể hiện bộ nhớ trong, thẻ nhớ; wiffi hay dùng 3G và nhiều chức năng khác. Lắp thẻ nhớ có 1 số hình mà không tìm thấy đâu.",4
18327312,màn hình bị lỗi. Yêu cầu trả hàng,1
17444899,"Máy rất chắc chắn,cầm đầm tay…màn hình cũng ổn…quảng cáo pin 6000 trâu nhưng sạc chậm rất lâu…giao hàng nhanh và nhiệt tình",5
16873502,shop giao đúng sản phẩm. giá cả hợp lý.. mọi người yên tâm mua hàng nhé. chúc shop  buôn bán thuận lợi,5
17941338,"Tiền nào của nấy. Máy cấu hình thấp nên giật lag thường xuyên. Còn hay đơ cảm ứng chưa rõ nguyên nhân.
Nay còn bị tịt loa trong, đang cân nhắc có nên gửi bảo hành ko.",3
17274258,mua của tiki nên khá yên tâm. giao hàng nhanh. mới kiểm tra ngoại quan thấy ok.,5
19396200,Mua máy hơn 2 tháng tuột mất 100k !,3
19167103,"Loa ngoài hỏng, không thể nghe gọi bình thương, đề nghị được đổi trả. Khách hàng thân thiết mong tiki trading hỗ trợ",1
19493252,Tình hình là hàng Nokia hiện tại tốt hơn mong đợi và tốt hơn các hãng khác ở cùng mức giá.,5
18373401,Điện thoại ok đầy đủ phụ kiện. Đóng gói tệ quá chỉ gói giấy cho điện thoại sau chóng xóc được.,4
18129284,"Pin nhanh hết thật, lúc mở lên pin hơn 50% mà xài có 2 giờ hết sạch pin. Không biết sau khi sạc sẽ như thế nào, sẽ đánh giá lại",4
17429183,"Giao nhanh, đẹp, hàng ok lắm. Ko bị lỗi. Nói chung MƯỜI ĐIỂM, MƯỜI ĐIỂM",5
16706330,"giá rẻ phải chăng, mua về cho người lớn hay dùng để nghe gọi lướt fb,yb, tiktok thì hết ý, có ốp lưng, và dán sãn miếng dán màn hình nên khỏi phải mua thêm.",5
19493871,"Hàng bền, chất lượng tốt, có đk sau sẽ ủng hộ shop",5
15909587,"Sản phẩm tốt trong tầm giá , với giá hơn 2t2 chỉ phù hợp với nghe gọi lướt web hoặc cài ít ứng dụng nhẹ , đôi khi máy còn  bị đơ có lẽ con chip quá yếu",5
18868690,"Hàng giống mô tả, chính hảng. Cấu hình tốt, tuy nhiên màng hình hiểm thị không đẹp, màu sắc không trung thực. Đóng gói chuyên nghiệp. Giao hàng quá trễ, tối khuya mới giao. Hài lòng về chất lượng, không hài lòng dịch vụ giao hàng.",5
19396175,"Mình mua máy để chạy xe công nghệ, máy này thực sự rất phù hợp. pin trâu chạy xe tới trưa mới phải sạc pin. màn hình sáng bự. Nhất là khoảng định vị không bị loạn như các máy oppo mình đã dùng. cảm ứng khi đi mưa ko nhảy loạn.",5
19372712,"Xài đc thgian. Giờ mới nhận xét. Sp khá ổn nhưng vỏ rất dễ xướt, dù vừa mua về mình đã mua ốp lưng liền. Nhưng vẫn trầy. Máy xài khá ổn chỉ mỗi cái quảng cáo nhiều. Cứ báo cài thêm này thêm kia hơi phiền.",4
17324434,"Về chất lượng sản phẩm : Điện Thoại mượt, thích nhất màn hình 6.71. Hiện tại all đều ổn. 
Về cách phục vụ : chủ shop rất nhiệt tình, hỗ trợ rất ok. Uy tín, rất hài lòng. Cho ngàn sao luôn. Sẽ ủng hộ shop tiếp. Mua may bán đắt shop nha.💖",5
19405741,"Nhận hàng nguyên seal, đầy đủ.
Shipper giao hàng khó chịu với đơn hàng 0đ nên không hài lòng.",4
19175839,"đã nhận đc hàng, shipper nhiệt tình, hơi lâu hơn mong đợi 1 tí nhưng k sao, đóng gói chắc chắn, ghi chú HÀNG CỰC KỲ DỄ VỞ",5
19495687,"sản phẩm đúng chính hãng , vì biết tiki làm việc rất tốt nên luôn tin tưởng",5
19212085,"Đẹp và giá rẻ, chính hãng bản quốc tế, giao nhanh",5
19499885,"Xử lý chậm và thoảng treo máy, chỉ được cái pin lâu",2
19376389,"Tốc độ lướt web mượt, có wifi 5Ghz, tốt nhất trong tầm giá!",5
19214030,oi,5
19243445,"Giao đúng hàng,  camera chụp hình không trung thực, độ phân giải kém",4
19457448,Chất lượng phù hợp với nhu cầu và giá tiền,3
19144795,Giá tốt so với các cửa hàng mà mình đi tìm mua cùng điện thoại,5
19426508,Ok,5
18899112,"sp chính hãng, new đẹp",5
17396066,"Màn hình lớn, Độ phân giải sắc nét, Lpin trâu, dung lượng cao.Camera sắc nét, chi tiết, màu sắc đẹp",5
19313448,Hàng đẹp chất lượng thì oky,4
19366605,"Ok, người lớn xài ổn",5
16723376,"Máy gọn nhẹ, shop cho bản kid không quảng cáo và thêm bao da rất đẹp, đời này cùng cổng sạc C nên rất tiện. Máy đọc rất thích đặc biệt là ngồi bus đi làm. Hai hôm nay không còn dùng điện thoại trước khi ngủ nữa mà là ôm em này. Sẽ cố gắng thay thế thói quen xấu từ lướt điện thoại trước khi ngủ sang đọc sách trước khi ngủ.",5
17526627,"Hàng tốt, đúng mô tả, quà tặng đầy đủ. Đây là lần đầu tiên mình sử dụng kindle trải nghiệm quá tuyệt khi mình có thể vừa nằm trên giường vừa đọc được sách, shop cũng tặng cho một cái bao da nữa, mình trừ 1 sao vì bên ship chậm mất một ngày.",4
19121259,"Rất tuyệt. Có điều nếu dùng cả bao thì hơi to, cầm 1 tay đọc sẽ bị mỏi.
Hình ảnh sắc nét, góc nhìn rộng. Dark mode rất tuyệt.",5
19427008,"Máy nhẹ, cầm nắm chắc tay, đỡ mỏi tay hơn khi cầm sách 

Màn hình đem lại trải nghiệm như đọc sách giấy

Dịch vụ bán hàng tốt, giá cả và ưu đãi cạnh tranh",5
15729127,"Hàng bị móp méo và bị ướt nhẹ khi nhận được. Có thể thông cảm nếu là hàng bình thường, nhưng là hàng điện tử thì sẽ bị ảnh hưởng đến chất lượng sản phẩm. Thời gian giao cũng trễ hơn so với thời hạn cam kết. Khá thất vọng với lần đầu tiên mua ở shop!",2
19288246,"ưng lắm luôn cả nhà ơiiii, hị hị mình rất hài lòng về sản phẩm, đúnv là danbf cho đọc sách, nhìn dễ chịu mà ko hề mỏi mắt, cực okeee",5
18673070,"- Giao hàng nhanh, sản phẩm nguyên seal.
- Minh mua bản 32GB để tỉnh thoảng đọc truyện tranh, màn hình 6,8” chất lượng hiển thị rất tốt.
- Pin rất ổn, chế độ đèn nền đọc ban đêm rất dịu nhẹ.",5
16814623,"Shop đóng gói sản phẩm cẩn thận, có giấy tờ đầy đủ, giao hàng nhanh, máy bản mới nên rất đẹp, rất đáng mua nhé mọi người 😄😄😄",5
16950095,"Nhận hàng thực sự rất hài hòng về máy, đúng như mô tả, shop còn tặng cả bao da. Lần đầu mua máy đọc sách nên chưa biết gì về nhiều, nhưng không lo vì Techmorevn tư vấn rất nhiệt tình các Bác ạ. Rất hài lòng về sản phẩm và cách thức chăm sóc khách hàng của Techmorevn.",5
16813097,"Vận chuyển hàng nhanh. Shop tư vấn nhiệt tình, được lựa chọn paperwhite kids, cả màu sắc ốp lưng. Cực kì hài lòng.
Máy nguyên tem nguyên phụ kiện. Đóng gói cẩn thận.",5
17662722,"Hộp bị móp trong quá trình vận chuyển nhưng may mà máy không bị sao. Hàng chất lượng, mình mua sau khi con Kindle 6 năm tuổi bị hư nên thích lắm. Có điều đây là hàng có kèm quảng cáo ở màn hình lock nhé, sử dụng không ảnh hưởng đến trải nghiệm nên kệ.",5
16253883,"Shop tư vấn nhiệt tình, mình lại may mắn nhận được bản kids không có quảng cáo và có kèm bao da rất đẹp. Đã từng dùng ppw3, giờ lên ppw5 thấy rất đáng tiền. Cảm ơn shop",5
18050724,"Sản phẩm bị chớp đen khi thao tác, rất khó chịu.
Đã liên hệ với tiki và nhà cung cấp. Tiki thì bảo là tính năng mặc định và không thực hiện đổi trả. Nhà cung cấp thì không phản hồi.
Mình đã tham khảo rất nhiều người sử dụng sản phẩm và xem trên youtube sản phẩm này. Khi mà tắt chế độ Reading Option thì nó sẽ biến mất. Giờ tiki bảo là mặc định vào không hỗ trợ.

Sẽ không mua bất kì sản phẩm gì trên tiki nữa",1
15947121,"Kindle ppw thì tuyệt vời khỏi bàn rồi, đặc biệt bản ppw 5 này có quá nhiều nâng cấp xứng đáng để mà mình bỏ thêm gần 1 triệu nữa thay vì mua ppw 4.
Shop bán hàng vô cùng có tâm, đặt bản thường không có bao da nhưng shop gửi bản kid có bao da, mà lại đúng màu đen mà mình thích nữa chứ",5
18327265,"Hàng thì tốt mà nhân viên tư vấn hơi kém. Tư vấn như kiểu khách biết xài mòn mỏi rồi. Tra gg thấy chỉ còn chi tiết hơn.
Đc tặng bao da nhé.",5
16914390,"Lần đầu tiên mua hàng điện tử khá ok…
Riêng có thể do khi vận chuyển hộp hàng bị móp méo và rách, nhưng hàng vẫn được đóng gói kĩ",5
17079763,"Chất lượng rất tốt: pin trâu, màn hình nhiều tùy chỉnh rất dễ chịu, lưu được nhiều sách rất thoải mái, shop rep tư vấn nhiệt tình,... Xu cái bên giao hàng làm ăn chán quá đợi 8 ngày chưa giao mình phải tự ra kho lấy 😐",5
18316408,"Sản phẩm còn nguyên seal chính hãng, đầy đủ mọi phụ kiện. Giao hàng nhanh và gói hàng cũng cẩn thận. Có thêm cảnh báo là hàng dễ vỡ. Tuy không may mắn nhận được bản kid nhưng hi vọng là máy sẽ dùng bền.",5
19526577,"Quá ngon, lúc mình đặt là hết chương trình tặng bao da rồi, nhưng ib cho shop thì shop tặng luôn cho mình 1 cái",5
18759868,"Máy newseal, bản kid có bao da chính hãng rất đẹp. Cảm ứng mượt. Tiki hẹn 3hôm mà đã giao ngay trong ngày rồi, anh giao hàng rất nhiệt tình vui vẻ.
Đáng đồng tiền bát gạo :)) nên mua mn ạ",5
18576192,"Dùng mượt, nếu nằm thì bỏ ốp ra cầm sẽ thoải mái hơn nhiều. Lưu ý các bạn muốn đọc truyện tranh thì sẽ bị lag lag và đơ. phải tắt nguồn đi mở lại r đợi vài phút mới đọc đc tiếp",4
19314441,Rất hài lòng với dịch vụ của shop ngay từ lần đầu tiên mua hàng. Mua về một phát là có động lực đọc sách ngay haha,5
19383270,"Đặt sau 2 ngày nhận được máy liền. Màn hình to cảm giác đọc thích hẳn, đọc truyện tranh cũng rất rõ. Mn nên đầu tư để đọc sách đỡ mỏi mắt",5
19107330,"Sao cái máy sạc không bao giờ đủ 100% mà pin mau hết vậy nó bị gì ạ, có bảo hành không",5
19386035,"Camera chụp hình đẹp, màn hình đẹp, tốc độ oke. Giao hàng nhanh. Đóng gói chắc chắn.",5
19533056,Cảm ơn vì đã giữ đúng ngày giao hàng...,5
19347456,"Giá rẻ bất ngờ , chế độ chờ hơi tốn pin",5
15628563,"Máy tốt, giá rẻ hơn ở ngoài, Tiki giao hàng nhanh, hài lòng về sản phẩm",5
17086447,giao hàng nhanh và đóng gói cẩn thận,5
15669553,Rất yêu,5
17827990,"rất hài lòng, size chuẩn.",5
16643797,đẹp,5
15455730,Tốt,5
19467761,"Nhân viên giao hàng nhanh chóng, điện thoại nhỏ nhắn cầm như hợp kem chống nắng vậy.điểm trừ là sạc pin hơi lâu,pin tụt nhanh như tụt quần.không thực sự mượt mà đâu,(máy mới mà)có vẻ hơi lag nhẹ.nhà bán hàng uy tín .",5
19387346,"Chụp đẹp , nhỏ gọn , máy rất đẹp và giá tốt",5
18447872,Hàng chất lương,5
18486092,"Máy rất tốt nhưng lúc mua tôi quên không mua kèm gói bảo vệ màn hình, vậy giờ tôi có thể mua lại gói này riêng không? :(",5
18292422,"SP tốt, giao hàng nhanh, tuy nhiên shop chưa có mục chat, m muốn hỏi kích hoạt bảo hành thế nào shop",5
18572970,"Giao hàng siêu nhanh, điện thoại đẹp đã dán màn hình, hàng chính hãng nguyên seal",5
18693994,Điện thoại của tôi chưa đc kích hoạt bảo hành. nhờ tiki xem giúp,5
18774378,"Z Flip4 rất đẹp, chỉ nhanh hết pin :) 💗",5
18412219,Điện thoại Z Flip 4 nguyên đai nguyên kiện của Samsung.,5
18506604,Mua cai dt không tặng nổi cục xạc pin nữq,3
18615496,Giá khá tốt so với thị trường.,5
18202794,"Máy rát đẹp, được tiki giao rất yên tâm",5
18212752,Gút chóp,5
19464652,"Hàng đẹp,chuẩn,giao hàng nhanh,kích hoạt bảo hành cũng nhanh chóng",5
19186020,"Nhìn đẹp, hộp nguyên seal. Samsung keo quá méo có củ sạc và ốp phải đi mua tốn cũng kha khá",5
19244906,"Hàng tiki rất yên tâm, giao nhanh. Hài lòng",5
19196548,sản phẩm chất lượng tốt.  giao hàng quá nhanh chóng.,5
19131146,"Giao nhanh, cẩn thận",5
19194554,Ngon. Mượt. Chụp đẹp. Có điều hơi to và dày,5
18650743,"Với giá hơn 8 triệu mọi thứ ổn.Camera cũng không quá hài lòng , thích thì mua ,cảm ứng cũng ok ,chủ yếu mình lấy dung lượng bộ nhớ của máy thôi",4
18777289,"Sau vài ngày sử dụng thì mình cảm nhận con này ngon hơn con Samsung Galaxy dòng A mà mình đang xài kha khá. Vân tay nhạy hơn thấy rõ, màn hình mượt mà hơn, nhanh hơn. Nói chung bỏ ra số tiền hơn 8tr thì vậy cũng đáng giá rồi .Ai đang muốn đổi không khí từ dòng A thì con này là sự lựa chọn quá  tốt với mức giá không quá cao.",5
18699261,"* Sản phẩm rất xinh đẹp tuyệt vời, tôi không thể trông đợi gì hơn. Cảm ơn nhà cung cấp, nhà sản xuất, cảm ơn người bán hàng, cảm ơn sàn thương mại điện tử, cảm ơn người vận chuyển để tôi có cơ hội dùng sản phẩm tốt như thế này. 
* Hàng đóng gói rất đẹp. Quả nhiên người bán đã gửi gắm rất nhiều tâm tư và tình cảm trong lúc gói hàng. Hộp không có dấu hiệu bị móp, chứng tỏ bộ phận vận chuyển đã nâng như nâng trứng, hứng như hứng hoa. Xin nghiêng mình cảm ơn vì tất cả. 
* Thời gian vận chuyển rất hợp lí. Tôi đã đặt hàng với tâm thế hào hứng chờ đợi để được trải nghiệm sản phẩm và tôi không hề bị chờ mỏi cổ. Có thể thấy bên vận chuyển không quản ngại thời tiết và đường xá xa xôi để đưa sản phẩm cho tôi trong thời gian ngắn nhất.",5
16160572,"Giao nhanh, sp đúng mô tả, dùng mượt mà, pin khá ổn(tại k chơi game), 
Định trừ 1* vì nhận đc hàng từ hôm 28/4 rồi mà đến 2/5 mới báo giao thành công.? nhưng thôi vì sp chất lg....😂😂😂",5
18681746,"Lần đầu tiên mua điện thoại trên Tiki nên có chút rén, nhưng khi đến sau khi kiểm tra mọi thứ rất ổn, bh còn hẳn 1 năm, ko có vấn đề ngoại hình. Camera samsung chụp đẹp phóng to thu nhỏ đến tận 30 lần, mượt, dung lượng thoải mái, màu xanh ngọc nhìn đẹp, mình ko thiên về chơi game trên đt, lúc cần cho công việc hoàn toàn ổn định ko bị cản trở như cái máy trc của Nokia. Đt thì hy vọng là dùng ít cx được 4-5 năm. Vì đang dùng nó để viết bị nên căn bản ko thể có ảnh:))",5
19365092,"Máy đẹp, giao hàng nhanh, còn nguyên seal, cấu hình mạnh, xem review trên youtube thì cơ bản giống như người ta nói, điểm trừ không có 5G, jack 3,5",5
18662220,"Vừa mới nhận hàng, khui hộp nên chưa biết dùng có ok không. máy đã kích hoạt bảo hành nhưng k thấy ghi rõ thông tin là kích hoạt từ bao giờ và máy còn bảo hành hay k nên sợ là máy cũ kiểu like new nên trừ 1 sao do thiếu thông tin làm ng mua bất an :D",4
19069159,"Mới mua cảm thấy vẫn khá ổn, camera tốt,
Một hạn chế lớn là máy rất nhanh nóng kể cả khi dùng các tác vụ bình thường, lướt tiktok, chơi một số game bình thường vs cấu hình thấp nhất cũng rất nóng",4
18638820,"Kích hoạt bảo hành trước nên bị hụt mất 23 ngày, nhưng giá có giảm cũng khá hợp lý. Pin tụt nhanh hơn mình nghĩ và sạc lâu, trải nghiệm thì thấy máy hoạt động mượt, còn lại cần sử dụng lâu hơn mới biết được",4
19340324,"Sản phẩm đẹp, chất lượng tốt, xứng đáng với tầm giá, cấu hình mạnh.",5
19376516,"Máy mới nguyên seal, mới kích hoạt bảo hành online 8 ngày, dòng s20 fe này xài tốt, cấu hình mạnh",5
19381368,"Giao hàng hơi nhiều ngày. Nhân viên cẩn thận, chu đáo, bao bì đảm bảo, điện thoại dùng ổn định và chất lượng như dự tính.",5
19401819,"Sản phẩm đúng như mô tả giao hàng nhanh trưa hqua đặt 10h kém sáng nay đã nhận được hàng, đóng gói cẩn thận shiper ko cho mở hộp đồng kiểm thái độ hơi kém",5
19487925,"Điện thoại, giá vừa tầm. Hàng nguyên seal, full box không kèm tai nghe. Tốt",5
19532872,"Tiếp giáp mặt trước với mặt lưng không được liền mạch,hơi bị cấn tay, còn mọi thứ đều OK",5
18940609,Sp giao hàng nhanh đặt tối hôm qua sáng nay đã nhận được.,5
19487560,"hàng nguyên seal, đã active 20 ngày, ngon bổ rẻ, chất lượng trên cả tuyệt vời, full box.
Trong tầm giá 6tr9 con này vô đối nha mn.",5
19513906,ố keeee nha ae.,5
16308022,"Sản phẩm Samsung Galaxy S20 FE là một sản phẩm quá đỉnh với một mức giá quá tốt trong tầm tiền.
Ủng hộ cực mạnh với nước đi của Samsung và các nhà bán lẻ ủy quyền.",5
17973563,Lần thứ hai mình mua con máy này trên tiki. Mình thấy nhiều người chê. Nhưmg với nhu cầu sử dụng đt của mình thì pin em ý ổn nha. Máy cũng rất ổn định. Mình k chơi game nha.,5
19367189,nguyên seal cứng đẹp. đóng gói kỹ.,5
19441147,"Hiện tại đang dùng, cảm thấy tuyệt vời. Hy vọng vẫn hài lòng như các sản phẩm SS đã từng dùng.",5
19063094,"Mất hẳn  1 tháng bảo hành. Chất lượng thì phải dùng mới biết được, sẽ đánh giá sau.",3
19069129,"Máy cực nhanh hết pin, chỉ dùng được tối đa 3 tiếng rồi lại phải sạc, mua mấy dòng cấp thấp pin còn dùng được lâu hơn",2
19491892,hàng chính hãng chất luọng,5
19491880,chất lượng chính hãng,4
19521953,Đang trong thời gian thử. Cho 4*,4
19347600,Ok,5
19332813,Dùng 1 thời gian rồi mới dám feedback. 1 con MDS quá ổn áp cho người mới tiếp cận dòng máy này. Tuy không có led như dòng cao hơn nhưng đọc trong tối vẫn sáng rõ nét. Dòng này ra ngoài trời nắng thì màn hình cứ gọi là chất. Pin dùng lâu. Mua được 1 con máy quá ưng ý với 1 cái giá quá hợp lý (2tr5) tại 1 shop quá uy tín. Hàng giao tới nguyên seal. Anh ship dễ thương còn cẩn thận kêu mình khui kiểm tra hàng tại chỗ,5
19423583,"Shop giao nhanh (từ HN vào HCM mất tầm 3 ngày). Sách nhận về tay đóng gói kỹ, còn nguyên seal, kèm bảo hành đầy đủ. 

Shop gửi clip hướng dẫn cài đặt và link vào kho sách của Amazon (chớ không phải kho sách tiếng Việt như mình nghĩ ban đầu hic hic...). Mình tự đi hỏi người quen cách tải sách tiếng Việt trên mạng.

Shop tặng kèm cover hình Hoàng tử bé rất xinh!",5
18856131,"Lần đầu mình mua mđs và trải nghiệm, nên bản thân cảm thấy tiện lợi hơn so với sách giấy, tuy nhiên tìm sách mình muốn đọc thì khó hơn. Anyway thì chủ yếu là gọn nhẹ, đọc mọi lúc mọi nơi.",5
19267307,"Giao nhanh, màu xanh denim nhìn cũng khá đẹp, nhưng kích thước nhỏ hơn mình nghĩ, chiều ngang bự hơn điện thoại một ít thôi, ai tay lớn cầm sẽ thấy rất nhỏ, còn lại thì ok",5
19143447,"Mấy chính hãng, nguyên seal mới 100%, dễ sử dụng chỉ trong vài hsd trên YouTube thôi. Tạo tk và tải sách, từ điển về thoải mái nhé. Tiện ích chỉ trong 1 cái máy chưa tới 200g.",5
19461028,"Mua máy đọc sách xứng đáng đồng tiền. Đọc thoải mái hơn đọc trên đt và mtb. TIKI trading bán hàng uy tín, đã mua nhiều đồ điện tử ở đây.",5
19532228,"Đọc sách không mỏi mắt, máy nhỏ dễ cầm. Điểm trừ là đọc file PDF màn hình hay bị nháy nhưng với tầm giá này mình cũng không đòi hỏi nhiều.",5
18786899,"Hộp bị móp tý nhưng máy thì chưa thấy bị lỗi gì hy vọng ngon lành 
Máy khá nhẹ, ok",4
19529184,"Máy ok, có thể input sách qua email kindle hoặc cáp, dễ xài ^^",5
18906616,"Máy siêu nhẹ, có bluetooth, đáng giá tiền. 
Cảm ơn tiki trading.",5
19151649,"Tiki giao hàng nhanhh, nhân viên nhiệt tình thân thiệt , còn sản phẩm thì khỏi bàn khi mua ở tiki trading.",5
18844787,Giao hàng nhanh. Đóng gói cẩn thận. Máy nguyên seal. Đọc sách rất thích,5
19507121,"Máy chính hãng, đóng gói cẩn thận, vận chuyển nhanh chóng",5
19441334,"Sản phẩm tốt, tiện lợi cho việc đọc sách thường xuyên",5
18933754,"Nguyên seal. Máy nhỏ gọn, nói chung xài kindle vai lần rồi nên chả có gì chê cả",5
19131223,"Sản phẩm nguyên seal, hoạt động tốt. Bao sách đi kèm đẹp.",5
19078732,"Giao hàng nhanh. Máy nguyên seal. Máy nhỏ gọn, đẹp. Hài lòng.",5
19467071,bán sai màu,5
18783171,Sản phẩm tốt,4
19276616,"New seal, nhìn rất đẹp",5
19153177,Nhẹ như tờ giấy đọc tốt,5
19367013,"Đây là lần 2 mình mua điện thoại của shop, trước mình mua trên lazada.Máy ok, sản phẩm check imei chính hãng bảo hành bảo tỏi 18 tháng, giao hàng nhanh, sớm hơn dự kiến 1 ngày, shop uy tín, sẽ ủng hộ tiếp.
Anh em nào mua xiaomi thì up ROM khác thuần google mà phang, MIUI hơi nhiều lỗi vặt
Xiaomi máy cấu hình cao giá rẻ, mỗi tội cái MIUI lởm không thích tẹo nào",5
19168401,Đã nhận. Hàng chuẩn. Gói hàng kĩ. Giao hàng nhanh. Khá ok,5
19365336,máy bị lỗi. cuộc gọi nào trong khi nói chuyện cũng bị ngắt loa trong. cài lại máy cũng không khắc phục được,2
19280492,"Nhận 1 tuần mới review. Giá tốt so với các nhà bán lẻ khác. Nguyên seal, cam ok",5
19284326,"Máy đẹp, chạy ổn, nói chung với tầm giá này thì quá tuyệt vời",4
19250054,Mọi thứ đều okie,5
19493315,Xài ok dùng ổn mà tại lúc mở đt ko quay nên không có clip mở hàng :'),5
19398474,Giao đúng hàng. Sản phẩm còn nguyên vẹn.,5
19536198,"Sản phẩm đóng gói kỹ, seal còn nguyên vẹn.
Máy đẹp",5
19389665,"Tốt, đẹp, mượt, sắc xảo",5
19373363,"Máy quá chậm và lag, nói chung giá đó cũng không mong đợi nhiều.",4
19175771,"May on so vs gia tien
Chat luong hinh anh ok",4
19403704,Sản phầm tốt,5
19414283,=,5
19361162,Về cơ bản tương xứng với giá tiền.,4
19140722,"Rất tốt trong tầm giá, giao hàng nhanh",5
19308584,Rất ổn trong tầm giá!,5
17964851,"Gần 1 rưỡi sáng ngày 14/10 đặt. Tưởng hết mà ai dè ăn may đặt được 1 con hên ghê. Giá 32.9 thì cũng tốt hơn ở ngoài khá nhiều. Sáng nay Tiki đã giao rồi. Máy đẹp lắm, đóng gói cũng rất chắc chắn nữa. Mọi thứ đều rất hài lòng 🥰 hẹn 21/10 mới giao mà sáng nay tới luôn rồi 😘 Máy mới cài sẵn iOS 16.0.1 nhé 😌",5
19070906,"Hàng Apple chính hãng VN sản xuất năm 2023, có sẵn ios 16.3 nha mọi người. Việc đầu tiên khui hộp là up lên IOS 16.4.1 để máy chạy ổn định và không bị lỗi sọc màn hình nha. Khung viền thép cầm rất dính và chắc tay. Ai thích sự tinh tế mà vẫn mạnh mẽ thì nên chọn màu đen như mình. Tổng thể màu này Apple phối màu các chi tiết như khung thép viền, camera cực đẹp.",5
17986175,"quá tuyệt ĐI HẸN HÒ ĂN MẶC ĐẸP HƠN ĐỐI PHƯƠNG VÀ CÁI KẾT ĐẮNG LÒNGG 🤣

Người ta hẹn mình đi xem phim và xem xong đi ăn. Buổi hẹn đầu nên mình có ăn mặc chỉn chu nếu ko muốn nói là lồng lộn.

Người ta bảo ""em mặc bình thường thoải mái thôi, anh đi xe máy chứ ko đi ô tô đâu nên ko phải quá quan trọng hình thức rồi bất tiện"". Mình vẫn lịch sự đùa lại là ""anh đi bộ em cũng đi cùng chứ có xe máy là tốt rồi"" nhưng nghĩ trong bụng mình mặc gì là việc của mình :))))

Người ta đón mình tại nhà riêng, người ta đi xe máy thật và mình vẫn ok leo lên xe ngồi 1 bên vui vẻ, tay bám vào yên sau chứ ko ôm ấp gì cả nhé 🙂

Đi 1 đoạn đường cách nhà khoảng 2km, 1 quãng đường tuy ko dài nhưng rất xa vì người ta chả chịu nói gì từ lúc thấy mình :)) bỗng nhiên người ta đi chậm lại hỏi mình:
- Ngồi bị khó chịu lắm đúng ko? Xe anh thấp với yên hơi bé em ngồi hơi bị treo nhỉ?
Mình bảo:
- Cũng hơi khó ngồi chút nhưng ko sao, anh đã thấy em rơi xuống đường đâu 😂
Bất ngờ người ta dừng xe quay cả người lại nhìn mình. Trợn mắt. Quát:
- Thế em k*t c*n *ẹ em xuống xe đi cho dễ đi em ạ
Và thế là, ko có bộ phim nào, cũng ko có bữa ăn nào. Và mình đang đứng vỉa hè chờ taxi viết bài này :))

Cre: Nhung Ha Phan",5
19133392,"Mình rất không hài lòng về cách hỗ trợ của Tiki, mình mua hàng cho công ty Tiki không đồng ý xuất hóa đơn cho KH. Lúc mình order có điền thông tin xuất hóa đơn nhưng đến khi nhận hàng không thấy xuất gọi hotline hỗ trợ ngay khi nhận hàng chưa đến 5 phút - Tiki vẫn khăng khăng không hỗ trợ và không chấp nhận xuất

Tiki làm việc quá máy móc, quá tệ!",1
17961412,"Cảm thấy thật có lỗi khi comment đánh giá của bạn BẢO NGÔ là người quen mới mua được,sau đó vào coi thử thì may mắn mình lại đặt được 14 Pro Max 256GB giá chỉ 32tr, cám ơn tiki, quá uy tín",5
18111034,Sản phẩm tốt giao hàng lẹ mà chương trình khuyến mãi tích điểm astra quá tệ. Khách mua nhìu đơn thích là tự khoá acc của khách ko cho tích điểm nữa. Bán hàng mà cấm khách mua nhìu đơn để tích nhìu điểm astra. Vậy huỷ bỏ cái chương trình đó đi tôi còn quay lại mua 😡. Tôi chả cần điểm thưởng nhưng có thì cho đàng hoàng tôi ko xin. Ko có điểm thưởng tôi vẫn mua hàng trước đó nhưng nay chắc nghĩ lại,3
18624425,"Sản phẩm đóng gói cẩn thận, giao nhanh, đúng. Sau vài ngày sử dụng chưa có lỗi, sản phẩm tốt. Hài lòng về sản phẩm và chất lượng dịch vụ của tiki.",5
17977633,"Sản phẩm chính hãng, nguyên seal, nhưng chưa hài lòng việc vận chuyển, đáng lẽ ở tỉnh lẻ nên vận chuyển từ đêm ngày 13/10 để sáng 14/10 nhận hàng sẽ tốt hơn. Và với mặt hàng này nên làm việc riêng với vận chuyển để riêng sản phẩm ra giao cho khách hộp mới nguyên không móp méo dù đã bọc khá kỹ.",5
19522986,"Giao hàng rất nhanh.
Đóng gói cẩn thận và còn nguyên seal.
Giá hơi nhỉnh hơn các sàn khác xíu nhưng k phải lo lắng về chất lượng",5
18566044,"phần nút tắt mở tiếng bên hông khi nhấn tắt thì phần màu cam không sạch như dính bụi hoặc bị lỗi (hơi bám đen) chứ không cam hoàn toàn như các điện thoại trước mình dùng, nhờ tiki liên hệ hỗ trợ vì hàng cũng giá trị cao chứ không phải rẻ gì",1
18836909,"Giao hàng nhanh, đóng gói cẩn thận, hàng chính hãng, tuyệt vời! Không có gì để chê",5
19141948,Rất đáng mua .ok ok ok ok ok,4
18236304,"dịch vụ tiki Now  của Tiki rất tốt. giao nhanh, đúng giờ. chuyên nghiệp",5
18620042,"Hàng chuẩn, giao nhanh,",5
17954766,"Khuya đặt, sáng 8h Tiki đã giao, mua đợt đầu lại được giảm còn 32xxx lại được hoàn Astra. Không phải mất công đi lấy hàng.. Đóng gói chuẩn chỉnh, máy đẹp, giao cực nhanh",5
18652461,"Giao hàng nhanh, đóng gói cẩn thận ko lo bị hư",5
17980017,"Vừa đặt chưa tới 1 tiếng đã có hàng. Ko phải xếp hàng đợi chờ. Tốn 100k lên Astra vàng. Lại đc hoàn300k, share thêm đc 300k. Tính ra mua 14 pro max 256gb trừ hết còn 31.7",5
17964733,"Mua trên Tiki rất ok, được voucher giảm giá hơn 5tr, hôm sau giao luôn nhanh mà đóng gói cẩn thận lắm, lại còn được hoàn tiền nữa",5
18114682,"Giá tốt. Được giảm 2tr khi thanh toán bằng thẻ tín dụng HSBC . Giao hàng nhanh trong 2h. Nhân viên giao hàng thân thiện, nhiệt tình.",5
18104235,Xịn quá giao hơi lâu tí nhg nguyên seal. Nhg hơi bẩn chút,5
18800721,"Mình mua trả góp qua tiki quá hời luôn. Ship nhanh, gói kỹ, hiện chưa có vấn đề gì sau 5 ngày nhận hàng",5
18246076,"Đẹp, nhanh, không quá to, giao hàng nhanh và kỹ",5
18101495,Mặt sau máy có 1 vết mờ đã lau thử nhưng không lau đi được. Lần đầu tiên mua 1 món hàng giá trị trên tiki mà bị lỗi như vậy. Cảm thấy không ưng lắm.,3
19016935,Máy mới nguyên seal...tự mình bóc tem sướng thiệt,5
16630856,đẹp tốt đúng hàng chẫt luongjw tuyệt vời quá trời ông mặt trời luôn nha đẹp tốt đúng hàng chẫt luongjw tuyệt vời quá trời ông mặt trời luôn nha đẹp tốt đúng hàng chẫt luongjw tuyệt vời quá trời ông mặt trời luôn nha đẹp tốt đúng hàng chẫt luongjw tuyệt vời quá trời ông mặt trời luôn nha,5
17989113,"Hàng chính hãng nguyên seal. Màu xanh zeta rất đẹp, nam tính vừa huyền bí. 
Đăng ký trả góp 0 đồng trên app galaxy gift vẫn được nhé.
Điểm trừ là ship từ HN vào HCM mà đóng gói sơ xài, không bọc chống sốc hay ni lông chống thấm gì cả.",4
18203460,"Đúng chuẩn chính hãng, phải nói là giá rất tốt, kích hoạt bảo hành thì phải nhờ tư vấn viên thực hiện mới dc.",5
17996122,Ghi quà tặng 800k mà tặng cái dây treo balo. Hài,3
15529163,hàng đóng gói cẩn thận nguyên seal chỉ có 1 vấn đề là giao quá chậm làm mất nhiều ưu đãi từ samsung member,4
16104153,"Giao hàng chậm, nhưng shop đã gửi lại hàng kịp thời. mua đc với giá 19.9 khá tốt so với mua ngoài",4
16017976,máy đẹp. chụp hình siêu nét. xóa phông đầy đủ,5
18423943,Thật tuyệt vời.,5
15792800,"Tiki giao siêu nhanh, đầy đủ quà tặng. Được giảm giá rất nhiều.",5
19181105,"Chính hãng nguyên seal, nhưng đến nay vẫn chưa được kích hoạt bảo hành @@. 
Bên Tiki đã có phản hồi là sẽ hỗ trợ kích hoạt bảo hành.

Cập nhật, điện thoại đã được hỗ trợ bảo hành.",5
19466063,"Đt đẹp , camera sắc nét , độ phân giải rộng , GB lớn lưu giữ nhiều dư liệu...ủng hô shop !",5
19208083,"Sản phẩm tốt, săn khuyến mãi nên giá khá rẻ.
Đang dùng được 4 tuần rồi.",5
19427662,"Ship nhanh và an toàn, điện thoại rất tốt!",5
19512892,Giao hàng nhanh. Sản phẩm đúng mô tả....! Máy đẹp rất ưng ý....,5
19452037,Nhặn dc hàng rat ok nguyên seal,5
19183482,"Hai lần mua hàng điện từ trên Tiki, lần nào cũng rất hài lòng 
Giao hàng nhanh trong vòng 2hrs
Gói hàng khá tốt. Đó giờ tiki gói hàng từ sách đến đồ điện tử đều không dùng bao chống sốc. Tiki nên cải thiện",5
18556407,"ở TB mà chọn Nowship trong vòng 1h đã nhận được máy🫥ko phải đợt sale gì mà giá tốt quá nên mua luôn combo…ipad nguyên seal chưa active ngoại hình đẹp không lỗi, bàn phím logitech thì bị nứt dù mới khui🥲",5
18733689,"TikiNow giao hàng nhanh, gói kĩ càng. Sản phẩm chất lượng. Chip M1 hiệu năng cao. Máy sử dụng mượt mà,  màn hình hiển thị sắc nét. Có thể dùng để làm màn hình thứ 2 cho Macbook",5
17506040,"Mình mua đợt ngày 8.8, giao hàng 9.8. Tầm 10 ngày đầu con học online ngày 30 phút nên ko để ý pin, qua tuần rồi vì con nằm viện nên mình xài coi youtube liên tục thì phát hiện sạc full pin chỉ xài đc tầm 3.5 tiếng đến 4 tiếng là hết pin, pin còn tệ hơn iphone mình đang xài. Có gọi lên tiki thì nói nhận bảo hành  Từ 30-60 ngày sẽ gửi lại sp cho mình. Mình rất ko hài lòng vì tgian giữ sp quá lâu. Sp đc bảo hành chỉ 12 tháng mà bảo hành lần 1 giữ trung bình 30-60 ngày thì thời gian sử dụg của mình còn lại bao nhiêu đâu.",1
18636568,5 sao cho hàng chính hãng của chị Tiki :)) giao nhanh đóng gói cẩn thận. Mình mua màu xám cuối cùng của đợt này,5
17963012,"Màu xanh khá đẹp, giao nhanh, hộp lành lặn, mã giảm 700k",5
18547161,"Hình ảnh sắc nét, tốc độ cũng khá nhanh, chip M1 của Apple có khác, mình xài bản 64Gb thôi vì cũng ko chơi game gì, chủ yếu là note và đọc sách thôi. Mua thêm Paperlike thì càng hợp lý.",5
18539953,"Đặt trên TiKi cạnh tranh về giá tốt, còn đúng 1 mã hồng hốt đc giá quá ngon, sẽ ủng hộ thêm nhìu đơn nữa",5
17740300,"Ok, hàng nguyên hộp, mới 100%. Cảm giác tự tay đập hộp thật phê. Hàng mã New Zealand",5
19390538,Sao không thấy bút đâu hết vậy. Dùng ổn định. máy còn mới chưa kích hoạt,5
17465777,"Hàng chính hãng, còn seal. Mua hàng  Tiki  thì yên tâm về chất lượng và uy tín",5
19056203,"Mua hàng điện tử trên Tiki thì ko phải lo nghĩ , giá luôn tốt.",5
18874254,"Mình có dư 1 ipad gen 9 mua trên tiki lun. Mới sạc 1 lần, còn hộp. Mình pass 4tr7 ạ. Có gì liên hệ mình qua zalo: 0786236212.",5
17420417,"Giao hàng nhanh chóng, máy nguyên seal mới toanh, bảo hành chính hãng, giá sale tốt kèm theo dc thưởng nhiều astra nên rẻ lắm",5
18235323,"Bút xịn, nhạy, dễ dùng, sạc pin tiện lợi, kết nối cũng đơn giản chỉ cần đặt cạnh thân máy.",5
16698843,"Hàng chính hãng nguyên seal, đóng gói tốt, hàng đến tay hộp không bị cấn móp, dùng chưa thấy có vấn đề gì, giao hàng đúng hẹn",5
16122873,"Máy đẹp, nhẹ. Đóng gói kỹ.",5
19364538,Mới nhận khá ưng nhưng mình băn khoăn chính sách bảo hành sẽ thế nào nhỉ,5
19473737,"Sang xịn mịn ạ, dùng rất mượt, chip M1 xử lý tác vụ rất nhanh",5
19357522,"Hàng đúng như mô tả, nguyên seal",5
16981501,Chất lượng sản phẩm như mua trong cửa hàng . Giao hàng nhanh. Hàng đảm bảo như hình nhà bán cung cấp. Mua đi ko thất vọng đâu. Rất đáng mua nha,5
19232158,"Dùng tốt và mượt , đúng là đồ của apple có khác . Cảm ơn tiki nhé",5
19363374,"Mình mua vài món đồ điện tử trên Tiki rồi, sản phẩm đẹp, sử dụng mượt. Rất hài lòng.",5
16132655,"Đóng gói kĩ,hàng chính hãng,newseal,giao nhanh",5
19359464,"màn hình sáng sắc nét 
nhược điểm  nhiều khi màn hình tự nhiên tổi phải tăng điều chỉnh lại  độ sáng là điều bất tiện",4
19307287,Hết nước chấm trong tầm giá,5
19348304,"Vuông vức, chụp ảnh đẹp, âm thanh ổn và giá cả hợp lý.",4
19317967,sản phẩm quá tuyệt vời luôn lắm sop ơi.châm 10 điểm,5
19383768,Ok qá là ngon,5
19314825,Pin chưa Đã khắc phục được tình trạng pin,5
19393644,Đẹp. Nhưng cam hơi to,5
19165887,Cũng ổn nhưng giao sai màu.,4
17356319,"5* cho máy còn nguyên seal, hàng chính hãng VN/A, mới 100% như tiki cam kết, nhưng 1* cho thái độ bạn đi giao hàng, mình đặt tikinow, lúc giao bạn này tỏ vẻ rất khó chịu, nói chuyện cọc cằn, bạn hỏi sao địa chỉ mình xa vậy mà đặt chi vậy, nếu là người khác đi giao sẽ hủy đơn, tại bạn sẵn chuyến nên đi giao luôn, mình nói địa chỉ này tikinow hỗ trợ nên mình đặt thôi, trong khi đó mình đặt rất nhiều lần rồi, lần nào các bạn giao cũng vui vẻ, dễ chịu. Đề nghị bên Tiki check lại đơn của mình xem hôm đó ai là người đi giao và làm việc lại với bạn đó, nếu không khắc phục được tình trạng này mình sẽ không mua bên tiki nửa.",5
18794713,"Chất lượng sản phẩm của Shop rất tốt đẹp full box chính hãng nguyên seal rất tốt tuyệt vời, Shop đóng gói rất kỹ đẹp, thời gian giao hàng rất nhanh, em chân thành cảm ơn Shop và Anh Shipper rất nhiều ạ💖",5
18695745,"Tuyệt vời

Apple đã chính thức ra mắt bộ 3 siêu phẩm iPhone 11/Pro/Pro Max, trong đó iPhone 11 là phiên bản tiêu chuẩn dành cho số đông có mức giá rất dễ chịu. Chưa hết, đánh giá iPhone 11 cho thấy máy có thể hạ gục mọi đối thủ Android. 
1. Đánh giá nhanh thiết kế iPhone 11

Thiết kế iPhone 11 không khác nhiều so với các thông tin được rò rỉ trước đó. Và điều khiến tôi thất vọng nhất trong thiết kế là mặt trước. Apple vẫn trung thành với màn hình “tai thỏ”. Trong khi đó các dòng điện thoại cao cấp Android đã sử dụng màn hình notch, màn hình không viền vô cùng ấn tượng. Ngoài ra, một điểm trừ nữa trong thiết kế iPhone 11 là các cạnh viền vẫn còn rất dày tương tự iPhone XR",5
14487454,Hiện tôi đang bị màn hình có kẻ sọc và chuyển sang màu tối đen khi đi biển. Tôi không biết xử lý như thế nào? Trước đây dùng IPhone 8 tôi cũng mang xuống biển quay Clip có bọc túi chống nước không gặp tình trạng tương tự.,5
18244942,"Tiki giao hàng sp là ip rất tốt. Chế độ bảo mật cao đối với đơn hàng có giá trị, là khách hàng mình luôn yên tâm về hàng chuẩn chính hãng va không lo gặp hành giả như tiki đã cam kết.
Hàng giao nguyên đai, nguyên kiện và bảo mật cao khi đến tay KH.",5
14444430,"Mình mua sp trên tiki giá trị cao khá nhiều, nhưng đợt tết nghe mấy đv vận chuyển tráo hàng nên mình hơi sợ. Và để đảm bảo mình đến bưu cục để lấy luôn. Máy nhìn chung ok, apple đúng biết cắt cổ ko tặng cục sạc phải mua thêm. Đt mượn do đổi từ samsung qua thử nên dùng hơi chưa quen. Nhìn chung sp ổn giá tốt hơn shop ngoài thị trường, nhưng hơi lo về khâu vận chuyện do đối tác lưu kho lâu. Mn nên mua tiki now để được ship k nên mua tỉnh lẻ quá nhiều rủi ro.",4
7945210,"Cực kì không hài lòng về cách đóng hàng của Tiki với sản phẩm có giá trị lớn như iPhone. Đóng hàng cẩu thả, vận chuyển móp méo, biến dạng cạnh hộp iPhone. Nhân viên giao hàng cũng không đối soát khi giao đối với sản phẩm có giá trị lớn. Cực kì không hài lòng!!!",1
18012846,"Mua từ tháng 12/2020 đến nay là tháng 10/2022 là gần 2 năm mình quay lại viết đánh giá 5 sao thì các bạn đủ hiểu máy sử dụng ok đến mức nào, 2 năm vẫn lướt mượt mà, chưa gặp lỗi gì, pin hiện tại 82% nhưng vẫn sử dụng trọn 1 ngày đến tối mới phải sạc. Máy mát không nóng trừ lúc chơi game nặng.",5
13098615,"Máy còn nguyên hộp, chính hãng VNA .
Bảo hành đúng ngày kích hoạt máy
Tuy nhiên thời gian luân chuyển đơn hàng quá lâu ( mất hơn 1 tháng ). Trong khi bàn giao lại cho bên giao hàng chỉ mất 3 ngày thì đã nhận được máy . 
Máy giá trị cao mà chỉ quấn 1 lớp giấy bên trong ảnh hưởng hộp máy đã bị móp méo 1 góc .",4
15704733,"Chọn tikinow nên đc nhận trong ngày, đóng gói kỹ, Shipper mở cho kiểm ngoại quan tại chỗ vì đh giá trị cao, thấy đóng gói rất cẩn thận (phải chi bọc sách cũng đc dị 🥲), hộp nguyên seal, đủ pk. Đt mới, màu đẹp kích hoạt ngay ngày mua luôn, bảo hành cũng đúng 1 năm, dùng đc tầm 1 tuần thì thấy cũng ổn, trừ hết pin hơi nhanh, đc 1 ngày, à có để mở sáng màn hình không tắt không wifi cả ngày thì từ sáng tới chiều hao tầm 60~70%, cũng ok với đứa không coi phim chơi game nhiều như mình 🤣 không đòi hỏi nhiều nên nói chung khá ưng.",5
16881905,Hàng chuẩn chính hãng. Giao hàng nhanh. Nhận hàng sau khi đặt 1 ngày. Nguyên seal. Cảm ơn Tiki 😋🤔🤣😅🤩♥️🍻😄♥️👍🌿👍♥️🍷🐘🍷,5
11936972,Giao hàng cực nhanh một tiếng đã có hàng sản phẩm chính hãng sản xuất năm hai không 21 tem niêm phong của Teakey rất an tâm quá trình sử dụng ban đầu hơi khó khăn nhưng giờ đã ổn không có vấn đề gì. Tuy nhiên mình không rõ thời gian bảo hành hoặc thẻ bảo hành hoặc kích hoạt thời gian bảo hành như thế nào không được hướng dẫn.,5
10780964,"sản phẩm giống quảng cáo, giao hàng nhanh đúng hẹn, máy hoạt động tốt, không gặp vấn đề gì, nhưng lúc bóc seal xong phát hiện có một vết xước nhẹ trên tay thỏ gần loa thoại chưa biết lý do, nên cho 3 sao thôi nhé.",3
14190189,"Mình mua trả góp, Đã nhận hàng hôm 27/12/2021 nhưng quên đánh giá.Hàng giao đúng hẹn.đc kiểm hàng trước khi nhận.nhìn máy khá mướt.có 1 lỗi nhỏ xíu ở cạnh của máy nhưng vẫn chấp nhận đc.khởi động cài đặt máy có sẵn 89% pin sau đó có bị hao đi cũng nhanh chắc do quá trình cài đặt dẫn đến hao. Mình sd hnay là 5 ngày thì có bị tình trạng gọi *** bị mất tiếng trong lúc gọi nên khá lo mua fai hàng lỗi. Sau đó có vô đánh giá của bạn nào mua trước gặp fai lỗi nay nên có chỉnh lại âm lượng thì ok rồi.k bit mai co bi lai k.Mình mua đc sale 400k.sau 1 tuần thì giảm tiếp nên hơi bị tiếc😂.pin thì xài ít thì đc 2 ngày.xài nhiều thì 1 ngày.k bị nóng máy.hàng gói cẩn thận có tem của tiki trước khi khui hộp.kích hoạt bảo hành đã được bật trước 1 ngày.máy sx 2021. Lần đầu mua hàng điện tử trên mạng nhưng khá an tâm.hi vọng k gặp thêm lỗi gì trong qt sd.",5
11168639,"Giao hàng nhanh trong ngày
Lúc đầu gặp chút rắc rối về vấn đề mua điện thoại và giao hàng nhưng sau đó Tiki cũng hỗ trợ giúp mình giải quyết trong 7 ngày
Mua được đúng màu yêu thích, khởi động máy là kích hoạt bảo hành ngay
Adapter cũng mua ở Tiki, đọc comment thấy mấy bạn mua trước phàn nàn về nóng điện thoại khi dùng sạc nhanh, cũng hơi lo nhưng mua về sạc nhanh không nóng tí nào
Lần sau mua mong không gặp rắc rối như vầy nữa
Dù sao cũng cảm ơn Tiki nhiều",5
13896867,"Sản phẩm chính hãng apple mã hàng VN năm sản xuất 2021, kích hoạt bảo hành online khi máy kết nội mạng 
Máy đẹp long lanh , giá tốt so với các shop lớn mà chất lượng thì tương đương 
Phù hợp cho bạn nào tìm 1 chiếc máy thương hiệu apple, hiệu năng đỉnh, chụp hình đẹp , viên pin tốt , vẫn được apple hổ trợ trong tương lai mà giá thì rất phải chăng, đáng đồng tiền bạn cực khổ kiếm ra ^_^
Tiki giao hàng nhanh, cho phép đồng kiểm hàng khi nhận!",5
15306247,"5 sao cho Tiki Trading
1 sao cho đối tác vận chuyển JNT
Hàng giá trị cao, đã dán dễ vỡ mà để xẹp lép, không có ý thức bảo vệ hàng cho khách hàng!",3
12615040,"Hàng chính hãng VN/A new seal , web apple sẽ tự cập nhật thời gian bảo hành ( sau khi giao hàng ) và tiki gửi hoá đơn điện tử. Tiki giao cỡ chưa tới 1 tuần trong khi dự kiến 2 tuần. Màu xinh. Pin xài bth. Xài esim nhưng chơi game vẫn nóng máy. Ip 11 tím cũng xinh xắn nữa. Giá lại rẻ hơn bên ngoài nhiều.",5
16012840,"Giao nhanh, an tâm khi nhận hàng. Đóng gói thì như cái đống chà nhìn mắc cười quá.....điện thoại cả hơn 10tr chứ ít gì vẫn *****",5
15049644,"Vì mình chọn Tiki now nên sau 3 tiếng đặt là mình nhận đc hàng rồi. Được kiểm tra với shipper coi còn seal không. Máy mới 100% nhé, mã VNA, khui ra còn seal trong với ngoài luôn. Lúc mới giao thì hộp có băng keo niêm phong của Tiki nữa. Mở máy lên thì có 80% pin sẵn, trong hộp chỉ có dây sạc và giấy hdsd của Apple. Với cả mình săn sale nên đc giá rẻ so với ở ngoài bán gần cả triệu, ncl ưng từ A-Z. Fl lâu lắm rồi mới dám mua vì hàng nhiều tiền nên khi đặt qua mạng cũng hơi rén. Nhưng kcg bất trắc hết,  Tiki số 1 🥰 Hssv xài dòng 11 này là ổn áp rồi hehe",5
15106422,"Bưu tá tikinow giao nhanh thì nhanh thật sự, 40 phút đã tới giao, nhưng mà hay là do mình trả tiền trước nên bưu tá hơi mất lịch sự, kiểu nhanh nhanh chóng chóng không cho kiểm hàng luôn ấy, bỏ nhiều tiền sợ lắm chứ tiki, không kịp làm gì đã hoàn thành luôn đơn rồi :( may là máy mọc mọi thứ ổn cả, để test thêm ạ",4
14997690,"* Sản phẩm rất xinh đẹp tuyệt vời, tôi không thể trông đợi gì hơn. Cảm ơn nhà cung cấp, nhà sản xuất, cảm ơn người bán hàng, cảm ơn sàn thương mại điện tử, cảm ơn người vận chuyển để tôi có cơ hội dùng sản phẩm tốt như thế này. 
* Hàng đóng gói rất đẹp. Quả nhiên người bán đã gửi gắm rất nhiều tâm tư và tình cảm trong lúc gói hàng. Hộp không có dấu hiệu bị móp, chứng tỏ bộ phận vận chuyển đã nâng như nâng trứng, hứng như hứng hoa. Xin nghiêng mình cảm ơn vì tất cả. 
* Thời gian vận chuyển rất hợp lí. Tôi đã đặt hàng với tâm thế hào hứng chờ đợi để được trải nghiệm sản phẩm và tôi không hề bị chờ mỏi cổ. Có thể thấy bên vận chuyển không quản ngại thời tiết và đường xá xa xôi để đưa sản phẩm cho tôi trong thời gian ngắn nhất.",5
3615387,"Sản phẩm đúng mới nguyên seal, chưa active, mình nhận ngày hôm nay dùng rất hài lòng. 
Tuy nhiên mình có ý kiến là tiki gói hàng hơi mong manh dễ vỡ quá, hàng giá trị cao mà ko có nylon bong bóng chống sốc gì cả. một góc hộp bị cấn đùn, may sao máy còn nguyên.",4
11175030,"Giao hàng đủ. Dịch vụ tốt. Tôi đau đớn tôi gục ngã nhưng tất cả hàng đều đủ không sao cả #unmeishop #mevabeaiko #mevabeunmei #unmei #babyshop #mom&baby #unmei.com.vn #unmeishop

#mevabe",4
18681723,"Hết xẩy nha anh chị em! Camera đẹp, màn hình siêu đẹp, cầm gọn không nặng tay, màu trắng cũng đẹp cực! Tiki giao nhanh hết hồn, giao hàng giá trị có mã OTP nhận rất yên tâm, hộp cũng có chống sốc đầy đủ. Nói chung mua Tiki rất sướng!",5
16206956,"Giao rất nhanh trong sáng là đã nhận được. Hàng rất đẹp, màu xanh trầm nhìn đẹp lắm. Hàng nguyên seal luôn, máy ngoại hình nhìn qua thấy ổn, đẹp. Xài tầm vài ngày nữa mới biết nhưng ban đầu thấy ok rồi đó. Tiki đóng gói rất cẩn thận. Mình thấy rất hài lòng",5
19380980,"Điện thoại đẹp, chắc chắn, có tem của tiki để kiểm tra đề phòng hàng bị đánh tráo, mọi người nên quay video khi khui hàng để đảm bảo lợi ích nếu có vấn đề xảy ra. các tính năng khác của điện thoại mình k chuyên k đánh giá được, trừ điểm đơn vị giao hàng, giao hàng chậm trễ, trung chuyển nhiều, hàng giá trị cao, dễ vỡ nên mình lo lắng nhiều",5
19491821,"Giáo hàng đúng hẹn, có gửi tin nhắn OTP trước khi giao hàng, đóng gói cẩn thận, hàng mới đẹp, nhân viên giao hàng thân thiện, cám ơn shop, cám ơn Tiki",5
16337146,"Đóng gói chắc chắn có bọc lớp giấy bìa ở ngoài và 1 lớp giấy bóng nilong ngoài hộp, sản phẩm mới đẹp giá rẻ hơn 1tr so với mua ở cells hoặc mấy chỗ khác, giao nhanh, bảo mật khi giao hàng khi gửi mã về cho khách hàng",5
14370040,"Tiki có hệ thống vận chuyển, shipper riêng nên khi đặt hành điện tử giá trị cao rất yên tâm. Không lo tráo hàng, nhận hàng phải có otp. Đặt hành lúc 22h khuya, hôm sau sáng 9h30 đã nhận được. Gói băng keo kỹ, sp được niêm phong thêm bằng keo của tiki, nếu đã bị gỡ là biết ngay. Nguyên seal, phụ kiện, bảo hành đầy đủ. Màu hồng trên thị trường hiếm với mắc hơn các màu còn lại tầm 1-2tr nhưng trên tiki same same nhau. Đã v trả góp không tốn đồng phí nào. Màu hồng siêu cưng luôn á mng, dùng được 2 tuần rồi, check máy chính hãng bảo hành đầy đủ nhe.",5
16534107,"Điện thoại đẹp, màu sang lắm luôn. Tiki bảo mật khi mua hàng tốt và vận chuyển rất ổn. Mình có check cover dt chưa active và bắt đầu kích hoạt bảo hành ngay khi mình active máy. Chất lượng oke. 10 điểm cho Tiki ♥️",5
16809488,"Về chất lượng máy thì chưa sử dụng nên chưa biết ntn.
Nhưng khi nhận máy thì ối dồi ôi:)) máy hơn 20 củ mà tiki đóng gói chán quá cơ. Hộp thì to lắc lắc lắc bên trong có tý giấy vụn thôi. Mở ra thì hộp máy bị móp. Mình có cả video mà ko đăng được.
Nhưng mở máy ra thì okie ko có viết xước cũng như tem còn nguyên.
Trừ 1 sao phần vận chuyển",4
15307814,"Tiki giao hàng trước dự kiến, tuy nhiên đóng gói hàng không tốt đối với sản phẩm đắt tiền. Chỉ có 2 miếng giấy lót trên dưới rất ẩu, mà không có xốp cố định sản phẩm để tránh va đập. Nilon bọc ngoài điện thoại cũng không phải là loại nilon hạn chế va đập, bọc vô cùng sơ sài. Nói chung khá thất vọng về cách đóng gói sản phẩm có giá trị như vậy của Tiki.",3
18446264,"- đóng gói cẩn thận
- hàng nguyên seal, chính hãng.
đã mua nhiều thiết bị điện tử trên tiki với địa chỉ nhận hàng HCM, HN, Nghệ An, Hải Phòng, Đồng Nai
 và đều rất hài lòng",5
13770684,"Tiki giao nhanh thần tốc luôn ạ, mình đặt 10h30 đến 13h kém 10 giao rồi, trước khi tài xế đến Tiki sẽ gửi đến điện thoại bạn mã OTP, đọc đúng mới nhận hàng được, mình đợi 0H 12/12 để săn mã 1tr2 nhưng app Tiki lag quá đành đợi sáng 10H sáng back lại mã, nhưng vào không thấy mã đâu cả :))) thế là mình mua 13 256G giá 23990 áp được mã giảm 400k và trong vòng 45 ngày được hoàn vào thẻ Sacombank Tiki 3tr nữa! Lần đầu mua đồ giá trị cao trên Tiki cũng lo nhưng may mắn mình có trải nghiệm khá ok! Mong Tiki khắc phục tình trạng quá tải khi đến giờ sale ^^",5
18410017,"Điện thoại đẹp lắm nha mn, cầm thích lắm. Đặc biệt màu xanh lá hợp với các bạn mạng mộc và mạng kim nha. Cầm chắc tay và cảm giác đập hộp rất ư là vui nhé mọi người. Còn có mã Cod  nhận hàng, rất chuyên nghiệp",5
14393776,"Tiki giao siêu tốc rất nhanh. Đặt lúc 9h thì tầm 11h nhận được hàng. Mã chuẩn VN/A
Giá gốc 22,250k thêm voucher moca 1tr5 và shopback hoàn thêm 620k thì mình mua với giá tầm 20tr2 khá hời so với ở store. Đt mượn, pin lâu hết",5
17407563,"mua 1 chiếc điện thoại yêu thích nhưng nó bị lỗi sơn, nhận hàng vào buổi chiều ngày 10, cảm giác ban đầu rất vui rất thích vậy mà tới tối ngày 7 thì phát hiện dưới camera nó 1 đốm trắng nhỏ như chân kim thế mà tưởng bụi sáng vệ sinh lại thì nó lan ra như trốc sơn, thì ra ngày 8 mất rồi, báo lại Tiki thì đại diện kỹ thuật Tiki hướng ra TTBH Apple kiểm tra mà cũng không check lại ngoại quang kỹ thuật có nhận check lỗi hay ko hoặc xin hình ảnh sản phẩm, vậy đó mà cũng nghe lời chạy ra TTBH xong không 1 ai dám nhận kiểm tra vì ngoại quang không thuộc bảo hành, nhưng được cái là kỹ thuật tại đây nhìn thì có chia sẻ khó có thể do người dùng vì nếu làm trầy thì trầy luôn camera rồi, kêu mang về chổ mua để được hỗ trợ, thế là mình báo lại psc xong cũng có bạn gọi lại tư vấn là phần này bên TTBH họ không nhận đâu anh, quay lại cái bạn ban đầu kêu mang ra kiểm tra thì lại mâu thuẩn, rồi giờ không hỗ trợ đổi sản phẩm với lý do quá thời hạn, thật sự buồn vì 1 trãi nghiệm mua sắm.",1
12984146,"Tiki giao hàng nhanh. Sản phẩm chính hãng vn/a. Giá tốt, có thêm chương trình giảm nhờ mua hàng qua thẻ tín dụng. Iphone 13 tốc độ nhanh, camera chụp đẹp, lựa chọn phù hợp túi tiền, đầy đủ công nghệ mới. Xứng đáng nâng cấp nếu đang dùng bản iPhone X hoặc cũ hơn.",5
13992072,"Hàng mua bị lỗi Reset counter và panic full sau 3 ngày dùng. Gọi lên tiki để đổi trả thì bị bên GHN không chấp nhận thu hồi hàng, tiki làm việc lại với bên GHN 7 ngày thì cũng chả được rồi phải làm khách hàng đợi thêm 7 ngày nữa để làm việc lại với bên vận chuyển khác.
Tới lúc thu hồi được hàng thì báo đổi mới nhưng do hết hàng nên muốn hoàn tiền cho mình nhưng mình không chịu, nhưng trong khi mình lên tiki xem thì thấy vẫn còn hàng??? Rồi phải gọi lần nữa thì mới chịu đổi cho cái mới. Chung quy lại hậu mãi tiki quá thất vọng, chỉ vì lỗ hổng bộ phận mà làm ảnh hưởng khách hàng quá nhiều và cũng chẳng có hướng xử lý nào cụ thể cả. Như kiểu kh muốn đổi cho KH vậy.
Quá thất vọng!",1
18302564,Ban đầu định mua ở mấy cửa hàng điện máy cho yên tâm rồi nhưng vẫn ưu tiên mua trên Tiki hơn mặc dù các sàn TMĐT khác giá có tốt hơn Tiki. Lúc mua về có hơi trục trặc về dây sạc do mình không biết khác đầu sạc tưởng hỏng :)). Các bạn cskh hỗ trợ khá nhiệt tình để mình liên hệ với bên hãng. Mua quà Tiki được hoàn tiền qua thẻ tín dụng nữa nên lần sau vẫn ưu tiên mua hàng qua đây.,5
16717690,"iPhone 13. Hệ thống camera kép tiên tiến nhất từng có trên iPhone. Chip A15 Bionic thần tốc. Bước nhảy vọt về thời lượng pin. Thiết kế bền bỉ. Mạng 5G siêu nhanh (1). Cùng với màn hình Super Retina XDR sáng hơn.

Tính năng nổi bật
•	Màn hình Super Retina XDR 6.1 inch (2)
•	Chế độ Điện Ảnh làm tăng thêm độ sâu trường ảnh nông và tự động thay đổi tiêu cự trong video
•	Hệ thống camera kép tiên tiến với camera Wide và Ultra Wide 12MP; Phong Cách Nhiếp Ảnh, HDR thông minh thế hệ 4, chế độ Ban Đêm, khả năng quay video",5
13929407,"Hàng không còn nguyên seal bộc ni lông. Là như thế nào vậy, giải thích hộ vì không chat cho tikitrading được. 
Vô cùng khó chịu với cách giao hàng, Đối tác Best Express nguyên 1 đống hàng dễ vỡ ngỗn ngang trong thùng và nhân viên đi giao còn không biết mình được đi giao hàng giá trị lớn và bối rối khi biết có Ip13 trong thùng hàng. 
Giao hàng trễ 2 ngày. 

Thất vọng về Tiki, từ đợt 11.11 thì giao hàng trễ 1 tháng. Tạm biệt Tiki",1
13548031,"Màu hồng khá hiếm trên thị trường nên mình quyết định đặt Tiki. Mình đặt giá 24tr490 giảm Moca 1tr5 và dc hoàn tiền Shopback 3%(~690k) nên giá mua em nó khoảng 22tr3 (Giá cũng khá mềm trên thị trường đối với màu Pink). Check emei web apple thi cung ok. Giao hàng tầm 6 ngày, do mình đặt ở HCM giao từ HN. Nói chung khá hài lòng.",5
17487412,"Điện thoại đẹp, sang, xịn mịn, màu rất đẹp. Mình có tham khảo giá bán của một số nơi khác nhưng Tiki vẫn rẻ hơn. Mua từ tiki trading thì còn gì yên tâm bằng. Giao nhận nhanh và rất cẩn thận xác minh số code nhận hàng.",5
13465109,"Săn sale black friday nên mua được giá hợp lý, Tiki now nên ship rất nhanh, tầm 1 giờ hơn là nhận được sản phẩm…vì mua sản phẩm online có giá trị tiền cao nên cũng hơi lo nhưng Tiki bảo mật trong khâu vận chuyển khá tốt. Còn sản phẩm đang dùng nên chưa có đánh giá được, nói chung hiện tại dùng ổn…hàng chính hãng.",3
19216564,"Đóng gói ổn đẹp, ship riêng đồng kiểm phải có mã otp mới nhận được. iOS 16.4 lun 🤓",5
12923699,Sau 2 lần mua iphone trên Tiki thì thực sự mình cảm thấy quá yên tâm. Chỉ có thể nói là tuyệt vời! Sử dụng máy sau 5 ngày mọi thứ đều hoàn hảo. Cảm ơn Tiki!,5
13559214,"Máy đẹp. Ổn trong tầm giá. Pin khá lâu. Máy hơi chậm, màn không mịn. Cũng khó yc cao hơn với giá 3,86tr. Máy đã kích hoạt bảo hành 10/11/2021. Có lẽ là hàng tồn đợt km 11/11. Mình đặt mua 26/11. Vẫn nguyên seal, zin, chưa thấy lỗi lầm gì.",5
15404742,"Hàng chuẩn mới nguyên seal, đã kích hoạt bảo hành trước khoảng 10 ngày. Máy gọn nhẹ, màn không quá nét, chậm nhưng đủ dùng lướt web, xem phim, pin không quá trâu, nhìn chung ngon trong tầm giá!!!
Tiki giao cực nhanh, đóng gói cẩn thận, 5 sao.",5
19026003,"Sau khi khởi động thì máy rất giật lag, ngay cả khi chưa bật ứng dụng và chưa tải gì vẫn đứng máy liên tục, mình có xoá tất cả và khởi động lại cũng như cũ. Cảm ứng trễ kinh lắm",2
19069023,"Máy đập hộp chưa bóc tem, xài mới thì ok. Ko biết về sau chưa biết được.",5
14168672,"* Sản phẩm rất xinh đẹp tuyệt vời, tôi không thể trông đợi gì hơn. Cảm ơn nhà cung cấp, nhà sản xuất, cảm ơn người bán hàng, cảm ơn sàn thương mại điện tử, cảm ơn người vận chuyển để tôi có cơ hội dùng sản phẩm tốt như thế này.

* Hàng đóng gói rất đẹp. Quả nhiên người bán đã gửi gắm rất nhiều tâm tư và tình cảm trong lúc gói hàng. Hộp không có dấu hiệu bị móp, chứng tỏ bộ phận vận chuyển đã nâng như nâng trứng, hứng như hứng hoa. Xin nghiêng mình cảm ơn vì tất cả.

* Thời gian vận chuyển rất hợp lí. Tôi đã đặt hàng với tâm thế hào hứng chờ đợi để được trải nghiệm sản phẩm và tôi không hề bị chờ mỏi cổ. Có thể thấy bên vận chuyển không quản ngại thời tiết và đường xá xa xôi để đưa sản phẩm cho tôi trong thời gian ngắn nhất.",5
14311354,"Vừa mới nhận được trưa nay ta nói nó ưng cái bụng gì đâu á, lần đầu đặt hàng trên app với giá trị lớn nhưng cũng may là nhận được hàng chất lượng thật sự",5
18061878,"Máy đúng mô tả, còn nguyên seal, bảo hành đến tháng 10/23. Shop phản hồi nhanh chóng, nhiệt tình. Hài lòng với sản phẩm",5
19280579,"Máy đẹp, tuy nhiên nhận được củ sạch 7,5 w thay vì 15 w như giới thiệu. Xin được đổi củ sạc",4
19437655,Quảng cáo là xuất xứ Việt Nam và mà giao hàng  xuất xứ Trung Quốc,1
13217063,"Giao hàng nhanh, sp nguyên seal cảm giác được bóc tem rất đã kkk.

Vì là bản Lite nên xài với mục đích lướt web/coi Youtube thì khá ổn, chơi game thì hơi lag vì cấu hình ko mạnh. Giá ok trong tầm phân khúc trung.",5
12946086,"Tôi giận Samsung ghê gớm. Để hết hàng mãi ko có hàng về nên hnay tôi phải mua với giá cao hơn cả giá niêm yết mà lại không kèm bao da. Sau đó tôi phải mua bao da của chính nó ở shop khác với giá cắt cổ. Tổng cộng tôi mua chênh hơn cả 1.2 triệu đồng. (Hãng bán 3.890K tặng bao da, tôi mua 2 món đó hết 5.090K)",5
11118417,"Sản phẩm còn nguyên tem, mới hoàn toàn nhưng shop bảo đã kích hoạt bảo hành (chắc để lấy doanh số). Em này cảm nhận ban đầu là đẹp, tốc độ xử lý các tác vụ bình thường khá mượt.",5
18933242,"Máy mới kích hoạt điện tử 1 tuần, hàng nguyên seal bóc tem rất phê, máy dùng rất mượt. Dự kiến thứ 4 mới nhận được hàng mà thứ 2 đã nhận được. Thanks shop",5
19276737,Đóng gói cẩn thận. Chưa test chưa sử dụng chưa đánh giá được chất lượng,4
14216684,"hàng còn nguyên sel, máy dùng cũng nhạy. thích lắm. máy đẹp dùng lâu cũng k thấy bị nóng máy. giá thành vừa túi tiền. mua máy về chỉ để xem phim thôi ạ. chiếc máy đáng đồng tiền bát gạo",5
19534851,"Củ sạc có 7,8 W. Mà shop đăng 15w là sao vậy shop",5
19017681,"Mua để dùng lướt web thôi thì ổn, nhưng hệ điều hành khá chậm, máy nhanh nóng. Nói chung máy cũng ok, xứng với giá tiền",5
16891326,"sản phẩm ban đầu nhìn khá là ok, đóng gói cẩn thận! giao hàng nhanh 2 ngày đã nhận đc hàng!!!!?!! .....đg bắt đầu trải nghiệm, chắc ổn!",5
16072168,"Bề ngoài thiết kế bằng kim loại nhìn sang trọng, máy cấu hình ok khi sử dụng  cơ bản xem youtube và đọc báo ko nên tập trung vào game dễ gây nóng máy",5
18188031,Máy đẹp giao hàng sớm dong hàng cẩn thận. Mua về cho con xài tốt,5
14684025,"mình nhận máy rồi, test thử chạy thấy mượt nhưng tiếc là không có tặng kèm bao da",5
14301495,Tuyệt vời,5
18963539,Độ phân giải rất sắc nét. Pin lâu hết. Hàng mới đẹp.,5
19460838,sản phẩm đúng như hình,5
19444486,"Màu xanh trẻ trung nhã nhặn. Camera chụp đẹp, xử lý mượt mà. 
Tiki rất uy tin về các mặt hàng điện tử . Cảm thấy rất an tâm & hài lòng.",5
18915614,Giao nhanh. Nguyên seal. Máy đẹp,5
16230981,"hàng đẹp chính hãng, màu xanh đẹp nhé mọi người, sau khi sử dụng mình đánh giá về chụp ảnh đẹp rõ, pin tốt, bộ nhớ nhiều nên thích, gói hàng kỹ, tiki giao hàng cực nhanh, thanks tiki,  chỉ có hiện tại cục sạc ko có, khi mua phải tốn thêm tiền mua cục sạc nữa nhé",5
15933593,"Sáng đặt buổi trưa đã nhận được. Máy rất đẹp, cảm ơn tiki đã tài trợ vc10tr",5
19372143,"Sản phẩm giống mô tả , ko bị móp méo vỡ khi vận chuyển , nhưng đóng gói hơi xơ sài, điện thoại pin 5000 nhưng tụt pin nhanh",5
16182685,"hàng ok, giá tốt so với thị trường A53 giá 7.990, hàng còn tem, không có cũ sạc, giao hàng nhanh đóng gói cẩn thận,bqor hành chính hãng samsung.",5
16626081,"Hàng nhận đúng sản phẩm, đóng gói đẹp, sản phẩm nguyên seal, giao hàng nhanh
Về chất lượng thì dùng 1 thời gian mới đánh giá được. Nhìn chung ok vote shop 5*
Hình ảnh chỉ mang tính chất minh họa",5
16090648,"Sau 5 ngày thử sp rất ok, chụp hình cực đẹp, mới 100%, khởi động máy mới kích hoạt bảo hành, máy còn lớp bọc viền khi khui. Cho quay phim khi khui 3 ngày đổi trả nếu hư hỏng. Hiện tại rất hài lòng!",5
15973445,"Hàng nguyên seal. Đẹp, giá rẻ, giao nhanh",5
16997087,"Điện thoại nguyên seal, rất đẹp. Mua của tiki trading lúc nào cũng được giá tốt. Mình hài lòng với sản phẩm này. Chấm 5 sao.",5
16442317,"mọi thứ từ lúc nhận hàng đến lúc đập hộp đều ổn, đúng như quảng cáo tiếc là ko có củ sạc",5
16458134,"Chính hãng, giao hàng nhanh",5
18213405,Hàng nguyên seal chưa kích hoạt. Samsung tự gửi tin nhắn bảo hành chính hãng 1 năm. Chụp ảnh đẹp. Ko chơi game nên ko đánh giá.,5
18503560,"Cũng được, có giây cap, không có cục sạc. Sạc và tai nghe chung 1 cổng",4
16149815,"giao hàng nhanh, đóng gói kỹ, còn điện thoại  thì phải dùng thời gian mới bít, cơ mà hàng sam chính hãng thì ko lo lắm",5
18639243,Đóng gói cẩn thận . Hàng chính hãng rất tốt,5
18190757,Máy đẹp. Xài đa nhiệm thì hơi giật nhưng chung quy là tốt.,5
18163690,"Giá tốt nhất vào thời điểm này,
Hàng chuẩn hãng,
Giao hàng nhanh chóng, thuận tiện.",5
16055147,"Giao hàng nhanh, đóng gói cẩn thận, hàng nguyên seal",5
18170305,"Máy mới, nguyên seal, giao nhanh, giá rẻ hơn TGDD nhiều, mình mua giá 7.890.000",5
18014783,"Camera ko tốt lắm, chip tạm ổn, màn hình đẹp, vân tay nhạy, cầm khá ok",5
17104028,"Sạc nhanh bị nóng máy, kể cả dùng wifi 5G cũng làm nóng máy luôn, nhưng pin khỏe xuống chậm.",4
19047541,"Điện thoại dùng hao pin, máy rất nóng dù ko dùng nhiều rất thất vọng",3
17383912,rất thích android nên Samsung vẫn là chân ái của tui. dễ sử dụng lại giá cả hợp lí,5
19419786,Tốt đi nhanh giá cũng hợp lý,5
19483388,"Rất hài lòng luôn, để sử dụng một thời gian nếu tốt sẽ đánh giá tiếp",5
19441486,"Hàng nhận ok, đang xài ổn định, hi vọng xài lâu bền, sẽ ủng hộ thêm",5
19521211,"Giao hàng nhanh, đonngs gói cẩn thận, đẹp và chất lượng",5
19502755,Hàng đúng Viêt Nam sane xuất rất tuyệt.,5
19427554,"Sp dùng ok, mỗi là ko có sặc",4
19225914,"Shop bán hàng giá tốt. Đóng gói cẩn thận. Giao hàng rất nhanh, hơn so với dự kiến 2 ngày.",5
17329108,Tiki giao hàng nhanh. máy bóc hộp đẹp. đóng gói cẩn thận. mới xài thấy ok. mua hàng tiki nhiều rồi thấy đều ok. đánh giá 5sao.,5
18729292,Tư vấn rất nhiệt tình check chính hãng ngày kích hoạt shop cũng đã nói trc rồi nguyên hộp bóc tem rất đã sẽ tiếp tục ủng hộ shop giao hàng cũng rất nhanh,5
16900351,"hàng chất lượng, còn nguyên tem, giá mềm hơn thị trường, giao hàng đúng hẹn. cảm ơn shop.",5
19296145,Máy còn nguyên trong hộp. Hàng chính hãng. Shop bán giá mềm hơn ở những nơi khác. Nhờ đọc review thấy đáng giá tốt nên đã chọn mua. Kết quả rất hài lòng,5
18080662,"Giao hàng rất nhanh, hàng mới nguyên seal, máy đẹp giống mô tả, có mở khoá bằng khuôn mặt luôn. Shop bán hàng rất uy tín nhé.",5
18728646,"Máy hoạt động mượt mà chất lượng ^^
Đóng gói kỹ càng",5
18459814,"Máy thì bình thường thôi và theo thông số của nhà sản xuất đưa ra và hàng còn nguyên seal. 
Ở đây đánh giá shop thôi. Đóng gói cẩn thận, đến nỗi mất khá nhiều thời gian để mở lấy ra được. Vote 5 sao",5
18994880,Máy như hình . Khá đẹp nhé shop,5
18244110,"Shop giao đúng hàng, còn nguyên seal. Đóng gói hàng kỹ,",5
19494573,"Giao hang nhanh, dong goi can than, hop con nguyen niem phong, chua su dung nen chua biet the nao, noi chung cam giac rat hai long, danh gia cho shop 5 sao!",5
19478526,"Hài lòng về sản phẩm này của shop, đóng gói cẩn thận, thông tin về sản phẩm được cung cấp chi tiết, rõ ràng...",5
17205468,Hàng chắc chắn,5
18943952,"Sản phẩm khá tốt, tuy chạy không mượt lắm nhưng cũng ổn. Đóng gói cực kì cẩn thận luôn.",5
15891564,sản phẩm ok.,5
18891725,"Máy tính bảng dùng ổn, rẻ, phù hợp nhu cầu tương tác dạy học, nhà bán hàng nhiệt tình, hỗ trợ khách hàng nhanh chóng.",5
18278183,"Khi hỏi shop nói máy chưa kích hoạt Bảo hành, khi nhận về thì máy đá kích hoạt bảo hành được 2 tháng.",1
19324933,"Chất lượng tốt, giá hợp lý, nên mua. Phù hợp cho người lớn tuổi, không chơi games..",5
16600942,"Giao đúng hàng, quà tặng đầy đủ. Nhưng thời gian giao chậm",4
17409607,"Sản phẩm nguyên seal , giá hợp lý trong phân khúc. Đóng gói cẩn thận. Phản hồi nhanh khi có thắc mắc về sản phẩm. Sẽ tiếp tục ủng hộ shop",5
19422882,"Máy đẹp, nguyên hộp, tem hãng nguyên vẹn, Máy dùng mượt...5 sao",5
17757154,"Hàng nguyên seal, máy ổn trong tầm giá. Shop nhiệt tình. Nhìn chung ổn, nên mua nhé mọi người",5
19281745,"giá bình dân, máy dùng tốt đến thời điểm này",5
19390529,"Sản phẩm chính hãng samsung, nguyên đai, nguyên kiện, đóng gói cẩn thận.",5
19447588,"Tổng thể như miêu tả , nguyên siu - chưa kích bảo hành . 
5* cho chất lượng
Hy vọng phát huy tiếp sự uy tín để mang đến cho người dùng online những sản phẩm đủ tiêu chí "" Ngon - Bổ - Rẻ """,5
19490790,"Giao hàng nhanh, sản phẩm chưa khui seal. Đã kích hoạt bảo hành nửa tháng. Chấp nhận được.",5
19420546,giao nhanh moi co mot ngay may xai muot mua ve xai xe cua chung voi zlip 4,5
19337399,"Giao hàng nhanh, sản phẩm tốt, đóng gói cẩn thận.",5
19161089,gghhjj,5
17798159,"Đơn hàng hơn 4 trieu mà shop đóng gói sơ sài , không lót mút chống sốc, hàng điện tử dễ vỡ! Mong Tiki để ý khâu đóng gói nhé! Tôi có gửi kèm hình ảnh hộp hàng khi tôi nhận dc từ shipper",3
17168736,"Máy mới. Đóng gói ok. Nhưng theo mình nên dán thêm cảnh báo ""hàng dễ vỡ"" vì mình hay nhờ shipper quăng hàng vào nhà. Không dán làm shipper không chú ý mà quăng quật có gì lại phiền thêm.",5
17329319,"Giao hàng đúng lịch hẹn, đúng sản phẩm.
Sản phẩm cầm nhẹ tay, phù hợp thay thế các cuốn sách dày, nhưng nằm đọc thì cầm lâu có hơi mỏi.
Dễ bám vân tay nên mình nghĩ cần mua nguyên bộ dán màn hình vs cover luôn.",5
18483347,Máy tốt. Mua tiki trading nên cũng an tâm. Giao hàng nhanh. Thấy nhận xét trên mạng kêu máy to 6inch là được rồi nhưng thực tế máy 6.8 nhưng gọn. Mang đi đâu đó không khó khăn. Có đèn vàng nên đọc tối rất ổn. Đáng mua,5
18375212,Hàng tốt chất lượng. Giao nhanh và chắc chắn. Xài đc hơn tuần rồi và không thấy có vấn đề gì,5
18820440,"Kindle hàng mới, đẹp, đọc sách rất là ưng. Tiki giao hàng ok, ship nhanh đúng hẹn, còn có OTP để nhận hàng giá trị",5
18588192,Excellent product even though it’s the version with ads.,5
19375815,"Lúc bật máy lên thì thấy Hello allan, chứ ko phải tạo tài khoản mới. Mình nghi ngờ máy này đã được sử dụng",1
19013458,"Hàng chính hãng, máy mới tinh, pin dùng khá lâu. Khá là đáng tiền. Mua lúc còn 3tr5 giá cũng khá ổn",5
19109384,"Máy tốt, hàng chính hãng. Phù hợp cho người thích đọc sách và cần một công cụ nhỏ gọn, linh hoạt",5
16581951,"Giao hàng nhanh chóng, hàng nguyên hộp nguyên seal. Đây là bản có quảng cáo nhé, tuy nhiên cũng sẽ gỡ rất dễ dàng nếu muốn. Cảm ơn",5
19535787,Dùng rất thích. Rất đáng mua,5
19258267,"Máy đẹp, chất lượng tốt, hàng chính hãng",5
18537467,Cực kỳ hài lòng luôn. Đây là sản phẩm đáng tiền nhất năm nay mình mua….,5
17048987,"Máy mới nhất nên k có gì để chê, có thể điều chỉnh warmth, thích cổng sạc type C và tính năng tiết kiệm pin",5
18937868,"Hàng mới, hài lòng.",5
18428980,"TIKI mãi đỉnh, khách hàng thường xuyên của TIKI thu thập mã giảm giá thì giá sẽ tốt hơn.
Hàng mới 100%.",5
18524226,"Giao hàng nhanh, hàng nguyên hộp. Sản phẩm ko có gì để chê, nếu có tải sách miễn phí thì tốt hehe",5
18951825,Vừa hết bảo hành sọc màn. Dùng từ tháng 10,1
17556498,"Máy đẹp. Hài lòng vói chất lượng, mà ko có hướng dẫn sd nên hơi loay hoai cho ng mới",5
18060755,"Giao hàng nhanh, hộp bị móp
Wpp5 nhìn rất đã mắt, cầm nhẹ nhàng",5
18798359,Ngon,5
16940358,"Giao hàng nhanh sớm hơn giờ dự kiến , máy xài tốt brand new giá tốt đúng chất lượng",5
19429343,Máy hết pin phải kích sạc lại từ đầu có lẽ do tồn kho quá lâu. Mọi thứ đều ổn so với giá. Mn nên mua cho người già và học sinh với cấu hình giới hạn. Tiki thì luôn😁😋🤣🥰bán hàng chuẩn hơn.,5
19464319,"Máy đẹp, chụp ảnh ok,  màn hình cực lớn, pin 6000mA nên dt hơi nặng, thương hiệu Nokia thì uy tín",5
19471558,"Hiện tại máy đt Nokia đang có hiện tượng treo máy. Ko thể restart đc, shop liên hệ 0936765599 nhé. Tks",3
16697982,"máy full box. dùng cũng được, pin trâu 🐃 tầm giá cũng ổn áp",5
19432576,Ok,5
16417071,"Đã nhận nhưng thiếu miếng dán màn hình, đt rất ưng ý,cảm ơn shop, nhân viên giao hàng rất nhiệt tình.",5
18152669,"Giao hàng nhanh, đóng gói kĩ",5
13950019,"Sản phẩm giao nhanh, chất lượng ổn như mong đợi, chỉ có điều miếng dán màn hình theo máy dán rất ẩu bị lệch hẳn sang 1 bên 🥲",5
16699940,điện thoại rẻ trong tầm tiền. nên khởi động quá chậm. nói chung là tiền nào của nấy.,4
16337549,"hàng làm máy phụ ổn, xài app tốt *chơi game kém",5
16551457,"sản pham giong mo ta, de su dung, giao hàng nhanh",5
16567844,"Màng hình to, đóng gói chắc chắn, mà giao hàng hơi lâu chút!",5
17516206,Điện thoại tốt nhất trong tầm giá...,5
16439794,"Giao hàng nhanh, đóng gói cẩn thận, đt tốt. Cảm ơn nhiều!",5
16553869,Ok chắc đẹp,5
17321714,"sản phẩm tốt, giá phải chăng",5
16893969,Cực kì hài lòng,5
17958526,"Hôm qua rất may mắn mình đã đặt được màu yêu thích và add mã giảm mua được giá khá là rẻ so với thị trường. Hôm qua lúc mình mua là gần 1h sáng vì nghĩ chắc hết suất giao sớm rồi và hoàn thành đơn Tiki hẹn 21-10 trả máy... Nhưng điều bất ngờ xảy ra, hôm nay Tiki giao cho mình luôn, quá tuyệt vời, anh shipper rất nhiệt tình chờ vì mình không biết đơn giao. Đã 3 lần săn deal trên Tiki, ip11 promax , ip13 và giờ ip14 pro. Rất tin tưởng, TiKi mãi đỉnh...., sẽ luôn ủng hộ Tiki. Cảm ơn",5
17962848,"Giao cực nhanh. Vừa lên hàng mình đặt luôn chưa đầy 1 phút thì hết nên ông nào nhanh tay thì được thật. Nhận máy vào ngày mở bán cảm giác thích hẳn. Ở nhà chờ shipper đến ko phải thức đêm hay chạy đi nhận máy. Seal tự bóc, ko phải kích hoạt tại chỗ như một số chỗ. Thanh toán nhanh gọn. Tiki mãi đỉnh🫰",5
18604364,"Em cần nhượng lại Tucson 2016 2.0 ATH nhập khẩu nguyên chiếc. 
Xe 1 chủ từ đầu, chạy 8v km, lốp theo xe còn cả dàn, bác chủ rất kĩ tính và cẩn thận, bảo dưỡng full lịch sử hãng
Option miên man: cửa nóc panorama, cốp điện, 2 ghế điện 10 hướng, cảm biến trc sau, cruise control, phanh điện tử, auto hold,... nói chung là ko thiếu gì 
 Rá để cho ace đi tết chỉ 6xx  có thương lượng cho người thiện chí. 
Call me: 0925499222",5
18036270,"Hàng vừa giao đến tay sáng nay, giá sau kmai = vs giá trên hoanghamobile.

Tình cờ thấy qc ưu đãi của Tiki nên thử vào đặt mua, chờ 4 ngày là có hàng, g mà chờ HH trả theo thứ tự, hẹn sang tận t11 mà còn chưa biết ngày nào T_T

Máy trv, m soi kỹ k bị vệt xước hay sờn sơn nào, hy vọng máy chạy ngon k phải dùng đến bh 🥹",5
17960468,"Nếu ai đang băn khoăn dòng điện thoại có tính năng như IP 14 Promax nhưng nhỏ gọn, nhẹ hơn (pin có ít hơn 1 xíu, nhưng không ảnh hưởng) thì có thể chọn dòng Pro.
Mình mua onl trên Tiki xong ghé shop để mua case và dán điện thoại!

Tiki giao hàng chie trong 2 giờ, rất chuyên nghiệp ạ 🧚🏼‍♂️",5
18123193,"Giao hàng rất nhanh không phải chờ đợi lâu. Đthoai nguyên seal của tiki. Xài rất mượt mà, màu dthoai xinhhh mình nhập mã giảm của ngân hàng giảm đc 2tr còn 30tr bản 256gb ♥️",5
18182533,Tuy đặt hàng bị lỗi phải đặt 2-3 ngày mới được. Gọi Tiki hỗ trợ thì kêu hết khuyến mãi. Nhưng sau đó mình vẫn add được khuyến mãi 2tr vào được. Hàng giao nhanh tầm 1 tiếng là có. Bộ phận hỗ trợ với IT và bộ phận làm ra chương trình khuyến mãi chưa ăn ý với nhau nên làm tốn khá nhiều thời gian của khách hàng. 5* cho Tiki vẫn luôn tin tưởng và ủng hộ.,5
18044252,"Màu tím siêu đẹp siêu sang xịn mịn. Màn hình đẹp hơn 11 pm xa lắc. Máy nhỏ gọn, đằm tay.
Giá siêu tốt, add voucher của tiki, giảm giá của thẻ, hoàn tiền chỉ còn 26tr cho bảng 256GB











🐧",5
18119559,"Hàng nhận nguyên seal, hàng chính hãng VNA, đc cái tiki giao hàng rất nhanh, công tác vận chuyển tốt, m lại mua trả góp 12th với sale 2tr nữa nên rất ưng. Lần đầu mua hàng gtri lớn trên web TMĐT. Hi vọng ko vđề gì cần bảo hành 😄",5
18419995,Hàng từ HN giao về hcm nên hơi lâu.. nhận cái hộp móp mèo bên ngoài nhưng bên trong k sao.. giá tốt .. chờ mau tím k kịp ctr km của thẻ sacom nên mua luôn.. giảm thẻ sacom 2tr,5
18735548,"Rất tốt, hoàn toàn hài lòng nhé, đẹp hơn mong đợi, iuuuuu",5
18020991,Mua 1 cái 14 pro ở Tiki và 1 cái 14 promax ở FPT. Rất may là Tiki giao trong ngày 14/10 còn FPT thì im tới giờ luôn. Năm sau mua hết trên Tiki cho lành.,5
18621403,"Đã mua Ip ở Tiki rất nhìu lần…. giá tốt hơn những sàn khác, cực kì tin tưởng về sp điện tử của Tiki. Mình sẽ ủng hộ thêm nữa ạ ❤️❤️❤️",5
17966055,"Giao hàng nhanh, năm nay không có hàng iphone 14 pro max mua tạm để trãi nghiệm tính năng mới. 
Dịch vụ tiki khá tốt, giao hàng khá nha.",5
18574388,"Điện thoại cầm đầm tây, giao hàng 2 3 ngày gì đó có hàng. Đóng gói có chống sốc, nguyên tem, nguyên seal. Hiện tại chưa thấy bị lỗi lầm gì",5
18968808,"CHÍNH HÃNG ,  HÀNG VN/A luôn nha 

Giao hàng nhanh........ 
Gói hàng kỹ..,..... 
Cảm ơn shop nhé...... Amazing...  good job shoppppppp.......",5
18078744,"Vô cùng hài lòng về dịch vụ giao hàng của Tiki. Đặt hàng giao siêu nhanh, nhanh nhất trong các bên ecom luôn. Cảm ơn nhiều",5
18078748,"Vô cùng hài lòng về dịch vụ giao hàng của Tiki. Đặt hàng giao siêu nhanh, nhanh nhất trong các bên ecom luôn. Cảm ơn nhiều",5
18060959,"Hơn 30tr một chút chưa kể đc hoàn astra và cashback, khá ổn so với các chỗ bán khác",5
18418333,"Giao hàng nhanh nhất trong các sàn thương mại điện tử. Tiki now chưa bao giờ làm thất vọng, nhà gần kho Tiki nên chưa được 1 tiếng đã giao tới nơi. Hàng nguyên seal chính hãng 👍",5
18151706,Tiki giao hàng nhanh chóng theo kế hoạch và đóng gói kĩ càng. Máy còn nguyên seal có hơi dơ một tí nhưng không sao.,5
18592810,"Lần đầu dám mua hàng công nghệ giá trị cao online, may sao nhận đc sp trc mắt là ưng ý, chưa bị gì hết, 1tgian sdung sẽ đánh giá thêm",5
18353615,Mỗi năm đều mua Iphone trên Tiki. Năm nay không mua được Pro max là buồn lòng lắm luôn vì mãi không canh đượ c. Đành quất em này đỡ vậy,5
18175869,"Đã nhận được hàng, tiki rất chu đáo khi cấp mã otp cho những đơn hàng giá trị, nhân viên vui vẻ, nhiệt tình 10 điểm cho tiki",5
18680279,"Giao Tiki Now nên rất nhanh
Máy đẹp, màn hình hiển thị đẹp
Nút chuyển trang vật lý dễ bấm
Máy hơi mỏng và mặt lưng không có gờ để bám nên cầm hơi mỏi tay. Có thêm ốp lưng kèm Hand grip sẽ ổn hơn
Máy có đèn nền (màu lạnh và màu vàng dịu mắt)",5
18965219,"Tiếc là sau khi đặt mới phát hiện cần mua là màu trắng mà không cho đổi. Tiki nên xem xét thêm vấn đề này, hỗ trợ đổi sp vì màu sp và giá như nhau. Đã gửi email hỗ trợ nhưng không có phản hồi.",4
18664581,"Máy ngon, đẹp. Tiki giao hàng nhanh, nguyên seal, đóng gói kỹ, cẩn thận. Android mang lại sự thoải mái và có loa ngoài phù hợp nghe audio book khi cần mà ko cần tai nghe. Vô cùng hài lòng.",5
18798836,"Giao hàng nhanh!
Tuy nhiên khi đọc sách nút bấm chuyển trang k đc
Người bán lại không mở chức năng chat
Nên tôi không biết phải liên hệ ntn để xử lý nút bấm chuyển trang",1
19156785,"Hàng giao nguyên vẹn, máy đọc không mỏi mắt như ngày xưa dùng ipad. Có hdh android là lợi thế để cài nhiều app đọc sách khác nhau.",4
18811822,"máy đọc sách đẹp, đọc lâu không mỏi mắt , giao hàng đóng gói cẩn thận. máy cấu hình tốt,",5
19328738,"Giao hàng nhanh máy đẹp, sài gon, giá cả họp lý",5
18997115,"Máy đẹp, nhẹ. Màu trắng nhìn thanh lịch như một cuốn sách giấy",5
19410105,"Máy rất tốt. Thích nhất là khả năng reflow, đọc file pdf rất ok.",5
18975904,Giao sản phẩm nhanh. Chất lượng. Rất hài lòng.,5
18754524,Máy mới nguyên seal. Rẻ trong tầm giá! Giao hàng nhanh,5
19040875,"Máy đẹp, nhẹ. Nên mua",5
19375823,Máy dùng tốt - Giao hàng trễ.,3
18915396,Máy đẹp rõ nét,5
18989628,máy dùng tốt,4
19042922,"Đt đẹp ,nguyên box , giá tiền phải chăng . Vận chuyển nhanh , đc tặng cả ốp rất ưng . Sau sẽ ủng hộ shop",5
18916743,Hàng xiaomi phân phối ở nhật nên chất lượng khỏi chê..chống nước ip 68.giá cả quá tốt,5
19447486,"Máy dùng tốt, đóng gói kỹ, shop còn tặng thêm sạc 18w nữa",5
19466660,"Tốt, có điều giao lộn màu, đặt màu xám, giao màu bạc.",4
19430110,"Sản phẩm đúng mô tả, new seal, có tặng kèm phụ kiện",5
19519440,Hàng OK,5
19265675,Không nhận được tai nghe tặng kèm nha shop.,3
19337461,SP rất OK trong tầm giá....,5
19360935,Ổn trong tầm giá,4
19323842,Ok,5
19221498,"Đợi 1 tháng mới review cho chắc. Mình mua đt này về chủ yếu chỉ để chơi Genshin thì chơi mượt ở đồ hoạ thấp, không lag hoặc rất ít. Chơi game khác cũng ok. Dung lượng cao, ổn để dùng lâu dài.",5
19092199,"Màn đẹp, pin trâu, ui mượt mà, cài sẵn android 12 nhưng vừa mua đã có update android 13. Mua để phụ huynh xài là best luôn.",5
19378315,"Máy dùng ok, hộp giao bảo vệ kỹ lưỡng do mình mua kèm gói bảo hiểm",5
19124906,Đt giá rẻ sài cũng mượt mà ok đáng tiền,5
19507465,Đag quá trình sử dụng sẽ nhận xét sau,4
19488559,Đã xài con này gần 1 năm rồi. Rất hài lòng sau khi cài đặt thêm font phù hợp để đọc các sách chuyển từ PDF sang. Lần này mua thêm để tặng.,5
19489609,"Máy đọc sách đầu tiên mua, máy chạy mượt, tải trang rất nhanh, chuyên dùng để đọc tài liệu, pdf",5
19372321,"Giao hàng nhanh, gói hàng cẩn thận, hàng nguyên seal nguyên hộp, cho shop luôn 5 sao vì sự chuyên nghiệp.",5
18736113,Giao hàng khá nhanh. Rất ưng sp. Máy nguyên seri,5
18734259,"Sách mới 100%. Mượt, xài ổn, cực kỳ tiền lợi, thích nhất là đọc được ban đêm.",5
18768947,"Giao hàng nhanh, máy rất tốt, chính hãng",5
16941563,ngon,5
18604687,Máy ngon. Có cái không có case.,5
16841658,"Kindle PPW5 nguyên seal, đọc rất thích. Detico có giá tốt hơn các shop khác.",5
16998683,giao hàng không đúng hẹn bọc sản phẩm sơ sài thiếu chuyên nghiêp,1
17983138,"Máy nhẹ ngon lành, xài mượt tốt",5
17019918,Giá tốt hơn mấy shop khác.,5
19068483,"Hàng giống mô tả của shop, thật tuyệt vời, đẹp,thanks shop ,nếu ổn tôi sẽ ủng hộ shop . thêm",5
19374122,"ngoại hình máy bao zin, rất đẹp, dùng thì nói chung ổn định, ưng ý, đúng sản phẩm, Tuyệt !!!",5
19017293,Sp như mô tả. hàng nguyen hộp.shop tư vấn nhiệt tình. giá rẻ hơn các shop các đc mấy trăm.máy đẹp.se ủng hộ shop lần sau nữa,5
19410942,nguyên seal.mới 100%.đúng hàng tecno.shop kỹ đóng gói kèm thêm tem niêm phong,5
19018564,Thiết kế đẹp. Giá tốt với cấu hình 4+3Gb/64Gb. Sử dụng ổn.,5
19430381,mâu má dep,5
17822084,"1 sản phẩm điện thoại rất kém chất lượng của 1 shop tồi tệ! Đt rẻ nên chất lượng cực kém, thân máy và sạc nhanh nóng, loa rè, gọi video thì loa ko thể nghe đc! Nói chung ko nên mua, phí  tiền , rước bực vào thân!",1
18632047,"Lần đầu đặt hàng mua điện thoại qua mạng mà hết sức hài lòng, máy đẹp bao bì cẩn thận , điện thoại nguyên seal",5
17991601,"Sản phẩm mới mua về đã lag, trong tầm giá thì nên mua máy cũ.",3
19200256,Hàng oki lắm,5
17109020,"Rất tốt vừa với túi tiền người có thu nhập thấp, bỏ túi gọn nhẹ, màu xanh dương y như hình đăng ký giao hàng trước hẹn một ngày.Sẽ giới thiệu đến các bạn có nhu cầu.Cho 5* luôn",5
15009837,"Nói chung là ổn, tuy nhiên màu chưa được giống hình chụp lắm. Mình mua màu tím pastel nhưng nó khá giống màu xanh lam. Cảm ứng cũng được, nhưng hơi lag, nhất là khi vẽ, còn đâu rất là tuyệt vời. Giá thành hợp lý, sau này sẽ ủng hộ tiếp",4
19324945,"Giá rẻ chất lượng tốt, dành cho người mới sử dụng smart phone, hoặc em bé xem videos..",5
16249035,"điện thoại màn hình 5in tiện bỏ túi, máy trong tầm giá này khá ổn. chụp hình cũng khá đẹp hình minh hoạ đc chụp bằng đt a26",5
14452492,"Hàng giao nhanh hơn dư kiến, đóng gói cẩn thận. Máy mới, bao bì còn niêm phong, đã sử dụng được gần một ngày, các chức năng khá tốt. Pin sạc đầy dùng đươc khoảng 30 giờ.",4
18855964,Dùng 1 thời gian máy xuống cấp khá nhanh về cảm ứng và chất lượng âm thanh!,3
16752799,giao hàng rất đúng hẹn. đóng gói chắc chắn. giá thành vừa phải hi vọng là dùng sẽ ổn,5
16618442,Sài cơ bản nghe gọi được nhưng nhắn tin hay chạy các chường như zalo whatsapp.. thì nên suy nghỉ lại mua điện thoại khác.,5
19418587,"Giao hàng nhanh
Bao bì tốt",5
19318813,phù hợp với giá tiền,5
18708926,"Tốt , full box , nguyên zin, đóng gói đẹp",5
15449533,hàng giao nhanh. máy đẹp ạ dùng OK.shop nhiệt tình sẽ ủng hộ tiếp ạ,5
18426767,Màu xanh dương mà sao giao màu xanh lá shop oi,4
17181157,Đt đẹp nhưng hơi lac tải chậm,4
19531204,"Mình đã nhận được điện thoại, hàng còn nguyên đai nguyên kiện, rất đẹp và kiểm tra là chính hãng. nhưng lúc mua mình định mua trả gop mà lúc thanh toán online thì mình lại bấm thanh toán toàn bộ, nay hàng về mới thấy giá chênh lệch 205k. đề nghị nhà bán kiểm tra giúp giao dịch và chuyển lại tiền cho mình số thừa so với giá bán với nhé ạ.",5
19082694,"Camera cũng tạm, đủ sáng thì ok, camera trước chụp vô như bệnh gan 😇
Điện thoại dùng mượt, màn đẹp, viền cân đội, máy to nhưng cầm thoải mái. Pin ổn",5
19120490,"Mua lần nào cũng hài lòng , đặt hôm trước thì hôm sau đã giao , shiper nhiệt tình , giá rẻ hơn ngoài cửa hàng, nguyên seal . Sản phẩm xài mượt , ổn áp . Không biết kích hoạt bảo hành ntn mong tiki kích hoạt giúp .",5
19508169,"Đúng nguyen seal, giao hàng nhanh lịch sự, rất hài lòng",5
19180405,"Ủa mà dòng này không có sẵn sạc kèm theo trong hộp đựng máy ạ ?
Giao hàng trễ nữa

2 sao",2
19211217,Nguyên seal,5
19154234,OK lem,5
18990494,quá tuyệt vời đúng độc lạ bình dương điện thoại full chức năng luôn ae ạ có quay phim chụp hình đầy đủ nhé nhỏ gọn dắt túi mình vừa kí hợp đồng vừa sử dụng rất ok. sảm phẩm tốt giao hàng nhanh ủng hộ,5
19020626,Tưởng ko xịn ai nghờ xịn ko tưởng sp rất độc lạ 2 sim 2 sóng ae ạ có đầy đủ các chức năng vừa nghe gọi vừa viết rất tiện mình nhét túi đi đường ai gọi cái baets máy nghe ngay shop giao hàng nhanh cho 5 sao,5
18990509,quá tuyệt nhé sẽ . lâu lắm mới thấy sản phẩm độc lạ vậy 2 sim 2 sóng còn kết nối Bluetooth được nữa. nhỏ gọn nhẹ nhàng hàng chất lượng giáo hàng nhanh OK shop,5
19067593,Sản phẩm tốt đúng hình đúng mẫu đúng mô tả giao hàng nhanh ủng hộ shop,5
18990503,sản phẩm tốt giao hàng nhanh ủng hộ shop nhé,5
19067585,Sản phẩm quá độc lạ 2 sim 2 sóng ok rất tiện cho công việc tôi,5
19481011,"Hàng đúng quảng cáo, hàng đóng gói cẩn thận. Quá nhiều chức năng cho bé út tiêu. Mong shop bán thật nhiều hàng hơn",5
19316837,Hàng điểu không nên mua sản phẩm này nhe cả nhà ơi mua sử dụng chưa được một tháng không sạc pin được tiền mất tật mang,1
19291791,"Sản phẩm ok, độ bền chưa biết phải dùng một thời gian mới biết.",5
19459737,"Đập hộp thấy khá ngầu.Cầm pova 5 khá đầm tay, mặt sau làm nhựa bóng nên k thích lắm lúc nhìn hình tưởng mặt lưng nhám nên thấy thua mặt lưng của pova 3. Màn hình lướt mượt cảm giác khá chill. K phải dân thích chụp hình nên có thể k chính xác nhưng cảm giác chụp hình pova 3 lên đẹp hơn con pova 5 này. Game chạy tốt ... Với tầm giá này mà cho đc trải nghiệm cao là quá ổn áp... Đáng mua. 4.8/5",5
19469143,"Ngoại hình đẹp, giao nhanh , giá rẻ , chất lượng thì phải xem thời gian",5
19521920,"Máy tốt , đúng màu. Đúng phân loại , pim trâu máy mát",5
19521649,Quá tuyệt vời,5
17882844,"Sản phẩm giao đủ, ở tỉnh nên khoản 4-5 ngày , chưa dùng thử nên chưa biết như nào",5
19335227,"cam đẹp , máy ổn , shop dễ thương cho thêm ốp lưng nữa cám ơn shop",5
18235177,"Hàng quá tệ, máy nc ko nghe đc gì, giờ kêu bảo hành thì bên đây đổ bên kia, bên kia đổ bên nọ",1
19467548,Ok,4
17858871,Máy ok theo tầm giá.,5
17677881,Good,5
19375623,"TIKI,giao máy điện thoại itel s23 ,sử dụng rất tốt,máy ngoại hình đẹp,lần sau tôi sẽ giới thiệu bạn bè đặt mua các loại sản phẩm trên tiki nhiều hơn nhé",5
19517891,"Máy đẹp, săn được sale giá rẻ, thanks shop",5
19480724,Điện thoại ổn. Trong mức giá vậy là quá ổn rồi,4
19278214,Hàng đúng như mô tả,5
19290829,sản phẩm tốt,5
19124835,Rất đẹp hàng giao chuẩn,5
17504553,"Màn hình cũng ổn
Bàn phím ổn
Vào facebook,youtube ổn,nhưng chưa hổ trợ gọi video call
Trợ lý google chưa hổ trợ tiếng việt,ứng dụng GPS chưa định vị được hay sao á,còn xem bản đồ thì được
Pin sạc 2 tiếng rưỡi nếu chờ sài 2,3 ngày chưa het.
Đang trải nghiệm ạ",4
19350529,"Điện thoại kết nối Internet dễ dàng, dễ sử dụng. Hai sim hai sóng, tiện lợi cho người dùng",5
19201884,Chưa giống đt mẫu nhưng shop đã đổi bản khác ạ,4
17211128,"Ok sản phẩm sử dụng tốt, ổn trong tầm giá. Có điều trợ lí ảo không hỗ trợ tiếng Việt",5
18963094,"Máy chỉ chạy 3G thôi
Trong cài đặt cũng dừng lại tùy chọn 3G là cao nhất",3
19522176,Máy nguyên seal nhưng pin bị phồng. Đã yc trả hàng. Rất tiếc. ☹️,3
16457428,sp như quảng cáo.trải nghiệm có đầy đủ wifi.facebook như cảm ứng.Bh dài hạn..,5
18682543,Mình đặt màu đen mà =))),4
19428415,chuẩn chất lượng,5
19270866,Lướt web vô tư,5
17449567,"Máy chậm khó dùng không tiện 
Phát wifi tốt",3
16862348,may nay cu dung hoai va ung dung thi dung,3
19362998,OK nha,5
19221277,"Sử dụng tốt, đã kích hoạt BH điện tử trước 10 ngày, đáng mua",5
18291241,"Máy xài êm nha, shop tư vấn nhiệt tình. 10 điểm chất lượng nha.",5
19398729,"SP như mô tả, hộp còn nguyên seal.",5
19354181,Chất lượng phù hợp với giá tiền,5
19378182,"Hàng nguyên seal, chất lượng",4
18213234,"Giao hàng nhanh, đóng gói kỹ",5
18188292,Ổn! Thank shop,5
18195244,mượt,5
18750817,"(*) Đánh giá không tính điểm
Sản phẩm rất tốt và là sự lựa chọn đáng giá trong phân khúc. Tối ưu cho công việc. Tuy nhiên shop nên lưu ý việc đóng gói. Khi mình mở hộp thì máy nằm ngoài bao, màn hình có vài vết xước nhỏ.",3
19512892,Giao hàng nhanh. Sản phẩm đúng mô tả....! Máy đẹp rất ưng ý....,5
19452037,Nhặn dc hàng rat ok nguyên seal,5
16512592,"Giao hành nhanh lẹ, shop đóng hàng rất kỷ, đúng màu , ung hộ shop dài dài luôn 5 sao cho shop",5
19145981,"Giao hàng nhanh, dễ sử dụng, đẹp, đúng hàng nhập khẩu malaysia.",5
18454547,Mới dùng chưa biết được. Sau thơi gian bảo hành mới đánh giá chính xác,4
16504989,"hàng chính hãng, sài tốt, bền lắm. nay mua được giá tốt của shop. tks shop nhiều",5
19519991,tuyệt vời,5
16438260,"Đt âm thanh hơi nhỏ, hàng y hình, còn độ bền phải chờ thời gian",3
17638213,"Dùng ok,bền hay không thì chưa biết",5
18803481,"Giao hàng nhanh , sp ok",5
18713613,Điện thoại xài tốt,4
17748461,sản phẩm đúng chất lượng. Dùng tốt.,5
16443376,Hàng đẹp. Đáng đồng tiền!,5
16477333,Hàng Malaysia là ok,5
17225344,Hàng giao cẩn thận. Giá cả hợp lý.,5
15954816,"Sp tốt, giao hàng nhanh",5
19301400,Máy chính hãng .nhỏ gọn đầy đủ mọi chức năng. Giá rẻ,5
17388267,Dùng được chỉ có điều máy không có củ sạc nên phải dùng củ sạc của máy khác. Nói chung tiền nào của nấy với số tiền này cũng không thể đòi hỏi quá nhiều.,5
19176761,"Cuộc sống chưa bao giờ là dễ dàng, sự việc không may mắn ở hiện tại rồi sẽ là quá khứ, sau này bạn sẽ được bình an, cố lên nhé.",5
17150241,"Đã nhận được hàng, cũng tạm được. Nhưng giao hàng quá chậm, thời buổi giao hàng thần tốc mà đặt từ 15/07 đến 21/07 mới nhận được hàng, mặc dù mình ở HCM cty.😂",4
15637619,sp như mô tả.loa to .nhìn cũng dễ thương.phù hợp trong tầm giá,5
17478401,May xài ok lam,5
19502220,"hàng tốt, đúng như mô tả, mẫu mã đẹp, các chức năng hoạt động hoàn hảo. Sản phẩm được bán với mức giá vừa phải, lại kèm thêm bao da cực xinh! Phải nói là rất hài lòng!",5
19468475,giao hàng nhanh.,5
19026197,Sản phẩm tuyệt vời,5
18947028,Tot,5
19303419,"Lần đầu mua máy đọc sách.
Mất rất nhiều thời gian suy nghĩ chọn PPW5 hay OA3.Cuối cùng quyết định mua luôn OA3 bản 32Gb.
Món quà tặng tuyệt vời cho cô em gái mới thi lên lớp 10.

Sản phẩm có vỏ nhôm cao cấp,nhẹ,độ hoàn thiện cao...giao hàng nhanh.Sản phẩm đáng để mua vì đầu tư cho tri thức,cho giáo dục.",5
19500511,"Mình đặt bản 32gb, màu gold; bên bán hàng giao màu graphite mà không hỏi ý kiến bên mua. Dịch vụ quá tệ.",1
19526316,Hàng mới nguyên seal. Shop tư vấn rất nhiệt tình.,5
18916833,Sp khác review inbox trên YouTube và hướng dẫn chính hãng,1
17564900,"mua trên tiki đắt hơn mua từ nhà phân phối 200k. Giá tiki ghi là 7350k, giá hóa đơn 7139k",4
17090859,Sản phẩm như mô tả!,5
17979129,service rat tot. giao hang cung nhanh!!,5
16645785,Tốt,5
19480033,"Mình mới mua nên đánh giá cảm nhận ban đầu là điện thoại đẹp, trông chắc chắn, shop trang bị full box (miếng dán màn hình, ốp lưng, củ sạc, dây sạc, tai nghe, que chọc sim). Shop tư vấn nhiệt tình!",5
19408514,Tốt trong tầm giá,5
19517676,"Camera chụp hình đẹp, máy mượt, loa hơi nhỏ so với mình",5
19435124,Sản phẩm ok ok ok ok ok ok ok,5
18460675,"Săn sale nên đc giá rẻ, nhưng dính lỗi rất khó chịu:
+ Vào ban đêm -> bật chế độ ban đêm
+ Restart máy
+ Khi khởi động lại máy từ từ tắt lim màn hình, k nhìn đc 1 chút nào => phải nhanh tay tắt  chế độ ban đêm đi để khỏi phải restart lại

=> cần bản cập nhật mới fix lỗi này",3
18412759,"+ Cấu hình ngon hơn trong tầm giá!
+ Sạc nhanh mà không nóng(cả sạc và máy). Pin đầy tự ngắt(máy có thông báo luôn).
+ Chơi HI3 không nóng, không lag(vs redmi 9T), đồ hoạ tạm ổn.
+ Pin ngon.
- Kết nối mạng không tốt lắm(vs Redmi 9T) load game nhiều hơn & lâu hơn.(Cái này tui k thích tí nào)
- Không thích vân tay cạnh bên.
*Tiki giao hàng nhanh như điện xẹt! 12h là có. Đóng gói cẩn thận.
-> Ai mê Android, thích cấu hình ngon mà giá mềm thì có thể xài.",5
18665408,"Shop giao hàng nhanh, chỉ 2 tiếng là tới tay dù hôm nay đã là 28 Tết. 
Hàng làm quà tặng nên chưa đánh giá chất lượng.",5
19438784,"Đt xài OK Pìn trâu, có nhiều tính năng hay....",5
19122646,Điện thoại tốt nhưng nhà bán hàng không tốt. Quãng cáo một đàng bán hàng một nẻo.,4
18687473,OK phù hợp túi tiền.giao hàng nhanh . nhân viên nhiệt tình,5
19387407,"Máy đẹp, cầm chắc tay, cấu hình ngon trong tầm giá. Shop đóng gói kĩ",5
18406950,"Giao hàng nhanh, đóng hàng tốt. Sau vài ngày sử dụng thấy sản phẩm tốt so với tầm giá. Pin trâu, chơi game ít nóng.",5
19141260,Sản Phẩm Còn Trong hộp. Giao hàng nhanh. Sử dụng 1 thời gian mới biết như thế nào,4
18655957,Giao hàng nhanh. Đóng gói cẩn thận. Nguyên seal full box. Có ốp lưng và màn hình đã được dán.,5
19428669,"OK, tốt, giá mềm, chạy mượt.",5
19044124,Ngon rẻ bổ,5
19257737,Ok. Độ bền cần dùng thử,5
19510895,GOOD.,5
18770204,Nói chung là uy tín đũng hàng và giao hàng nhanh,5
18659391,Ngon,5
18708027,"Giao hàng nhanh, đúng với mô tả",5
18951846,Xài ổn định,5
18718206,Êm và mượt lắm ạ,5
19301374,Máy dùng cực kỳ thích. Phím bấm to.loa to,5
19374815,"Sp rất ổn, loa to, thích hợp cho người già",5
19484665,Sản phẩm tốt,5
19399687,Trên cả tuyệt vời,5
18235373,Ban đầu cũng hơi đắn đo xíu nhưng khi nhận hàng thì khá hài lòng chưa biết bền hay không nhưng hàng hoá và dịch vụ thì xứng đáng 5*,5
19305515,"Sản phẩm mình mới nhận được đã bị lỗi sọc màn hình.
Không chất lượng!",1
19062842,"Sản phẩm ko tốt so với tầm giá, tín hiệu thoại rè, pin hết nhạnh tầm 3 ngày. đoi khi sụp nguồn. Theo cá nhân tôi thì kp mua, nên chọn samsung hoặc nokia trong tầm giá",1
19135051,Điện thoại hỏng chức năng tai nghe rồi...rút ra vẫn hiện tai nghe...không nghe gọi được nữa,3
18852023,"Đầy đủ phụ kiện, máy ổn, k biết dùng thế nào, tạm cho 4*",4
18832828,điện thoại mới ko trầy xước có thể mua mà ko cần lo lắng,5
18608202,Nghe gọi cực tốt 👍,5
19134632,"Muốn trả hàng vì hàng nhanh hết pin quá, nghe rè rè",1
19006965,"sản phẩm rất tệ, không đáng để mua",1
19059334,tốt,5
19002203,Ok,5
19464652,"Hàng đẹp,chuẩn,giao hàng nhanh,kích hoạt bảo hành cũng nhanh chóng",5
19186020,"Nhìn đẹp, hộp nguyên seal. Samsung keo quá méo có củ sạc và ốp phải đi mua tốn cũng kha khá",5
19244906,"Hàng tiki rất yên tâm, giao nhanh. Hài lòng",5
19196548,sản phẩm chất lượng tốt.  giao hàng quá nhanh chóng.,5
19131146,"Giao nhanh, cẩn thận",5
19194554,Ngon. Mượt. Chụp đẹp. Có điều hơi to và dày,5
19360301,Giao hàng rất nhanh . Hàng chính hãng đẹp như giới thiệu . Rất hài lòng,5
19496612,Mới dùng được 2 tháng cảm thấy hài lòng về sản phẩm,5
19393484,may dep chuan chinh hang se tiep tuc ung ho 👍👍,5
19303796,Đẹp ạ,5
19523819,Giao nhanh,5
19500083,Nhanh lắm . Cám ơn tiki,5
19517258,êm tay xài ngon,5
19500370,Rất tốt,5
19339159,"Đọc dưới ánh sáng tự nhiên thì chữ tương phản rõ đẹp hơn là đọc bằng ánh sáng đèn nền
Rất nhẹ và tiện khi nằm hoặc ngồi đọc so với sách giấy.
Ngày đọc khoảng 2 tiếng thì tầm khoảng 2 tuần mới hết pin.",5
19308540,"Máy đẹp, mượt mà, sờ vào rất phê",5
19454587,Chẳng có gì phải phàn nàn. Quá ổn cho nhu cầu hàng ngày,5
18937271,"Hàng được đóng gói cẩn thận và đẹp, có kèm hướng dẫn và kho sách miễn phí.",5
18484991,"Mới mua nên cần phải trải nghiệm thêm . 
Máy mới siu đẹp, giao hàng nhanh",5
19122866,"Hình ảnh, chữ rõ nét. Đọc không mỏi mắt",5
19098676,Ổn và đẹp chưa có điểm gì không ưng ý,5
19455969,🤔️,5
19219388,Mua để ae ơi hàng dùng cực ngon máy siêu đẹp,5
18808546,Đặt màu đen kèm cover nhưng nhận máy xanh denim không có cover,3
19209089,"mình đặt màu đỏ mà giao màu xanh, nhưng chất lượng ổn, loa to rõ ràng phù hợp người lớn tuổi",4
19401794,Máy chạy được tầm 1 tuần là đơ. Không biết cách khắc phục như thế nào.,1
19453569,Hàng đúng như hình.oke se tiếp tục ủng hộ.con chất lượng để sau tinh,5
19410225,pin sài lâu nghe gọi rõ,5
18306008,"Trước giờ mình mua hàng lười đánh giá. Nhưng đây là đồ giá trị lớn nên review lại cho mn. Mình đặt tối hôm trước thì sáng hôm sau có. App thẻ VP đc giảm 2 triệu, Tiki tặng thêm 1 củ sạc 30W. 

Lúc nhận hàng đọc passcode ở tin nhắn của tiki. Hộp hàng ko ghi rõ là mặt hàng gì (có tem ghi là rất dễ vỡ). Đóng gói hộp hơi méo mó một chút. Mở ra thì hộp và mọi thứ nguyên vẹn. Mình dùng được khoảng 3 ngày thấy ổn định, pin trâu, trọng lượng nhẹ. Nhưng khi check pin thì ko ra được tên nhà sản xuất, các ip khác mình check đều ra đc (nhưng đời thấp hơn từ 13promax trở đi) và ko biết vì lý do gì. Hiện tại thì mọi thứ trên ip này hoạt động ổn định, pin khoẻ nên mình ko lăn tăn lắm. Màn hình to trọng lượng nhẹ hợp với làm việc. Cam sau ko tốt bằng 13 promax tuy nhiên ko chênh nhau quá nhiều, chất lượng ảnh tốt, cam trước thì tốt hơn. Bên dưới có 1 ảnh mình chụp bầu trời đêm bằng 14plus nhó.

Hy vọng đánh giá của mình hữu ích. Nếu có vấn đề phát sinh mình sẽ note vô đây, nếu ko có thì dòng này y chang như vầy :)).",5
18030642,"Giao siêu tốc. Đặt gần 3 tiếng sau là giao rồi. Hôm nay chủ nhật vẫn giao luôn 🥰 hên vừa đặt xong là giá lại tăng. Giảm 2 triệu VPBank nữa, ngon lành. Tính ra 25 triệu thì khá ổn. Mua được màu xanh cái cuối cùng luôn. Tiki giao hàng đóng gói rất đàng hoàng nữa. Tính ra Tiki bán iPhone là ổn nhất trong mấy sàn TMDT đó 🤩😍 Máy đẹp lắm, ngoại hình hết chỗ chê. 14 Plus năm nay ok lắm nhé. Màu sắc trẻ trung nữa. Bữa mua tím rồi, nay hốt xang cũng rất đẹp luôn 😘",5
18013286,"Mới đặt luac sáng mà chiều đã giao luôn rồi
Tiki giao nhanh quá
Giá cả ok
Máy màu tím khá đẹp, tím hơi nhạt
Cầm cũng nhẹ, màn hình to nữa
Mình rất hài lòng
Cảm ơn Tiki nhiều nhé 🥰🥰🥰",5
18208514,"Mua của tiki trading thì cực yên tâm luôn 👏🏻👏🏻👏🏻 Nhận hàng đúng ngày, đóng gói tạm ổn. Máy chính hãng VN....! Nguyên seal",5
18314294,"Giá ok, giao nhanh, hàng chánh hảng, nhưng mình có mua bảo hiểm cho máy, chờ người bên bảo hiểm xác nhận rât lâu, mình chờ hơn 1tiếng, bỏ cuộc, liên hệ CSKH thi nv nói là để kiểm tra lại, tới ngày hnay viết review là 1 tháng nhưng vẫn chưa có câu trả lời hay thông tin gì bên cty và Tiki. Thất vọng khi tốn tiền mua bảo hiểm.",5
18039076,"Đt đúng mô tả, giao đúng hẹn, đặt tối hqa là trưa hnay có dù ở tỉnh, nhưng chắc do bên giao hàng vận chuyển hộp móp hết không như đợt trước mình mua, nhưng hộp điện thoại bên trong vẫn oke nên cho 5sao",5
18526491,Lần đầu sử dụng hàng giá trị cao tiki. Mà giao hàng rất nhanh . để trải nghiệm 7 ngày thử xem ntn . mà còn được tặng thêm củ sạc 30w nữa,5
18407157,"Máy mới, nguyên seal Appple , có seal Tiki, có seal nhà bán hàng khác nữa
Chưa active 
Giao hàng nhanh đúng hẹn
Khi nhận hàng nhân viên mặc quần đùi yêu cầu kiểm tra đồng kiểm, nhập OTP",5
18429091,Máy đẹp ship nhanh active đúng ngày mua nhưng shipper hơi khó tính không giải thích rõ cho kh lúc mình muốn đồng kiểm dù đã thanh toán trước,5
18293469,"Mẫu iPhone 14 chất lượng trong tầm giá, màn hình lớn nhưng rất nhẹ và cầm nắm thoải mái, trải nghiệm mượt mà và pin dung lượng lớn.",5
18222536,"Mua được với giá 22.9tr sau khi được giảm 2tr qua thẻ HSBC. Tiki giao hàng nhanh gọn, chưa tới 2 tiếng là giao tới.
Pin siêu trâu bò, phù hợp với ai không cần tới dòng Pro.",5
18143634,"máy đẹp chính hãng mã vn, đang dùng tốt, tiki cam kết bảo hành tốt cũng như giao hàng, sẽ ủng hộ tiki  dài lâu",5
18208817,"Đóng gói hàng kĩ, sản phẩm chất lượng, nguyên seal
Sẽ tiếp tục săn sales ủng hộ",5
18584083,"Màn hình lớn, đẹp, pin khỏe, chụp tốt gần như dòng pro... Hàng tiki là chính hãng VN, đúng như hình.",5
18057332,Tuyệt vờiii ship đúng thời hạn hàng siêu đảm bảo săn đc deal quá đỉnh luôn,5
18034937,"giao hàng nhanh, máy chuần vna, săn được km giá ok còn đc hoàn lại astra",5
17958163,"Tiki giao hàng nhanh, đóng gói kỹ lưỡng. Hàng chính hãng, nguyên seal.",5
18308236,Mìh mua r. Đẹp lắm các b ạ. Chơi game mượt khỏi bàn. Mìh mua lúc black friday nên rẻ lém.,5
18527327,Máy đẹp tốt đầy đủ phụ kiện. Mình xài hơn 1 tuần chưa thấy vấn đề gì :),5
18554482,"Máy xịn. Trả góp 0%, không phí chuyển đổi. Lựa chọn nhiều ưu đãi hơn 14pm",5
19349454,Giá tốt giao hàng nhanh nguyên hộp,5
18226541,"Đặt cho người thân ở quê, Tiki giao hàng nhanh, sản phẩm chính hãng rất yên tâm",5
18543862,"Chính hãng và giao hàng nhanh, uy tín",5
18504580,"Giao hàng nhanh, đóng gói cẩn thận, sản phẩm chính hãng đúng miêu tả.",5
19264978,"Đt giá rẻ mà thiết kế đẹp, 3+3Gb/64Gb.
Tốt trong tầm giá.",5
19157772,"Shop uy tín nha
Mình mua cho cháu hs  nó để  nge gọi với gia đình",5
19457220,Uy tín đt cũng ok,5
19414872,Tốt đúng như sp 5 sao,5
19520140,Ok,4
19351020,camera tốt,5
19271819,OK hàng tốt,5
18780062,"Tiki làm ăn kiểu “treo đầu dê bán thịt chó”
Đề xuất người mua hãy mua kèm bút + keyboard để được giảm. Vậy mà khi tôi mua thêm bút thì giao bút pencil 1 được SX trước đây => ko kết nối đc 
(vì bút pencil SX gần đây sẽ có thêm adpater để chuyển đổi và kết nối với ipad đc)

Mất rất nhiều thời gian cố gắng kết nối, đến khi mang lên hãng họ xác nhận bút pencil này là loại cũ

Trên diễn đàn của apple cũng có giải thích. Nên mọi người khi mua hàng của tiki cần chú ý",1
18606967,"Giao hàng cực kì nhanh, sử dụng khá ok, phù hợp với nhu cầu mình. Màu xanh quá đẹp",5
19525920,"Lần đầu mua hàng giá trị trên tiki, thật yên tâm. Lần sau sẽ mua những cái giá trị hơn😜",5
18720872,"chúc cho các b nào còn dg chưa đủ tiền sớm rước em ipad về nha vì trc hôm nay mình vào xem lâu lắm nay mới mua dc
Giao hàng tiki now nhanh hơn dự kiến
Hàng chính hãng rất hài lòng",5
18747335,"Đắn đo mãi giữa gen 9 và gen 10 nhưng cuối cùng vẫn chốt gen 10, ưng cái màu thật sự",5
18504617,Lần thứ 2 đặt mua sp giá trị cao từ Tiki Trading. Rất hài lòng với tốc độ giao hàng cũng như chất lượng đóng gói sp của Tiki. Hy vọng ipad sử dụng tốt.,5
19319809,Máy đẹp. Mua đồ từ tiki là khỏi phải lo lắng gì về uy tín và chất lượng.,5
18829469,"Máy đẹp, giao hàng nhanh",5
18602449,Giao đúng hẹn. Đang xài tốt..,5
19088847,tuyệt vời. máy đẹp sịn lắm lun á,5
18810053,"Dùng thích lắm, xem phim quá oke luôn ạ",5
19026572,"Dùng ổn
Màn hình khá to",5
18582974,"Tuyệt vời, vừa ngon vừa bổ vừa rẻ",5
19526241,Xuất sắc,5
18613828,Đẹp lắm mn ơiiii 🥰,5
19339945,Pin tụt nhanh quá,4
18410943,Đẹp xs. Giao hành nhanh.,5
18679608,Máy ok nhanh như air 4 màn hình xấu hơn air 4,5
19181105,"Chính hãng nguyên seal, nhưng đến nay vẫn chưa được kích hoạt bảo hành @@. 
Bên Tiki đã có phản hồi là sẽ hỗ trợ kích hoạt bảo hành.

Cập nhật, điện thoại đã được hỗ trợ bảo hành.",5
19466063,"Đt đẹp , camera sắc nét , độ phân giải rộng , GB lớn lưu giữ nhiều dư liệu...ủng hô shop !",5
19208083,"Sản phẩm tốt, săn khuyến mãi nên giá khá rẻ.
Đang dùng được 4 tuần rồi.",5
19427662,"Ship nhanh và an toàn, điện thoại rất tốt!",5
19386035,"Camera chụp hình đẹp, màn hình đẹp, tốc độ oke. Giao hàng nhanh. Đóng gói chắc chắn.",5
19533056,Cảm ơn vì đã giữ đúng ngày giao hàng...,5
19347456,"Giá rẻ bất ngờ , chế độ chờ hơi tốn pin",5
15628563,"Máy tốt, giá rẻ hơn ở ngoài, Tiki giao hàng nhanh, hài lòng về sản phẩm",5
17086447,giao hàng nhanh và đóng gói cẩn thận,5
15669553,Rất yêu,5
17827990,"rất hài lòng, size chuẩn.",5
16643797,đẹp,5
15455730,Tốt,5
19397988,Ổn't,5
19427317,"Điện thoại đã kích hoạt bảo hành, điện thoại đang dùng bình thường nhưng ko hiểu sao số IMEI khi xem trên điện thoại ko trùng với số IMEI dán trên hộp, đã gọi cho shop phản ánh nhưng hơn 3 ngày shop ko phản hồi",4
19001545,"Sài khá hơn Samsung A03 core, gọn gàng hơn chạy khá hơn, camera dùng ổn cầm cũng hơi khá vừa tay(hơn lớn tý).",5
19489504,"Vận chuyển đúng thời gian. Máy ổn, hộp sạc đầy đủ.",5
19509094,"Ok , rất đẹp",5
19353307,May không nhận dien được khuôn mặt. Kết noi wifi yếu,3
19367433,"Nhận hàng sớm hơn dự kiến, sáng 10h mua thi 11h20 nhận dc hang, sản phẩm đẹp trong tầm giá,",5
19403191,"Vừa túi tiền, giao nhanh, bộ nhớ lớn",5
19461600,Sử dụng treo mây liên tục,1
19017292,Hàng chính hãng luôn.man hình to.sáng đẹp.cam chụp ok .giá cả vừa túi tiền. shop đóng gói và giao hàng nhanh chóng,5
18974508,"Máy khá đẹp, chạy mượt giá rẻ, có bảo hành, ốp lưng và sạc đầy đủ nhưng thiếu tai nghe ...",4
19484026,"Nhận hàng ok, mong là cũng bền, vì mình đang dùng con pova 2 của hãng này cũng 2 năm rồi",5
19378000,"Đẹp ngon , mượn",5
19043426,hài lòng về sản phẩm của shop,4
19411808,ok,5
19298690,Ngon,5
19002453,"Pin trâu, màn hình lớn, khá hài lòng vs sản phẩm này, cùng với đó là giá rẻ hơn chỗ khác nhiều và giao hàng cũng rất nhanh nữa",5
18926101,Sản phẩm fullbox còn seal luôn,5
19390963,"Hàng nguyên seal, chất lượng tốt",5
19031762,Máy mới nguyên seal,5
18947978,"Không muốn nhận xét rồi mà tiki ngày nào cũng hỏi, đã nói thì phải nói đúng sự thật. Đầu tiên là máy nhanh nóng, sau đó là màn hình bị lệch Cuối cùng là nếu nhìn hơi nghiêng về phía bên trái thì màn hình sẽ bị xanh. Còn nữa ngoài hộp ghi có tai nghe nhưng trong hộp không có, hỏi shop qua chat thì rơi vào yên lặng.",3
19090536,"Đẹp, ngon, mượt, pin trâu. Tuy nhiên dùng lâu lâu với 4G máy nóng và bị đơ, phải khởi động lại. Loa ngoài to nghe nhạc chất lượng. Tuy nhiên loa trong rất nhỏ dù bật full rồi nhưng tiếng nhỏ bằng tiếng ruồi kêu bên tai.",4
18732948,Mua cho các cụ nghe nhạc xem youtube thì hợp. Chụp ảnh khá giật coi như không có. Nhưng với giá tiền này mà độ phân giải màn hình khá nét thì cũng rất hợp lý.,5
19479001,Nhận đc máy rôi nhung ko biết thế nài nhung vó đủ xac dáy xac ốp lưng niềng dán cường lực,5
18717664,Máy giá rẻ. 3/32 dùng ok .pin trâu lắm.màn hình mượt.hàng chính hãng nguyên hộp.giao hàng nhanh.shop hỗ trợ nhiệt tình.. Bh 12 tháng,5
18876162,tất cả đều ok nhưng lắc kêu cục cục có thứ gì bị lỏng bên trong . bật 4g pin hao nhanh,3
18922310,32GB RAM VA ROM DUNG CHUNG TANG GIOI HAN CAI DAT APP,4
18825161,"Shop rất uy tín, hàng như hình",5
19388050,Sản phẩm phù hợp giá tiền,5
18763056,"Sp mới, độ nét cao, sạc đầy pin hôm sau vẫn đầy.",5
19384712,"(*) Đánh giá không tính điểm
Sản phẩm điện thoại quá là chán tệ mình không hài lòng chậm nào cả mình vừa mới nhận hàng xong mình khui hàng ra thì nó lại bị hỏng phần khai xin mà máy rất là nhanh nóng mình sạc 80% mà sử dụng hai nhân từ đến 29 phút mà xuống thì còn có 20% pin thôi là điện thoại xem YouTube cũng không thể nào xem nổi mình đánh giá cho shop 1 sao",1
19535658,"Máy dùng hay bị lag, pin hết nhanh, ko như quảng cáo",2
19504209,"máy đẹp nhưng chậm, phù hợp với giá thành",4
19079007,Ok Tốt . Có điều muốn liên lạc bảo hành ko có số dt của shop . Các shop uy tín luôn có sdt cả .,4
19156125,"Hình thức đẹp, âm thanh to rõ, độ bền cần thời gian để đánh giá.",5
18695603,"Shop lì xì nữa, bất ngờ quá. Máy đẹp như hình :)",5
19524400,"giao hàng nhanh, đúng mã sản phẩm",5
19348982,sản phẩm tốt. đã dùng hàng bên này.,5
19337268,Ko hai long dân phẩm thiếu chất lương,3
15389974,"Giao hàng nhanh, đóng gói cẩn thận, hàng đẹp như quang cáo, chính hãng, cho shop 5 sao, sẽ ủng hộ tiếp",5
18802180,"Đúng hàng chính hãng, nhập khẩu Malaysia, có xuất hoá đơn VAT.",5
18454545,Mới dùng chưa biết được. Sau thơi gian bảo hành mới đánh giá chính xác,5
18761707,"Mới đặt hôm qua nay đã giao, sản phẩm như hình chất lượng.",5
19419119,"Đơn giản, tiện ích",5
16621241,"mẫu mã đẹp, thương hiệu nổi tiếng",5
16483669,"Tốt, đúng như giới thiệu. Được xuất hóa đơn đầy đủ. Các bạn có nhu cầu hãy đặt mua về dùng.",5
16477337,"Hàng loại này siêu bền, cty mình xài 10 năm loại này rồi",5
16874154,"Dt xài tốt, đẹp, cứng cáp, sẽ ủng hộ shop nữa",5
16302998,Hàng chuẩn chính hãng. Có xuất hđ gtgt luôn. Verygood!,5
18136631,"Hàng chính hãng, sử dụng ok lắm, rẻ nữa",5
19455938,Máy nguyên seal nguyên hộp. Giao hàng nhanh. Nói chung mua điện thoại chỉ nên tin tưởng mỗi Tiki.,5
19497389,"Shop giao hàng uy tín, hàng chuẩn đẹp nhé
 Thanks !!!💞",5
19530792,Máy OK,5
19419129,"Đã dùng hơn 1 tuần thấy máy dùng tốt, các ứng dụng cài chạy mượt ko bị giật lắc, cài đặt dễ dàng. Chuyển trang nhanh. Tải truyện trực tiếp từ lưu trữ đám mây tiện lợi, rất hài lòng. Ai đang phân vân con máy đọc sách tầm trung mà chạy được các app ko bị gò bó hạn chế như các máy đọc sách khác thì nên mua",5
19523115,"Nhỏ gọn, vuông vức, độ nét ok. Đọc qua 1 đêm thấy cũng ổn.",5
19452655,Đóng gói cẩn thận đầy đủ phụ kiện,5
19230487,"giao hàng nhanh, gói hàng cẩn thận, shipper thân thiện. chất lượng cần sử dụng 1 thời gian mới đánh giá được",5
19252797,Cấu hình tốt. Giá cả hợp lý.,4
19301403,Shop giao hàng nguyên hộp.máy giá rẻ mà chất lượng lắm.sẽ ủng hộ lần sau,5
17705655,"Máy dùng rất thích. Cảm giác cầm khá đầm tay (nếu đọc lâu thì sẽ hơi mỏi một tẹo). Đây là bản Kids+ nên có giá mềm hơn bản thường một tẹo, tuy nhiên mình không thấy có bất kì vấn đề gì ở bản này cả. 

Amazon có offer người dùng 1 năm sử dụng Kids+ nhưng mà hình như ở VN không hỗ trợ, mình loay hoay mãi mà vẫn không activate được.

Máy đọc các sách thuần chữ, ít hình ảnh khá mượt. Đặc biệt các đuôi EPUB, AZW, MOBI đúng với định dạng hỗ trợ của máy. Tuy nhiên, nếu phải xử lý các file có dung lượng cao, nhiều hình ảnh, máy có hơi lag và phản hồi chậm hơn.

Nhìn chung, đây là một sản phẩm tương đối đáng tiền. Thích hợp cho những bạn không muốn mang vác nhiều và sợ làm quăn sách. Đồng thời với những bạn thích đọc sách nước ngoài nhưng vì budget có hạn nên không mua được sách giấy. Sách Việt thì mình thấy đa phần sẽ chỉ có định dạng PDF, đọc không được thích cho lắm.

TiKi giao đơn rất nhanh, chỉn chu. Shipper hỗ trợ nhiệt tình và khá thân thiện. 😁",5
19353003,"Giao hàng nhanh. Máy còn nguyên seal. Có ốp da chính hãng. Lần đầu mình dùng kindle thấy tác vụ không được mượt khi dùng smartphone, thấy hơi giật giật không biết là bình thường hay máy mình có vấn đề gì ak?",4
16194556,"Thiết bị nhỏ gọn nằm vừa trong lòng bàn tay, đọc sách rất thích. Khi mua hàng ở đây còn có kèm thêm bao da chính hãng của Amazon.",5
18718648,"Máy đẹp, cover cũng rất nét. Mới đầu sử dụng còn lúng túng, khi hiểu máy thì dùng rất thích. Mình bị cận nhưng đọc thử khá ổn, có những đuôi file có thể tăng giảm cỡ chữ rất thuận tiện.",5
19449715,"Máy đuợc đóng gói cẩn thận, nguyên hộp, đầy đủ phụ kiện.
Chất lượng máy rất tốt",5
17474990,"Lần đầu tiên trải nghiệm máy đọc sách, cảm giác đặc biệt và hứng thú hơn sách giấy. Shop giao hàng nguyên seal, đóng gói tốt và giao hàng nhanh. Đáng mua.",5
18697696,Hàng đúng mô tả. Shop có tâm giao bản kids nên không gặp rắc rối trong việc gỡ quảng cáo. Pin trâu và sạc cũng nhanh. Đáng mua cho bạn nào muốn đọc sách.,5
18642694,Máy thì ok nhưng mà rõ ràng mình đặt bao da màu đen lại đưa bảo da màu xám. Sai phòng thủy. Kho hài lòng lắm,4
17320144,"hàng được đóng gói kĩ lắm, giao nhanh
shop tư vấn nhiệt tình
lần đầu mình mua mđs, cảm thấy rất ok, mong sử dụng được lâu dài",5
19080601,"ok giao đúng giờ, hàng chuẩn mới đẹp nha",5
17393280,"Cảm ứng tạm được, đèn vàng đọc đêm đỡ mỏi mắt, mình thích màn hình to nên thích bản 5 này hơn 4. Cover đi kèm đẹp",5
17863233,Đc,5
17701281,Hàng mới cứng và chất lượng lắm ạ.,5
18028511,"Mọi thức ổn, giao hàng nhanh, máy còn nguyên seal",5
17700437,"Mình đặt màu xanh, bill màu xanh nhưng giao màu đen. 
Tuy nhiên sau khi nhận được phản hồi thì bên phía Techmore đã liên hệ và xử lý vấn đề ngay. Cám ơn Techmore.",5
18908934,"Giao hàng nhanh và đóng gói cẩn thận. Máy dễ sử dụng, đọc không chói mắt.",5
18611625,"Cho mình hỏi cái này cho Kid là sao ạ
Giao hàng nhanh. Ok, trải nghiệm xong đánh giá tiếp",5
17960476,Shop rất nhiệt tình tư vấn và hỗ trợ về ốp lưng. Cảm ơn shop nhiều và chúc shop mua may bán đắt ❤️,5
18372601,"- Nhà bán giao hàng nhanh chóng, Từ hà nội đến TP.HCM chỉ mất thời gian 3 ngày.
-Sản phẩm đúng như quảng cáo . Hàng mới.",5
18509482,"Sản phẩm đệp, máy chắc chắn, chữ rõ nét",5
17188052,"Máy sử dụng khá ổn, gọn nhẹ. Shop đóng gói ok, có giấy tờ đầy đủ, bao da của Amazon đẹp và cầm rất thích.",5
17515763,"Hình ảnh rõ nét, đọc không mỏi mắt, tốc độ nhanh hơn thế hệ cũ.",5
18186306,"Nhìn rõ nét dứoi ánh mặt trời, đẹp, giao hàng nhanh",5
18386294,"Sản phẩm dùng 1tg thì xuất hiện lỗi Application Error khi mở máy, nhưng không ảnh hưởng đến quá trình sử dụng",4
18302690,"Mua hàng giá trị cao trên tiki trading mình rất yên tâm, mình mua khá nhiều lần. hàng giao siêu nhanh, chất lượng sản phẩm tốt, chăm sóc khách hàng thì không cần bàn cải luôn.
Máy chính hãng VNA mọi người ạ.
Chịu khó săn deal giảm giá kết hợp thanh toán thẻ tín dụng thì mình thấy là tiki là giá rẻ không đối thủ với dong ip này (so sánh với các nơi mình biết đến).
Nên mua nhé cả nhà.",5
18673071,"- Sản phẩm dùng quá tuyệt vời, mình đã dùng mấy tháng nhưng chưa thấy lỗi gì cả.
- Lúc mình mua trả góp qua thẻ sacobank (được giảm 2 triệu, và được hưởng trả góp 0%) thật tuyệt vời :)",5
18301223,"Sản phẩm tốt trong tầm giá, tôi hài lòng sau khi mua hàng. Giao hàng nhanh và đóng gói cẩn thận. Tôi chia sẻ thêm hình ảnh cho mọi người tham khảo khi mua hàng nhé. Tôi sẽ mua lại lần nữa của shop.",5
18467277,Sản phẩm thì ngon nhưng mà shipper đến giao hàng vẫn chưa nhận đc mã OTP.Gọi tổng đài hoài hết tiền điện thoại luôn mà không nhận đc lời xin lỗi.Vừa mất thời gian a shipper và mình,1
18015445,"Hàng hot đêm khuya. Săn iPhone qua thẻ Tín dụng giảm 2tr còn khoảng 20,5tr. Hàng tiki dc đồng kiểm , đóng gói kỹ có tem. Dịch vụ tốt nên mua đồ giá trị.",5
18182167,"Giảm còn 20tr, lại được thanh toán trả góp 0% 12 tháng, không chênh lệch với thanh toán thẳng luôn. Máy nhỏ nhẹ, phù hợp nhiều đố tượng. Dự xài 5 năm như con 7 plus cũ. 😆",5
18107327,"Nhanh, đẹp nguyên seal",5
18183708,"Cực thích tikinow, giao nhanh như một cơn gió.
Máy nguyên seal, mã VN/A chính hãng.
Được giảm 2triệu khi thanh toán bằng thẻ tín dụng.
Nói chung là ngon nha !!!",5
18721669,"Hàng giao nhanh, ổn. Kiểm tra vật lý ok.
Máy mới chưa active.",5
18260800,"Tiki giao hàng nhanh, đóng gói cẩn thận. Hàng chuẩn nguyên seal. 
Mua được đợt khuyến mại thanh toán bằng thẻ tín dụng nên giá cực hợp lý😁",5
18162134,"giao hàng nhanh, iphone nguyên seal, chính hãng mã VN. quẹt thẻ tín dụng dc giảm 2tr, ko chê vào đâu được.",5
19038328,"Iphone dùng hơn 3 tháng rồi. Ngon lành, giao hành nhanh. Tuy nhiên, thỉnh thoảng hơi lagged nha quý zị",5
18139007,Tiki giao hàng nhanh. Chất lượng. Camera rất đẹp. Pin ổn. Nói chung là hài lòng,5
18353621,"Không chỉ mua dùng mà còn mua tặng, luôn ủng hộ Tiki nha. Hàng giao nhanh, chính hãng, chất lượng",5
18508035,"Giao nhanh. Mình đặt hôm thứ6 mà thứ 7 là tới Vĩnh Long luôn..
Nếu có cơ hội sẽ mua thêm",5
18355840,"Camera chụp hình đẹp, sắc nét, giao hàng nhanh, đóng gói cẩn thận. Mượt mà, thích lắm",5
18477410,"Giao hàng nhanh. Chính hãng. Trả góp và voucher 2tr
Mới mua xong, giảm giá ko đc vui lắm",5
18137656,Hàng chuẩn không cần chỉnh nhé.,5
18661767,Hàng chuẩn giá tốt. 20990k - 2000k thẻ Citi = 18990k lại còn được tặng kèm củ sạc Anker.,5
18516248,"Giao đúng sản phẩm.
Đóng gói cẩn thận.
Giao hàng nhanh.",5
18160429,"Giao hàng nhanh chóng, sản phẩm đúng chất lượng, thật tuyệt vời",5
19454558,"Máy màu sắc đẹp sắc nét, ổn, đáng mua",5
18022377,Đẹp chỉ 1 từ thôi.,5
18319517,"Hàng chính hãng, chưa active, giao hàng nhanh chóng !",5
18705448,Đã dùng đc 2 ngày mọi thứ đều ổn. Lần đầu mua hàng có giá trị cao trên tiki cũng khá lo lắng. Sẽ còn đặt mua những món hàng giá trị cao. Hy vọng sẽ có những trải nghiệm thú vị,4
18291141,"Giao hàng nhanh, đóng gói cẩn thận, chất lượng tốt. Sẽ mua thêm nhiều sản phẩm của shop để ủng hộ.",5
18943110,"Đôi lúc tự động không nhận sim, phải khởi động lại máy. Chip Exynos hiệu năng không cao bằng Snapdragon.",3
18436204,Gjao hàng nhanh hàng mới chất lượng để xài thử,5
18450346,"Máy lúc nào cũng ấm, pin tụt gần như mỗi phút 1%. Cùng giá tiền nhưng không tốt bằng A73.",1
19413116,"Tốt, pin Xài được 3 ngày, không còn gì",5
18833932,"Giao nhanh, giá rẻ hơn TGDĐ cả 2tr, hàng chính hãng có tin nhắn bảo hành SS",5
18954942,"Điện thoại mới, sử dụng tốt, chưa gặp vấn đề gì.",5
18825056,"Không có hướng dẫn sử dụng nên chưa dùng, bảo hành ntn Tiki",4
19409280,"Máy đẹp, mượt",5
18994858,Điện thoại rất hay bị reset dùng rất chán,1
18829830,🫶🏻,5
18833652,tot,5
18554627,Hàng chuẩn,5
18554407,Không có khe cắm thẻ nhớ.,4
18741600,"sản phẩm giao nhanh, đúng sản phẩm, sử dụng tốt, sóng ổn định trong khoảng cách ngắn nhưng không truyền được quá xa qua nhiều lớp tường",5
18902783,Hàng chất lượng! Giá hợp lý!,5
17111212,"Giao đúng hẹn. 
Ngoại hình ổn
Chất lượng thì cần thời gian sử dụng mới rõ
Chuông hơi nhỏ
Ok trong tầm giá",4
18192903,Sp rất hài lòng. Hy vọng bền theo thời gian. Thanks shop!,5
18375387,Tưởng máy lắp được sim. Máy ổn,5
17801151,Ok shop có tâm tận tình giúp đỡ,5
19505480,Đ t đẹp màn hình khá.với giá sp so sánh chất lượng thì OK.giao hàng rất nhanh.gói hàng cẩn thận.very good,4
19440094,Chụp hình đẹp giao hàng cẩn thận tốt,5
19499316,Giao nhanh điện thoại tốt so với giá thành,5
19434753,đang thử thấy ok,5
19171282,Xuất sắc. Rất đáng mua.,5
19139872,"Máy dùng ổn, sẽ mua tiếp nếu có nhu cầu. Cám ơn shop",5
19349030,"Đang sử dụng máy tự tắt nguồn, mở lại không lên. Xong fim. Máy sử dụng chưa giáp tháng. Sản phẩm quá tệ.",1
18362796,"Giao hàng thần tốc, cơ mà k đc tặng bao da",5
18193898,Máy hợp cho các bạn nhỏ học zoom xem Youtube,5
17194914,"Shop hỗ trợ nhiệt tình và tuyệt vời.
Cảm ơn shop.",5
17004612,good,5
19468137,"Sản phẩm giá rẻ so với các gian hàng khác. Tuy nhiên, gửi hàng sai màu: đặt màu xanh, giao màu đen. Pin điện thoại quá tệ: chỉ được 1 ngày, không sử dụng cũng hết pin. Không nên mua điện thoại trên tại gian hàng này.",1
16768949,Rất rất không hài lòng. Mình chọn loại này vì thích màu xanh. Vậy mà giao màu đen. Thấy không được tôn trọng.Khi giao  không đúng theo hình ảnh thì nên hỏi khách hàng có đồng ý hay không.,1
16746244,"Mình sẽ cho không sao nhé shop. Để hình màu xanh, giao khách màu đen, khác nào *** khách hàng. Không thì giới thiệu là giao màu ngẫu nhiên đi, đây ko báo gì, muốn giao màu gì giao. Quá tệ",1
18923342,*** mẹ mày toàn *** thôi điện thoại gì không có nhạc chuông chó *** mẹ mày lũ khốn nạn quân ***,1
17513684,sp chính hãng. loa to. pin trâu .hàng Nokia khỏi bàn về chât lượng sp.shop bán rẻ hơn ngoài thị trường nhiều,5
18972191,Sản phẩm tốt chất lượng. Giao hàng đúng hẹn,5
17568505,sp chinh hãng nokia 4g đầy đủ.sóng khỏe. pin trâu.shop tư vấn nhiệt tình.,5
16680878,"Đặt điện thoại màu xanh. Shop báo hết màu hỏi chọn màu đen hay đỏ, báo chọn chuyển sang màu đỏ mà shop vẫn giao màu đen",1
17059396,"Dt xài tốt, pin khoẻ, màu đẹp, tuy nhiên giao hàng lâu, tiếp tục ủng hộ shop",5
15721109,hàng chính hãng..giao hàng nhanh 4g chuẩn,5
18814654,Ok,5
16629727,hàng tốt,5
13511856,Giao hàng nhanh,4
18785224,"Mình còn nghèo và ít nhu cầu, mua chủ yếu để đi học đọc các file bài giảng và ghi chú, check mail, thỉnh thoảng coi phim, nên tablet giá rẻ là đủ. Amazon đáng tin cậy hơn các hãng TQ. Máy chạy mượt, Alexa nhạy và tiếp thu lệnh tốt, mình luyện phát âm tiếng Anh hằng ngày bằng cách ra lệnh cho nó ghi chú. Coi phim thì độ tương phản màu sắc cao nên coi khá đẹp. Một cái máy hợp với hssv. Cài Google store là chạy như android bình thường.",5
16818150,"Shop nhiệt tình, nhắn tin nhanh. Ai muốn tắt quảng cáo thì nhăn tin với shop. Máy có lúc mượt có lúc giật lác nhất là lúc mới mở máy vào buổi sáng, chắc do phải khoeir chạy lại nhiều thứ ngầm bên dưới. Không sử dụng được tiki app.",5
19275642,"Đóng gói cẩn thận, giao khác màu, shop có note bên ngoài nếu không thích có thể không nhận
đơn hàng tặng kèm kính cường lực nhưng trong hộp không có kính cường lực, 😂😂😂",4
15177718,"Mình đặt đêm  hôm trước, trưa hôm sau nhận được hàng, hàng ship siêu nhanh! Sản phẩm đóng gói cẩn thận và mới nguyên seal. Mình dùng được 1 ngày thì thấy chất lượng rất ổn. Các bạn nhớ hỏi shop để được hướng dẫn cài CH Play nhé. Mình rất hài lòng! Thanks",5
15937608,"Máy dùng quá ngon , màn to , loa to , pin trâu , không còn gì để chê luôn . Cài Chplay dễ dàng , lên YT có mấy bài hướng dẫn cài đặt . 
Shop giao hàng nhanh , đóng gói cực cẩn thận luôn .",5
16268758,"ở xa nên giao hàng khá lâu, đó vướng lễ mình đặt cho con gái nên chọn màu hồng shop lại giao màu đen á, sản phẩm tốt, màn ok, pin xài rất lâu, loa nhỏ thôi chứ k phải quá lớn. giá này là rất ok. nên cho shop 5*",5
15300276,"1. Về máy: ổn, anh em mua sử dụng tác vụ cơ bản ok, xem phim, youtube, nghe nhạc, đọc sách quá hợp lý, pin trâu, giao diện mượt mà, phụ kiện cáp sạc đầy đủ không như các máy bây giờ là không có sạc.
2. Tuy nhiên, mình đặt màu denim (xanh dương) nhưng lại giao màu đen. Nếu shop hết màu có thể báo để mình chọn phiên bản khác. Đặt 1 đằng giao 1 nẻo mình không thích lắm. Dẫu cho chất lượng sản phẩm + đóng gói là tốt. Mong shop cải thiện.",3
17591784,"loa lớn pin tốt. ngon cho người già sài nha mọi người. chát amazon má mình ở VN sài á, tắt quảng cáo dùm.",5
18948568,Dùng khá ổn. Vỏ hơi ộp ẹp. Cường lực mua trên mạng chứ ko bán ở quầy hay siêu thị bên ngoài. Không tặng ốp nên kiếm ốp hơi mệt. Ai dùng thì ủng hộ shop thấy tốt,4
14418096,"Quá ngon, bổ ,rẻ cho một chiếc máy tính bảng. Màn đẹp, pin trâu (dùng ngày rưỡi vẫn còn 35%). Giao hàng nhanh.",5
19023703,"Máy dễ set up, dùng tương đối mượt, vừa túi tiền, hàng giao nhanh không thiếu hay móp méo gì. Cảm ơn shop ạ.",5
19482846,"Xài OK. Chỉ yếu để học bài và xem video. Còn chơi game thì k mượt vì cấu hình thấp 
Màn hình k đk sáng lắm",4
19111886,"Vừa mở hộp và xài được 1 ngày, đánh giá chất lượng tốt trong tầm giá. Shop đóng gói hàng rất cẩn thận, còn nguyên hộp của Amazon",5
19148894,"-Máy vừa đủ xài, , 
-cài ch play dc nhưng cài netflix ko dc ( shop thì nói cài dc )
- giao hàng nhanh",5
18952183,"Loa to rõ, màn hình OK. Tuy nhiên, cài đặt Google Play store và ngôn ngữ tiếng Việt khá lằng nhằng, tôi mò cả tiếng mới cài xong",4
15596981,"Giao hàng rất nhanh, đóng gói cẩn thận. Máy mới nguyên seal, dễ dàng cài đặt CHplay, loa và cam trước ổn. Mua về cho trẻ học online rất hợp lý. Đúng ngon bổ rẻ.",5
16926924,Màn hình nhìn đẹp chứ ko có bị rỗ quá. Độ sáng bth. Cấu hình yếu nên phù hợp để xem phim lướt web nhẹ nhàng. Nói chung là hài lòng.,5
18627868,"Máy chạy ổn. Tiki giao hàng cần cẩn thận hơn.  Hộp máy bị móp, nhưng may là máy không bị gì",5
15634808,"Chất lượng vượt mong đợi, hàng brand new, mình lên mạng xem hướng dẫn tự cài google play vào khá dễ, mình mua để xem netflix và youtube là chính, sản phẩm quá tốt so với số tiền bỏ ra",5
15612415,"giao hàng nhanh, đóng gọi đẹp
máy dùng khá ngon, mượt và pin trâu",5
16713182,"sản phẩm đóng gói kĩ lưỡng. đầy đủ giấy tờ bảo hành và thông tin nhà bán, có thể liên hệ ngay khi cần hỗ trợ",5
18309671,"Máy ok, thời gian giao hàng nhanh, dùng rất ổn, mỗi tội lưng cảm giác hơi ọp ẹt, book màu olive mà ship màu đen",4
18294662,"Giao hàng nhanh, xài được 2 tuần, đọc sách xem phim ok nhưng hay bị lag, tạm phục vụ nhu cầu giải trí nhẹ",4
16289569,Mua màu xanh nhưng shop lại chuyển màu đen.,5
17406849,"Về đóng gói: Đóng gói không được kĩ cho lắm, hàng giá trị đúng ra phải quấn trong túi bubble chống sốc, ghi hàng rất dễ vỡ nhưng shipper nhiều khi họ k để ý đâu. 
Về shipping: thời gian giao hàng không nhanh lắm, m đặt tặng nhưng nhận hàng hơi trễ. M canh hàng đến kho là cbayj đi lấy luôn. 
Về sản phẩm: Hàng nguyên seal, có tem tiki niêm phong, đã check hàng chính hãng. Máy cầm nhỏ gọn phiên bản giống ip 5s, màn hình 6.1 nhưng do vuông vứt nên nhỏ hơn ip11 nên ai thk nhỏ gọn thì chọn ip 12 còn ai thk kiểu cầm nặng tay chắc chắn thì ip 11 hoạc 12 pro hoặc hơn... v
Nhận xét chung: khá hài lòng về sp, mua tiki thì an tâm rồi. Để sd tg sẽ cho đánh giá rõ hơn.",5
14304505,"Mình mua tặng sinh nhật mẹ mình. Hàng chuẩn VN/A nhé cả nhà. Có một điều khiến mình không hài lòng: đơn vị vận chuyển.
Trước giờ đơn vị vận chuyển là TED (Tiki Express Delivery) nên độ bảo mật của hàng rất cao và đồng thời hàng cũng được xử lí nhanh chóng (vì mình đã có 2 lần mua hàng Apple trên Tiki rồi). 
Lần này đơn vị vận chuyển là bên BEST, hàng xử lí lâu, lại còn bị kẹt ở kho trung chuyển nào đấy tận 2-3 ngày, khiến mình rất không yên tâm! Mình đã gọi điện cho bên Tiki phản ánh điều này. Hơn thế nữa bên BEST khi giao hàng dù có đồng ý mở hộp đối chứng sản phẩm, nhưng lại có thái độ hơi đáng sợ “alo, chị xuống nhận điện thoại gì gì nè” 😂 U là trời, tui ở chung cư, ổng đứng giữa dàn shipper mà ổng nói chuyện với khách vậy coi có chết tui không trời 🙄 Lỡ người ta ngó thấy rồi thủ hàng sẵn kề cổ tui rồi đơn vị vận chuyển có chịu trách nhiệm cho tui không?
À, rồi cũng không có 1 cái mã OTP nào được gửi tới như bên TED nữaaaaa!!! Vậy mà cô bé nhân viên tổng đài bảo có, buồn ghê!
Cho nên xin phép không thể đánh giá 5 sao được, dù sản phẩm rất okayyy, mẹ mình dùng rất ưng luôn ấy ạaaa",4
17532082,"Giao hàng hơi chậm so với dự kiến, nhưng không sao. Sản phẩm chính hãng, nguyên seal chưa active. Ngoài test app bằng áp số kế không thấy thay đổi số thì Hiện tại chưa thấy vấn đề gì.",5
14034968,"Trải nghiệm mua sắm tuyệt vời với Tiki: giá rất tốt, giao hàng khá nhanh (mặc dù cao điểm). SP chính hãng, hoá đơn đầy đủ, tạm thời dùng tốt. Chăm sóc khách hàng chu đáo",5
13909681,Giao hàng nhanh chất lượng quá ổn. Phê bình cái ông giao hàng giao ko báo gì hết quăng vô nhà dù Tiki đã ghi hàng dễ vỡ. May mà ko bể hay cấn móp. Hàng giá trị cao mà giao kiểu này hơi ghê. Cho 5 sao khuyến khích. Chất lượng xài thêm mới biết nữa. Khuyến nghị đổi đơn vị vận chuyển,5
16210494,"Máy đẹp, chính hãng, dùng khá ổn, giao hoả tốc trong ngày liền. Có cái là sạc rất nóng máy mặc dù để cả chế độ máy bay + tắt mạng. Tản nhiệt rất chán. Phần cảm ứng phía sau cũng không nhạy như lời đồn. Cái gì mà cách 2-3 lớp sách vẫn nhạy :)) mình cài đèn pin, chạm mỏi tay lâu lâu nó mới chịu bật đèn. Có khi ko làm gì nó cũng tự bật đèn…",5
18100043,"Mình mua sale 14tr5. Mọi thứ đều ổn. 
Màn hình của ip 12 có vàng nhẹ so với màn hình các dòng ip từ 11 trở xuống, mình tìm hiểu như vậy là bình thường, bạn nào mắt nhạy cảm với ánh sáng vàng như mình thì nên cân nhắc, hoặc dùng tới khi quen mắt.",4
14285820,"Hàng ok ạ. Nếu ai mua về khởi động set up và check số series trên web apple mà thấy báo “Please activate…” thì bình tĩnh nhé. Mọi người đợi khoảng 1h hoặc update hệ điều hành, sau đó check lại sẽ thấy đã được active á. Mình cũng gặp trường hợp nay cho iphone của mình. 5 sao cho tiki!!!❤️",5
6632823,"Chỉ 1 từ để mô tả sản phẩm “awesome”
Dịp này tiki ưu đãi giao 2h freeship (quá đã) nhưng do quà tặng kèm củ sạc 20w anker ở kho khác nên mình bị tách đơn và có fee ship :((
Chờ củ sạc này về để test thử tốc độ sạc ntn chứ mình đang xài tạm củ 12w của iPad full pin lâu lắm
Bonus thêm, mình luôn tin tưởng hàng của tikitrading sau nhiều đơn hàng đã qua.",5
10157409,"Trước giờ vẫn rất ủng hộ Tiki đặc biệt là lúc mua hàng điện tử, cả laptop, điện thoại và máy ảnh của mình đều mua ở đây, nhưng đến lúc này thì phải đánh giá 1 sao. Điện thoại nhận được còn nguyên seal nhưng lại có vết trầy xước ngay viền, lúc mình khởi động máy lên rồi mới phát hiện, sau khi liên hệ CSKH thì được báo phải chờ 48h mới có kết quả, trong thời gian đó điện thoại phải tắt nguồn không sử dụng, làm lỡ bao nhiêu công chuyện của mình, tới lúc được phản hồi thì cái gọi là hướng giải quyết của Tiki là không chấp nhận đổi hàng, sau đó tặng cho mình 1 cái voucher mua ốp lưng vô thưởng vô phạt. Mình giải thích rõ là mình không có nhu cầu xài ốp lưng, nên voucher này đối với mình mà nói không có tác dụng, cũng thông cảm cho việc không đổi hàng vì đã bật nguồn và yêu cầu xem xét lại cách giải quyết, thì từ đó đến nay đã 4 ngày, không một cuộc gọi không một email, lờ đi yêu cầu chính đáng của khách hàng. Nếu đây là cách thức CSKH của Tiki, thì mình xin phép từ giờ không ủng hộ nữa, QUÁ THẤT VỌNG!!!!",1
13767572,"đóng gói cẩn thận... mk ở tỉnh, giao 1 tuần ms tới... máy nguyên seal vn/a, test máy k có vấn đề j ... lần đầu mua onl hàng giá trị v nên cũng hơi lo.. nhưng mà tiki bao chất lượng nka... lúc mk mua là 18tr6",5
6841762,"Máy tạm ổn, mình mua đc chưa tới 1 tuần, đang xài thử xem như nào. 
Máy chạy rất nhanh, camera bao đỉnh, nhẹ và đẹp. Tiếc là hết màu trắng huhuhuhuhuhu.
Nowship ở Q1 hết 40k nhưng nhận đc hàng trong 2-3h thì cũng đáng.",5
13857012,"Bên ship gọi điện 1 lần hỏi mình có nhà k để giao nm lúc đó mình đi làm. Rồi nói sẽ báo tg giao sau do hàng giá trị cao. Sau đó thì mình gọi lại 10/10 cuộc từ số gọi mình lúc sớm tới số của bưu cục k ai nghe máy. Đợi gọi tổng đài bên bưu cục cũng k gọi lại. Xong phải qua tới bưu cục để lấy. Quá chán vs cái Best express này, giao hay k cũng k nói 1 tiếng",4
14193985,"Sản phẩm tốt, giao hàng nhanh chóng dù đợi tiki có hàng cũng khá lâu. Shipper vui vẻ nhiệt tình",5
6971726,"Mình mua hàng lúc 6h chiều và nhận đc khoảng tầm 9h tối, dù lúc trước tiki có nhắn là đến sáng hôm sau mới nhận được. Anh shipper có tâm chờ mình đến tận nơi mới đưa => 10 điểm dịch vụ.

Ngoài ra thì điện thoại nguyên seal chính hãng, mình ko phàn nàn gì ^^",5
14503528,"đúng máy, đúng mã, đúng màu, giao hàng nhanh, cẩn thận, niêm phong đầy đủ.",5
6237282,Đặt hàng hôm 12/12 đến hôm nay 15/12 nhận sp lúc 7h tối mở ra thì cảnh phải giữ màn hình và viền hở rất lớn còn có vết trày cài đặt bản ios mới thì chạy 2h30p k dc face id lúc nhận lúc k???? mới nhận dc mấy tiếng tiki đổi giúp cho sp khác,1
13878886,"Lần thứ 2 mưa đồ đắt tiền, đóng gói chắc chắn sản phẩm chính hãng vn/a. Tự tay bóc hộp và kích hoạt máy.",5
17489794,"Màu đỏ quá đẹp, giao hàng siêu nhanh, đóng gói cẩn thận",5
6398508,"Hàng chuẩn FPT. Đóng gói cẩn thận. Mới trải nghiệm nên chưa có nhiều chia sẻ. Đánh giá 5*. Mặc dù giao hàng chậm so với dự kiến. Nhưng bù lại nv chăm sóc khách hàng nhiệt tình, chu đáo.Cần cải thiện thời gian giao hàng.",5
18072901,Mọi thứ cực nét. nguyên seal. giao hàng trong 1 ngày. giá rẻ hơn các Store 500-1tr. tuong lai sẽ tip tục mua của Tiki,5
13953740,Tôi đã mua và trải nghiệm sự nhanh chóng tiện lợi an toàn uy tín và chất lượng của Những sản phẩm tiki,5
11646972,"Vì covid nên không nhận hàng được được; mình báo shipper huỷ giùm, mốt tính sau; nhưng tới trưa thì thấy báo giao ĐH thành công, @@. Liên hệ tiki thì hẹn cả tuần mà vẫn chưa thấy giải quyết, tổng cộng thời gian từ lúc đặt hàng đến hôm nay cũng đc 20 ngày mà  vẫn mất tiền kg được tiki đền bù.",1
7024688,"TiKi giao hàng siêu nhanh, vừa đặt xong đã giao ngay nhưng mình chạy về nhà ko kịp, bạn shipper khác hôm sau giao lại rất chuyên nghiệp, chủ động khui hàng đồng kiểm và dặn dò mình khi khui máy nhớ quay vid lại.
máy giao đúng màu, đúng loại, hiện tại mọi thứ đều rất tốt. Tks Tiki",5
19302824,"Tưởng hàng Samsung sản xuất ở Việt Nam, hoá ra máy sản xuất ở Trung Quốc là mất giá trị rồi.",3
19443070,Hàng chuẩn nguyên siêu .máy chính hãng.chất lượng tuyệt vời sẽ ủng hộ dài dài,5
19448428,"Giao hàng chuẩn vs nhanh gọn lẹ , shop uy tín và chất lượng",5
19363577,"Shop giao hàng nhanh, uy tín, đóng gói kỹ, đt đẹp, đủ mượt , cam chụp ảnh đẹp , mua cho phụ huynh xài rất ưng ý😍",5
19017318,Sp nhận nguyên seal hãng. Máy đẹp quá trời. Hàng ny bảo hành 18 tháng lận.pin trâu.,5
17949525,"Sau 1 vài ngày sử dụng thì mình đánh giá hiệu năng của em này tuyệt vời, nó giống với các dòng cao cấp khác của samsung, nhược điểm thì chắc chắn là thiết kế, nếu bạn muốn sở hữu một con vừa tốt về mặt hình ảnh lẫn hiệu năng, mình khuyên các bạn nên chọn ultra, còn riêng về hiệu năng với mức giá phải chăng thì chắn chắn là em nó",5
16487058,"Giao hàng nhanh. Hàng chính hãng, chất lượng đảm bảo. Mình đã cẩn thận lhe với Shop thì đc cho địa chỉ Web của cty và chứng nhận đại lý phân phối của Samsung nên hoàn toàn yên tâm khi mua hàng. mọi người có thể yên tâm mua hàng của cty nhé. Hoặc qua Web tìm địa chỉ, đến tận cửa hàng của Shop lấy cho yên tâm hơn. Cảm ơn Shop đã tư vấn và cung cấp thông tin đầy đủ.",5
18858168,"Mình khuyên thật là mọi người đừng mua hàng điện tử có giá trị cao online, đặc biệt là ở shop này, thà rằng từ đầu tốn thêm vài trăm 1 triệu ra TGDĐ hay FPT mua thì đã ko gặp phải trường hợp khổ sở như mình.
Cái shop này khá giống dạng bán xong đá bát mà hay thấy trên thời sự. Điện thoại giao tới màn hình có lỗi rõ ràng, cứ có vùng ám dải màu xanh xanh trên nền trắng, ko đều màu. Mình nhắn tin, 1 ngày sau rep ""mang ra bảo hành đi"". Ko 1 câu hướng dẫn hỏi han gì hết.
Sau đó mình liên hệ được tiki để đổi trả, vì mình biết TTBH của samsung nổi vì tai tiếng lâu rồi, nhưng đâu ngờ cái samcenter này cũng dây mơ rễ má phong thái dịch vụ tệ hại như nhau.
Khoảng 2 tuần sau thì lại phán 1 tờ giấy kết quả đại loại là ""ko có lỗi, sài đi"".
Tới đây mình điên lắm rồi, lúc đầu mình chưa rành mấy lỗi này nên cứ nghĩ nó bị ám màu theo vùng, vội lên mạng tra ra thì hóa ra là lỗi ""Uniformity"" do NSX. Mọi người nói lỗi này rất thường bị samsung chối trách nhiệm, tưởng nhà bán sẽ 1 đổi 1 mấy ngày đầu, NHƯNG ko hề có bất kỳ dịch vụ nào đâu, thậm chí còn bơ khách như chưa hề tồn tại, nhắn tin ko rep luôn.
Giờ mình phải cam chịu dùng đại nhưng bị đau mắt đó mọi người. Đừng tiếc bỏ thêm vài trăm nha, vì điện thoại mua tới gần chục triệu lận, để sài lâu dài nữa, kiếm chỗ uy tín quan tâm KH mà mua. Samcenter tiki TỆ HẠI thật sự!",1
18413914,"Hài lòng với sản phẩm.Mới dùng nên chưa thể nói hết những ưu nhược điểm của đt này.Shop đóng gói kỹ., Có cả đơn hàng.Điện thoại đã được kích hoạt bảo hành trước, nên chưa biết thời gian BH còn bao nhiêu tg. Cũ người mới ta , hàng đã ra mắt đã lâu.Để xem sử dụng đt được bao lâu, lúc trước tôi đã dùng một cái đt fe mà SS note fe , rồi năm trước bị hư hỏng pin.Mong sẽ tốt hơn...",5
16679661,"Shop làm ăn gian dối, để giá rẻ để *** khách hàng. Bỏ tiền ra mua máy mới nhưng khi nhận thì bảo hành chỉ còn 8 tháng. Nhắn tin hỏi thì báo đã kích hoạt trong khi lúc mua hàng thì ghi bảo hành 12 tháng máy mới? Rồi nhắn tin kêu shop giải quyết thì shop lơ lun không trả lời.",1
17821772,"2 micro hư 1, do 1 micro vẫn nghe gọi được nên ko phát hiện, lúc cài 1 số ứng dụng ko dùng được mới phát hiện, đem ra trung tâm bảo hành thì đã quá 7 ngày đổi trả, mới mua đã phải bung máy, lại còn mất thời gian chờ đợi bảo hành.",1
17340340,"Đã dùng 1 thời gian , tạm thời chưa thấy lỗi lầm gì. Tuy nhiên type tin nhắn và văn bản trên máy s20e này cảm giác ko chuẩn như trên máy S10.
Đặc biệt là hàng bị trôi bảo hành hẳn 3 tháng, nếu tính ra số tiền/ số tháng được bảo hành thì còn thua mua máy mới ở cửa hàng điện thoại",4
17927212,Hàng ok full bốc full seal ! Lỗ sx mới 2022. Cài sẵn android 12 !,5
17720730,"Máy nguyên seal, hàng chính hãng, bảo hành đủ 12 tháng..Nhân viên tư vấn tốt, thân thiện.

Cám ơn :)",5
16665512,"thực sự không biết nên chê thế nào, shop giao hàng nhanh ...quá mức cần thiết vì mình nghĩ sẽ như lịch :) , hàng ưng ý nhân viên giao thân thiện. Cám ơn shop",5
18328098,"Shop phản hồi nhanh. Hàng nguyên seal, mới 100%, đã dán sẵn màn hình. 

Chất lượng quá ổn ở tầm giá này. 

Cho sản phẩm và Shop 5 sao.",5
18172538,"Sản phẩm tốt, lướt thấy máy chạy mượt. Sài lâu máy hơi nóng. Phù hợp với giá tiền của dòng máy. Pin cũng sạc đủ Sài được 1 ngày",5
16572531,"Sản phẩm về xài ổn, mượt. Ưng ý nhất là Shop rất nhiệt tình tư vấn từ khâu máy cho đến khâu vận chuyển. Mình cần hàng gấp nên shop cũng tranh thủ giúp mình. Thậm chí đêm khuya còn nhắn shop cũng reply lại. Nói chung là ưng ý hết mức",5
18510594,Nhắn tin đến tổng đài 6060 để kích hoạt bảo hành không được. Gọi tổng đài thì cskh nói không liên quan đến mảng thương mại điện tử. Chat qua web thì không ai phản hồi.,1
18854051,"Dùng rất mượt mà , cam tốt , màn ngon , là deal hời nhất của nhà Samsung chính hãng nếu chấp nhận được 2 điểm : màn hơi tối và pin hẻo thực sự .",5
18986699,"Tốt, mềm hơn tí thì tốt hơn",4
17714990,"Hàng mới 100%, chính hãng, chưa active, nguyên seal. Dùng mượt, không nóng máy, mình không chơi game nên pin dùng 1 ngày còn 15% cho tác vụ bình thường. Nhân viên shop tư vấn nhiệt tình.",5
16468917,"giao hàng nhanh, đúng màu, miếng dán màn hình theo máy mình thấy khá là mỏng, phải dùng 1 thời gian mới cảm nhận chính xác được.",4
16668054,"Hàng đẹp nguyên seal. Giá mềm, chất lượng S20 FE Snapdragon thì miễn bàn. Trừ Shop 1 sao do hàng đã kích hoạt bảo hành mà không nói rõ trong phần mô tả sản phẩm.",4
18142717,Sản phẩm nguyên seal được gói rất cẩn thận và còn được dáng màn hình sẵn rất tiện ích và rất thích màu của sản phẩm,5
16213247,"Giao hàng đúng thời gian dự kiến.
Đóng gói cẩn thận, có chống sốc,
Hàng nguyên seal, chưa mở hộp nên chưa kiểm tra máy bên trong.",5
16173919,Sản phẩm chính hãng còn nguyên seal. Đóng gói cẩn thận,5
16988164,tốt,5
17691688,"S20 fe này là best trong tầm giá r, chip 865 rom 256gb lận, mua cho bố mẹ dùng là quá đẹp",5
14023932,"- Nguyên seal cho ai cần bốc seal
- Gối hàng kỹ cho đơn vị giao hàng nào vứt bung bung
- Giao hàng chậm hơn so với tiến độ nhưng tiki có mail thông báo
- Nhắn vs thằng shipper là có ghi tên sẵn "" gọi trước khi giao"" do không có sẳn ở nhà, vậy mà nó tới nhà mới gọi, kêu ra nhận liền, hẹn nó 5 phút mà thái độ lồi lõm. Shop liện hệ nó lấy 1 sao nhé",4
17657860,"Sản phẩm chất lượng nguyên seal zin chính hãng. Xem phim giải trí đều tốt. Giá tốt, pin để xem phim giải trí cũng tầm 12 tiếng chơi game pin mau hết hơn",5
16021909,"Mình không đánh giá về công nghệ vì đã có rất nhiều bạn reviewer hiện nay đã làm việc này. Mình nhận xét ở đây là giá cả phù hợp với cấu hình của máy và đáp ứng nhu cầu hiện tại của mình. Về máy thì mình thấy khá cứng cáp, đẹp cộng với bao da nhìn xịn sò. Qua đánh giá này nhờ TIKI gửi lời cám ơn đến bạn giao hàng. Mình đã sử dụng TIKI khi còn là website bán sách và bạn giao hàng này giao cho mình cũng nhiều năm. Cách bạn đó giao hàng rất tận tình, vui vẻ.",5
16746567,"Giao hàng hơi lâu. sản phẩm còn nguyên seal, đầy đủ phụ kiện. Máy tạm ổn so với giá, tất cả điều tốt, có màn hình độ phân giải hơi củ chuối chút xíu.",5
15206908,"Mình nhận hàng đầy đủ hộp nguyên seal, rất đẹp. Lúc bóc còn nguyên nhãn mác. Sau hôm qua thì sáng nay đã nhận đc tin nhắn bảo hành thiết bị. Mình thấy pin dùng khá bền. Khi mua đc tặng cover nên thấy rất okay ạ.",5
13748688,"Vỏ máy đẹp, hoàn thiện tốt. Ốp lưng cũng đẹp nhưng lắp vào máy thì làm máy khá nặng, cầm rất mỏi.
Màn hình tấm nền TN cho góc nhìn thấp nên mn cần cân nhắc.
Lưu ý là máy không quét thấy mạng wifi 5GHz mà chỉ thấy mạng 2.4Ghz thôi nên sẽ bị giới hạn tốc độ truy cập.",3
19483329,"Hàng mới nguyên seal, đẹp, cám ơn shop, cám ơn tiki",5
13909739,"Shop giao hàng nhanh, đóng gói cẩn thận, hàng chính hãng được kèm thêm bao gia xịn sò, rat ưng ý sp của shop",5
14594804,"Ko thấy tờ giấy bảo hành nhưng được xem hàng và quay phim lại khi giao thấy OK rồi nên mình cũng không quan trọng. Mình cảm thấy máy hơi dày thô, dùng để giải trí như xem phim, chơi game vẫn khá OK. Với mức giá này thì như vậy là tốt rồi.",5
15586389,sp hiện tại ổn chưa thấy lỗi gì. mua hàng tại tiki trading rất yên tâm và hài lòng chỉ có điểm trừ là theo dõi cập nhật trên app ko sát với quá trình giao hàng thực tế nên ko tiện lắm,5
13788829,Nguyên seal có book cover tặng kèm (399k)⭐🍌. Giao hàng nhanh thật mới đặt hôm qua nay đã có dù chuyển về từ Hà Nội. Chất lượng đợi dùng mới biết. Tạm cho ⭐⭐⭐⭐⭐,5
15948922,Mua chính hãng thì ko có gì phải bàn. Mỗi tội cảm ứng khuôn mặt ko nhạy lắm khi mở khoá vẫn phải vuốt lên ko auto mở luôn màn hình. Cảm ứng chạm cũng vậy. Giá ổn. Mua chỉ để phục vụ xem phim đọc truyện thì ok chứ làm việc có thể sẽ hơi chậm,5
15429830,"hàng chính hãng, bảo hành điện tử. nhưng bộ nhớ hơi nhỏ ko đủ nhu cầu cài app nên cũng bất tiện, độ phân giải màn hình thấp nên coi video ko mịn.",4
13476755,"Sản phẩm hiển thị quà tặng kèm nhưng giao hàng thì bảo hết , giá không giảm cũng không hỗ trợ đổi trả dù nguyên seal  ! Mình mua hàng tiki đã 10 năm nhưng càng ngày càng thấy chất lượng dịch vụ , Gía cả ,chính sách , khuyến mãi , giao nhận hàng 0 tệ hại hơn các  thương hiệu như FPT , và Thế Giới Di Động rất nhiều !  Thậm chí đã hủy đơn hàng bên FPT đê ủng hộ tiki ! Thật đáng tiếc cho một doanh nghiệp bắt đầu có những hành vi  đặt lợi nhuận lên trên khách hàng những năm trở lại đây !",1
13922564,"mua ko có km 4400k nhưng được km bao da chính hãng, nếu kh mua sau 1 tuần còn đc giảm thêm 500k, hơi tiếc 1 chút nhưng vẫn vote 5 sao cho sp.
cấu hình vừa phải, đủ nhu cầu sử dụng cho các phần mềm học cho lứa 3-7 tuổi. 
vỏ kim loại chắc chắn",5
13870358,"Đặt hàng tối t3 mà sáng t5 đã có hàng rồi nhé, hàng nguyên seal nguyên tem đóng gói cẩn thận. Giá rẻ hơn thị trường rất nhiều!",5
14967815,"Giao nhanh tikinow, máy vầm vừa tay. Hàng chính hãng nguyên seal. 
Máy hơi chậm phần cảm ứng nhưng nói chung hoàn thành được các tác vụ giải trí đơn giản. Mình mua để xem trên xe hơi thôi nên thấy okie
Ưu điểm tablet có thể comm như điện thoại nên khá tiện.",5
15870230,"Tiki giao hàng nhanh trong ngày, hộp nguyên seal. chất lượng.",5
17292284,"Tôi mua cho con xem youtube là chính, màn hình kém nhưng build khá chắc chắn, phần mềm samsung làm rất tốt, ổn định. Máy hơi chậm nhưng ổn cho nhu cầu và tương xứng giá tiền.",5
16005888,"màn hình bị hở sáng khi reset hay cập nhật phần mềm.
không biết có phải bị lỗi hay k?",4
16493205,"Về sản phẩm không vấn đề gì. Nhưng mua tiki bảo tưởng rẻ nhất. mà vào shoppe, đúng shop mall của samsung  thấy rẻ hơn 300k lai được tặng cả cái bao da( search tiki là hơn 200k). Mua hàng ở tiki nhiều thấy nó sai sai",1
13999598,"Máy được đóng gói cẩn thận, xem rất thích, Niêm phong kỹ, máy phù hợp nhu cầu sử dụng.Có một vài thắc mắc đều được đội ngũ tiki hố trợ nhanh chóng, nhiệt tình. cảm thấy rất hài lòng và yên tâm!😍",5
14978029,"hàng chính hãng,nguyên seal,kèm bao da zin chính hãng",5
10902177,Máy mới nguyên nhãn mác. Đóng gói cẩn thận. Máy dùng tốt. Giá rẻ hơn mua trực tiếp điện máy. Do ở Cần Thơ nên giao hàng hơi lâu. Tuy nhiên chờ đợi cũng xứng đáng.,5
19352481,Khe sim khit chặt không phải vào nhét sim vào được. Đến khi nhét được sim vào thì bị bung hết vào thì bung hết ra. Một nhà bán hàng vô lương tâm tâm lừa lọc khách hàng.,1
19513310,Máy màn hình to vãi .phím lồi dễ dàng bấm.dùng cho ông bà già quá ok,5
19301366,Nhận máy nguyên hộp. Màn hình rộng to.phím bấm nổi .giá rẻ,5
18881037,"Điện thoại nhỏ gọn, giao hàng cực nhanh, mọi người nên mua nha",5
19426414,Hàng giao đứng hẹn!!!!!!!!,5
19029411,"Màn hình bị  xước, yêu cầu đổi trả",2
19506216,sản phẩm phù hợp,4
18977820,Ngon lành. Mua ol mà như thế này thì cho 5*,5
18922760,ok,5
19266249,"Sản phẩm khá tệ, mua cho mẹ dùng mà chưa được 1 tháng máy gặp tình trạng màn hình đơ đã đành giờ thi thoảng bị vạch đen, gọi lên Tiki cũng chỉ có thu hồi về bảo hành. Chốt lại không bao giờ mua mấy đồ điện tử này trên sàn thương mại điện tử nên chọn mua trực tiếp để có chế độ đổi trả hàng trong 1 tháng chứ mua này vừa phí tiền lại rước bực vào người 🤬",1
18943266,"Lần đầu tiên mua sản phẩm giá trị cao 
Lúc đầu ko yên tâm 
Lúc nhận hàng thì ko còn gì phải bàn
Thanks tiki . Quá hài lòng",5
18841940,Hàng tốt trong tầm giá ok,5
19452879,Ok,5
19414176,tốt,5
18907341,hay tot,5
19136526,"(*) Đánh giá không tính điểm
shipper hối thúc quá nhiều",1
19390567,"Hiện tại sử dụng được vài ngày, đt gặp tình trạng bị đứng, màn hình đen hơn 1 phút thì bình thường lại. Vấn đề này bị 2 lần trong vài ngày nay",4
18722469,"Shop nhiệt tình , giao hàng nhanh , hàng chuẩn đúng chất lượng",5
17265281,"Đóng gói kỹ, rất ưng ý, sẽ ủng hộ shop lần sau!",5
19486069,Lần sau lại mua:v,5
17198064,"Pin trâu
Màn hình khá
Giá khá tốt
Shop nhiệt tình 
Nói chung là khá hài lòng khi mua sản phẩm này",5
19484948,Chua trải nghiệm giao hang thì đúng hen,4
17046404,Máy nguyên seal. dùng tốt cho người có nhu cầu ít. Nắp lưng nhám cầm khá chắc tay phù hợp người lớn.,5
18341861,May k giống may cung đoi với Nhung máy của cac nha bán hàng khac,3
15660989,"Điện thoại nguyên seal, đẹp, tôc độ xử lý điện thoại nhanh trong giá tiền, tks shop. 
Sẽ mua ủng hộ lần sau",5
18668403,Điện thoại tốt chất lượng đúng như mô tả,5
15982075,"Giao đúng hẹn , máy mới nguyên tem",5
16713017,"Sản phẩm phù hợp với giá tiền,giao hàng nhanh",3
18310140,"dịch vụ uy tín, giao hàng đúng hẹn",5
17605203,Cũng tạm ổn so với giá tiền,4
17039141,"Sản phẩm tốt, giá rẻ",5
17321805,Sản phẩm ok,5
16495460,hình ảnh đẹp và máy mát,5
19510303,May be batch that failed ram test. Regularly needs a reboot. I don't know if this is tiki or Amazon's fault yet.,4
18048352,"Giao hàng nhanh, xài ổn, sạc nhanh, pin khá ok, chơi game mượt, chơi genshin hơi nóng máy nhưng vẫn mượt. Mà màn hình hơi tối, nhất là hình nền, cùng một hình mà cài cho điện thoại dòng khác nó sáng hơn. Nếu mua chủ yếu game thì tốt, còn lại thì mức tạm thôi.",4
17889621,"Lần đầu tiên về team Poco. Cảm nhận chung là rất ok trong tầm giá.
- Màn hình: mượt mà, khi chuyển sang chế độ 120Hz thì game và video rất mượt. Độ sáng cao, đứng dưới nắng xài cũng khá ok.
- Âm thanh: Loa Dolby Stereo thật sự, cho hiệu ứng âm thanh tốt, chất âm tốt hơn các điện thoại cùng phân khúc mặc dù âm lượng tối đa hơi nhỏ nhưng cũng đủ dùng trong phòng.
- Thiết kế: Cầm nắm rất chi là ưng cái tay, bề mặt lưng nhám chống bám vân tay tốt.
- Camera: Không quá xuất sắc, ảnh đẹp trong điều kiện đủ sáng ngoài trời. Trong điều kiện thiếu sáng hoặc ánh sáng lộn xộn nhiều nguồn thì camera cân bằng trắng không tốt, lệch màu hết cả. Chuyển sang chế độ chụp thủ công mới ổn.
- Pin: Trâu, sạc 1 tiếng đầy bình xài 2 ngày. Chơi game, xem phim liên tục thì cũng phải 8-10 tiếng mới cạn.
- Hiệu suất: Chip Snapdragon nên khỏi chê, thừa dùng cho hoạt động hằng ngày và đủ chiến mọi tựa game mobile hiện nay.",5
14981121,"Sản phẩm chính hãng
cấu hình mạnh, màn hình, ánh sáng..ổn trong mức giá
đề tần số quét 120hz pin tụt nhanh, khả năng cầm pin không được tốt !",5
17237791,"Poco F3 xét ra không yếu hay ít tính năng hơn Poco F4 là mấy, giá lại cực kỳ tuyệt. Khó có thể tìm được sản phẩm nào chip 870 256gb dung lượng, camera khá, mà mức giá (sau sale) xuống mức 8tr. Ai mà cần điện thoại xịn chơi game và làm được nhiều chuyện khác với giá hợp lý thì nên mua nha.",5
13646967,"Giao hàng nhanh, sản phẩm nguyên vẹn, trải nghiệm 1 tháng, chơi game mượt, kể cả game 3D như Genshin. Chưa có nhiều cơ hội check camera (khuyến cáo nên dùng app chụp, vì chụp thấy rõ mắt thâm quần). Có dây chuyển đổi cho tai nghe, không nên lo vì đt không có giắc cắm tai nghe.",5
13794263,"mua điện thoại, giao tai nghe. 
tưởng mua được điện thoại với giá tốt ai ngờ nhận được tai nghe. Shop làm ăn vậy ai dám mua nữa, mình cũng ko muốn đổi lại đúng sản phẩm vì quá mất lòng tin với shop",1
19412920,"Máy mới nguyên seal nên không cần bàn về chất lượng, dùng ngon lành. Tiki giao nhanh, nhân viên thân thiện",5
18476272,"Cam tốt
Máy mát, chính hãng rom global.
Giao hàng nhanh gọn lẹ.
Đóng gói chắc chắn, đẹp.
Noi chung đáng tiền.
Hình ảnh tính chất minh quạ",5
15044366,"Fast delivery.
Awesome Phone! 
A good buy!
Thanks Tiki.",5
12642163,hơn cả tuyệt vời cảm ơn kiti và shop,5
16219377,"xài ổn mạnh chưa có vấn đề gì
đầy đủ phụ kiện
ship ok",5
15717372,"máy nguyên seal, ko lỗi lầm gì, tiki giao siêu nhanh. Rất hài lòng ạ",5
18103311,Tốt trong tầm giá,4
10574046,"Mình cần hàng gấp vì chuẩn bị đi công tác xa. Các cửa hàng điện thọai thì đóng cửa vì dịch. Cũng may là khi đặt mua hàng, Shop thì tư vấn nhiệt tình, tiki thì hỗ trợ giao hàng sớm cho mình. Cảm ơn shop Misun và tiki nhiều nhé! ?",5
18222273,"Máy ổn nhanh, lúc đầu cài xong bị sập nguồn, hiện tia sét sau vẫn lên lại, để xài một thời gian đánh giá sau !",5
17837355,"Đt khá ổn, ram cao, đa nhiệm ngon, pin trâu, đặc biệt là chip khoẻ chiến genshin max mượt. Mong không dính lỗi đột tử",5
13908061,Máy đẹp nguyên seal. Cấu hình tốt nhưng pin hơi yếu khi bật 120hz,5
19489272,Loa bị rè khi chỉnh hơn nửa volume,3
13929155,"Điện thoại đẹp , tính năng ổn , pin ok , xài chơi game mượt nhé mọi người trước h xài apple nay chuyển qua một con dt chơi game thì thấy kiẻu. Dáng dòng này ok nà",5
10894326,"Hình này chụp bằng cam poco. Máy rất mạnh nha quí zị, xài sướng. Một thời gian sau thì mới biết có bền hay k. Thời gian giao hàng lâu nhưng đáng. Mua đi anh em.",5
18889733,"Mua giá sale thì quad ổn, hàng chính hãng máy ngon lành mạnh mẽ",5
18339283,Điện thoại sử dụng mau nóng máy chạy ứng dụng khoảng 1h là nóng ran,1
18918615,Máy ok,5
19492165,giới thiệu pin mà cứ tưởng điện thoại,1
19506794,Ok ok ok ok ok ok ok okw ok ok ok okok,4
19506792,"First time in use, no comment",4
19440881,Sản phẩm ok,5
19488072,Tốt,5
19431351,"Giao hàng nhanh, đúng chất lượng. Đt đẹp, mới nên lướt êm. Vì mình ko chơi game nên thấy vậy là quá ổn cho tầm giá 4 triệu.",5
19379393,nhìn chung sản phẩm này dùng tạm trong tầm giá,4
19164934,Với giá tiền như vậy thì cũng ổn. Loa nghe to. Có điều không có jack cắm tai nghe phải nghe bằng Bluetooth. Không có nút tăng giảm âm lượng.,3
17699852,"Sản phẩm tệ, bị hở lưng và k.lên nguồn. Yêu cầu cho trả hàng... Mới nhận được vào nhà kiểm tra liền và bị như hình",2
19474367,"Sạc nửa ngày mới đầy pin, k xài gì để 1 ngày tự hết pin, rồi xài kiểu gì đây shop",1
15721128,hàng nguyên hop.có bao op lưng qua xin sò.loa to.chuẩn.giá rẻ,5
18680589,Ok hang ol. De thukng va dep,4
18913731,Không giao đúng màu nên hơi buồn cho lắm,4
16305746,"mình thấy khá thụ vị, thích hợp mua cho trẻ học online",5
17432973,Hàng nguyên team nguyen siu tuy sai màu nhưng cũng ok. Shop rất uy tín,5
18987393,"Tốt,bền",5
17207133,"hàng ổn, nhưng shipper của tiki thái độ k tốt chút nào",1
17850155,Nhỏ gọn kute mà k dám xài hâh,5
15845000,Thiếu giá đỡ khuyến mại đính kèm ko thấy giao,3
15761727,dthoai xinh. nhung chậ như máy smartphone đời cũ.,4
16354958,Sp dùng phù họp cho TE cấp 1,5
18586383,"Nhận hàng xong kiểm tra hư mất cục sạc. Mua hàng Online thì giá tốt hơn mua shop nhưng khá rủi ro, bất cứ trục trặc gì phải lên TTBH để sữa chữa hay đổi mới.
Bộ SP mới có sự cố là điều không tránh khỏi nhưng mình không hài lòng ở chỗ ""trao đổi mà shop không hay chậm trả lời"".",3
18316798,"Điện thoại nguyên seal từ vỏ hộp, phù hợp với người già dùng để nghe gọi. Pin 3000 thì hơi ít, dùng được khoảng 8-9 tiếng. Nên bỏ thêm vài trăm mua mẫu có pin 4000. Được cái là giá rẻ.",5
19499238,Rất hài lòng về sản sẩm. Tôi sẽ giới thiệu cho bạn bè và người thân về sản phẩm.,5
19449673,Ok,5
15488263,"Sản phẩm đúng mô tả, đầy đủ phụ kiện, thiết kế đẹp, nhưng hơi lag một chút. Giá tiền ở mức này nên cũng không đòi hỏi nhiều.",5
16698091,"mới nhận máy chưa biết dùng bên ko, cho tạm 4 sao. nhập bàn phím đã thấy hơi lag",4
19458730,"Giá rê, nguyên seal,  shop uy tín, nên mua",5
17860158,Shop uy tín bán hàng mới. Mua cho người già hoặc trẻ  là ok vừa được dùng hàng mới,5
18774913,Lát lắm không lược được không hài lòng,1
18650737,Điện thoại rất là ok với giá thành này,5
18393577,Sp tuyệt vời shop uy tín,5
15597487,"SAO ĐẶT MÁY MÀU XANH LÁ. HỘP BÊN NGOÀI XANH LÁ, MÀ BÊN TRONG MÁY XANH ĐẬM ????",1
17320836,Rẻ và chất lượng phù hợp giá,5
16192202,toi thay kha on vi voi so tien ko nhieu .cho su dung lau moi biet,5
16517690,Cho em hỏi hoá đơn gtgt shop chưa xuất cho em à,5
16856925,"xài ổn, chưa lâu nên k biết có bền k",5
17289573,Ổn với số tiền!,4
17171501,đẹp với mức giá,5
19503864,Camera quay video không tốt lắm,4
19351558,Mẹ khen xài tốt nghe rõ,5
19301384,Nhận máy nguyên hộp. Máy pin to. Dùng thoải mái. Màn hình lớn. Giá rẻ,5
19521939,Shop đóng gói hết sức cẩn thận. Hàng chính hãng. Kích hoạt bảo hành vào ngày nhận hàng. Mua trên Tiki và của Hồng Hạnh mobile nhiều nên yên tâm.,5
16985361,Rất tiếc điện thoại mới mua về chỉ có chuông không nghe được tiếng. shop đổi cho mình cái khác nhé. sdt 0912505468,1
13775765,"Dùng tốt, giao hàng cũng nhanh, lưu ý nên có sẵn dây nối từ máy điện thoại tới hộp giao tiếp là dây có sẵn 2 đầu jack RJ-11, vì dây kèm theo máy có 1 đầu không phù hợp",5
19213885,Nhỏ gọn,4
18358304,Su dung rất tốt,4
17240138,"chuông lớn, gọn đơn giản, dễ sử dụng",5
15371680,ok,5
17207350,Tốt,5
10362658,"điện thoại bé xinh mà ""giọng"" rất to.",5
13792268,Mới Sài mấy hôm hư.,4
13339168,xài ổn,4
10633426,"sản phẩm dùng tốt, nghe rõ",1
19140687,"Mua ve chua xài đã hư,gác máy ko đc",1
18932828,Tuy giao hàng chậm 1 ngày nhưng vào khá tốt hợp giá tiền,4
16769836,"hàng tốt,  nghe rõ ràng, âm thanh lớn, nhân viên giao hàng thân thiện",5
14416988,"điện thoại không đỗ chuông reo khi người khác gọi tới
thất vọng với đơn hàng",1
14711128,"đẹp, tiếng nghe lớn",5
7594079,"- Đẹp như hình.
- Chất lượng ok",5
7500210,sf giống hinh,5
4116272,Ok,5
19438389,"Hàng dúng 
Như qc 
Sài rất OK 
Tôi. Rất hai long",5
19471398,Quá tuyệt vời. Shop nhiệt tình xuất hoá đơn trong nháy mắt,5
16279999,đẹp và tiện dụng,5
17019778,"Giao hàng nhanh, đầy đủ phụ kiện, điện thoại dễ sử dụng.",5
16860686,"giao hàng nhanh, trước mắt máy hoạt động ổn định,tặng shop 5 sao nhé.",5
17427400,Phím số hơi nhỏ,4
19501468,"Dùng rất tốt, tiện lợi,",5
17509520,Hàng chính hãng,5
18886532,"Màn hình màu sắc đẹp, âm thanh nghe gọi rõ ràng, tai nghe không dây tiện lợi, giá cả hợp lý.",5
19412764,ok mỗi tội cái lắp tai nghe ọp ẹp,5
16314410,Mới nhận hàng lúc 2g30 đến 5 g con tôi đi làm về lắp pin vào thì tháy màn hình bị sọc.,1
19406290,"To dễ sử dụng, màu sắc dễ nhận biết cho ng lớn tuổi.",5
15935632,"Rất ưng, shop rất chu đáo",5
18998582,rất tốt,5
17463018,Rất tốt,5
16599351,Sản phẩm ok,4
16829644,"Sản phẩm còn nguyên hộp, giá rất hợp lý, giao hàng nhanh, đúng màu mình đã chọn, khá ưng ý.",5
18934462,Xài tốt,5
18213306,"Đóng gói cẩn thận, giao nhanh",5
17398363,Giao hàng rất nhanh,5
17423631,"Phù hợp cho trẻ em liên lạc khi đi học, pin lâu, có ứng dụng học tiếng Anh khá hay (giá 15000đ)",5
17488731,Nhìn cũng ok. Chưa xài. Cơ mà mình đặt màu đen lại giao màu xanh.,5
19375406,Chủ shop tốt cho đổi hàng ok nha shop lần sau sẽ ủng hộ shop,5
15742846,sp như mong đợi. máy đã lên 4g nên dùng dc lâu dài ko sợ cắt sóng nữa. pin lâu.giao hàng nhanh.đòng gói cẩn thận. thanks,5
14530896,"Shop tư vấn nhiệt tình lắm, sẽ ủng hộ thêm, thanks nha",4
16074462,B,5
13627284,rất tốt,5
19451736,"Camera mờ, dùng làm máy phụ ok",4
19226913,Máy ok pin trâu mua về lm máy phụ ổn,5
13559145,sạc đầy pin không cả ngày không động vào 14 tiếng điện thoại sập nguồn,1
14704366,phù hợp vs túi tiền hàng nguyên sil mới 100% good,5
14734278,pin nhanh hết quá nhưng cũng hơi mượt,1
14972739,"tệ qua đi 
can sua loi nua",1
14440050,giáo hàng nhanh đúng mẫu,5
13713049,đẹp. giao hàng nhanh,5
18652416,"Sản phẩm mới, dùng tốt. Hơi tiếc là không có cục sạc hoặc hơn nữa là ốp lưng. Mua đồ tàu giá rẻ thì đánh đổi là nhiều app rác.",5
18727396,Hàng chính hãng .máy nguyên siêu chất lượng khỏi phải bàn.ủng hộ dài dài,5
18749589,Hàng chính hãng.máy chuẩn.chât lượng ok.nguyên siêu,5
18774587,Hàng tốt sản phẩm đúng như shop mô tả,5
19142300,"Máy mới, đẹp ,tuy cắt giảm chi phí để có giá tốt",5
19495469,Tốt trong tầm giá,5
18977435,"Sản phẩm nguyên siu, dùng tốt.",5
18947966,sài tốt trong tầm giá,4
18614104,Ok so vs giá tiền. Máy dùng ổn,5
18723136,Hàng như mô tả,5
19478388,"Máy cầm chắc chắn, bấm số có tiếng đọc, âm thanh nghe to rõ ràng. Rất phù hợp người già.",5
19515081,Đẹp nõn,4
11878178,"1. shop tư vấn nhanh và nhiệt tình, máy mới nguyên sealbox, kho truyện shop gửi cho đọc đến già chắc chưa hết.
2. trên tiki thì báo máy màu đen, nhưng chat vs shop thì nói còn mỗi màu xanh dương, lúc đầu mình ko thích lắm, nhưng màu xanh này thật sự rất đẹp, ko phải xanh lét nha.
3. mùa dịch bệnh, tiki giao hàng siêu nhanh. đặt hàng 21h30, thấy 23h30 tiki đã lấy hàng. trưa hôm sau đã thấy giao mình rồi… nói chung là chưa được 24h sản phẩm đã đến tay… tuyệt vời
4. thấy đề trả góp 0% nhưng thực tế vẫn chênh so với mua thẳng hơn 100k. nhưng cũng chấp nhận được. mình trả góp 12 tháng, mỗi tháng có 260k thui á. rất dễ chịu",5
10299785,"Mình đắn đo mãi mới mua Kindle chỉ để đọc sách, vì mình thuộc nhóm thích cầm sách giấy. Sách giấy thì có mùi thơm của giấy, sờ nó cũng khác so với cả cầm máy để đọc. Đọc xong mình lại ít khi mình đọc lại cuốn đó, nên cũng tốn khá nhiều tiền vào việc trưng bày. Trong tình hình dịch bệnh, không thể đi mua sách. Kinh tế eo hẹp. Mình quyết định mua Kindle về, quả là không sai. Tiết kiệm thời gian, chọn ebook thì nhiều vô kể. Nguồn cũng phong phú nữa. Tuy nhiên cũng có đầu sách không có ebook miễn phí mà mình thích cuốn đó mình vẫn sẽ mua sách giấy. Vì vậy, bạn nào đang có nhu cầu đọc nhiều, cần tìm hiểu về mặt nội dung sách thì nên mua Kindle, đáng tiền lắm ạ. 
Hiện tại mình mới dùng máy 1 ngày, cũng chưa có cảm nhận gì nhiều về chất lượng của máy. Ngoài việc thấy nó NHẸ, SIÊU NHẸ luôn.
Shop đóng gói, vận chuyển đúng màu, và rất cẩn thận.",5
13090463,"Máy mới, nguyên seal, nhẹ, cầm rất là sướng tay, đọc sách cũng không bị mỏi như sách giấy và đọc trong tối trước khi đi ngủ cũng không thấy mỏi mắt.
Mình mua combo thêm bao da để có mang đi đâu thì đeo máy vào để bảo vệ cho máy, bình thường thì cầm máy trần đọc sẽ dễ chịu hơn do bao da cũng khá là nặng.
Cảm ơn shop và tiki đã giao hàng nhanh hơn dự kiến.",5
11922686,"Giao hàng nhanh hơn so với dự kiến. Mình có đặt 1 sp khác trên tiki đã 3 tuần rồi vẫn chưa nhận được. Cứ tưởng sp này cũng chậm vậy. Dù tiki thông báo 25/8 hàng đến tay. Ai ngờ, hàng giao đến sớm hơn. Rất vui vì cầm được sản phẩm trên tay. Sp còn mới, nguyên kiện, ko trầy xước. Bao da vừa vặn với máy. Chất lượng máy thì dùng 1 thời gian mới biết được.",5
17705634,"Cần hỗ trợ gấp,
Máy mua mà khi rê n k hề ăn??? Mình có quay clip đây
Pin khen trâu lắm mà từ lúc sạc đầy, k làm gì tầm 4 tiếng còn 90% thua con ip cùi của mình nữa
Check gấp hoặc đổi trả",1
11801434,shop giao hàng cực kỳ nhanh. máy mới và mình được màu light blue rất đẹp máy mới hoàn toàn nhé mọi người,5
8226118,"Sản phẩm rất tốt để đọc sách. Điều này ko mới vì tôi đã dùng Kindle PW gen 2 từ năm 2014 và mới bị mất cuối năm 2020. Ko bị mất thì sợ là phải dùng nó thêm vài năm nữa vì nó quả thật quá bền, qua năm tháng pin chai chút đỉnh mà vẫn được vài tuần.
Quay lại chiếc gen 10 này thì tốc độ xử lý, màn hình ngon hơn đáng kể. Cảm giác cầm chạm cũng dễ chịu.
Shop cũng tâm lý cho thêm cover ngon, vì ai rồi chả cần mua thêm ! Hơn cả 5*",5
15047243,"Vận chuyển thì thua rồi, sản phẩm mỏng và nhỏ nữa. Bên cửa hàng có quấn chống sốc, máy hàng Nhật mới nguyên seal, Bao da rất ok",4
14003203,"Từ hồi mua kindle chăm đọc hẳn. Máy nhẹ và đọc rất thích, mỗi tội bao máy hơi nặng nên mình đang tìm mua bao khác",5
13758844,"máy giao nguyên seal, gọi nhẹ, xài rất thích. cover đi kèm cũng vừa vặn, chất liệu giả da ok. Tuy nhiên mọi người lưu ý đây là bản có quảng cáo nhé",5
9812042,Không đăng nhập được.  máy bị chậm lag lag sao ấy. thao tác khó chịu. shop bảo gửi trực tiếp ra shop để đổi mà đang phân vân không biết có nên thông qua tiki để nhờ hỗ trợ không?,3
12043735,"Giao hàng nhanh, nhưng mua combo chọn bao da màu đỏ máy thành màu hồng phấn luôn, biết thế mua rời, chấp nhận đắt hơn cũng được. Shop nên để option chọn màu máy chứ k bán mập mờ thế nhé",3
13864461,"Ko biết mình có mua nhầm ko 
Máy màn hình bé tí xíu",3
5591577,"Máy new seal 100%, shop gói cực kì cẩn thận.
Mặc dù có chút vấn đề nhưng shop xử lý cực kì tốt và nhiệt tình.
Lần sau mình hoặc bạn mình có nhu cầu thì vẫn sẽ ủng hộ shop ?
Tiếc là chỉ có 5 sao để vote thôi chứ muốn vote 10 sao lận ?",5
8243396,máy bị lỗi nháy đen khi chuyển trang trọng khi đã tắt chế độ refresh (làm tươi) màn hình.  Pin bình thường đọc 1 tiếng hết gần 15% pin dù để chế độ máy bay. Ngày mình đọc 1 tiếng nên ko quan trọng pin cho lắm.,3
14516006,"Máy tốt, đóng gói cẩn thận.",5
12368660,"bước đầu hài lòng vì đóng gói cẩn thận, hàng nguyên seal, ốp lưng đẹp, giao hàng nhanh, chuyên nghiệp. cảm ơn các bạn.",5
15836048,"Bị như vậy 5 tiếng rồi. K hiểu lý do vì sao.
Đã được hỗ trợ và dùng ok",5
9300131,"Bé xinh, cầm đọc không mỏi tay như sách giấy. Có chương trình trả góp nữa. Rất hài lòng về trải nghiệm này",5
11309442,"Đáng đầu tư, đọc thoải mái ở mọi tư thế, môi trường. Máy dễ thao tác. Bao da chắc chắn, nhược điểm làm nặng máy. Giao hàng lâu hơn dự kiến. Hài lòng",5
14786368,"Máy xài tốt, ốp lưng đẹp. Tuy nhiên chức năng wifi kém, hầu như không có tác dụng vì vào web không xem đc gì",5
10717794,"đây là cái thứ 2 mình mua, cái trước dùng được hơn 1 năm thì có hiện tượng mờ màn hình, hi vọng cái này được lâu hơn. ốp lưng đẹp, chắc chắn",5
14826293,"sản phẩm dùng ổn định, pin có thể dùng 2 tuần nếu đọc ít",5
19383014,"Mặt sau không có tem nhà phân phối, nên không rõ hàng chính hãng hay không,đang xài thấy tạm ổn",4
18128297,Ok,5
13940161,Ok,5
18791049,"Máy dùng tốt, ổn định, bán hàng nhiệt tình support, xuất hóa đơn kịp thời, mua cho cty cần hóa đơn gtgt rất ok",5
17257612,"Hàng chính hãng, mẫu mới đẹp. Mua ở đây nhiều lần yên tâm hàng chuẩn. Verrygood!",5
19105633,"Tốt, đẹp",5
18190131,Giao hàng đóng gói cẩn thận. Xuất hoá đơn VAT đúng yêu cầu.,5
19357368,Đóng gói rất ok. Chất lượng chờ thời gian sử dụng mới đánh giá đc. Tạm cho shop 5 *,5
19471315,"Máy đẹp, giao nhanh.",5
18350865,Rất tốt,5
2582366,"Máy dùng rất tốt, Tiki giao hàng rất nhanh và chính xác",5
19154189,Sao kích hoạt dc shop !,4
17450967,Hàng bị lổi sạc pin mọi người cẩn thận shop ko có trách nhiệm,1
16761388,Shop giao hàng nhanh. Phản hồi thông tin nhanh chóng. Điện thoại dùng ổn so với giá tiền,5
19295059,Máy khá yếu ko thể tải đc gì cả,3
15876028,"Dùng điện thoại lag giật , pin xạc 4 tiếng được 20%",1
16512908,"Giao hàng nhanh chóng, sản phẩm còn nguyên tem niêm phong, chất lượng ổn định",5
19533697,Rất tốt,5
13586342,giao hàng nhanh.. shop tư vấn nhiệt tình quá. lần sau ủng hộ shop lần nữa,5
15335406,giao chậm 2 ngày máy gọi zalo dật hình quá mới mua chưa biết thế nào,5
17055567,ok dang sử dụng chất lượng chờ thời gian nữa mới biết được,5
15848252,"giao nhanh, giao đúng sp mình chọn, còn máy sử dụng ok ko thì thời gian sau mới biết đc.",5
18058736,"Hàng tốt, chất lượng",4
17375195,"Máy đã dùng được, xin cảm ơn",5
16665318,"điện thoại dùng tí hết pin , nhanh nóng máy",1
14629015,đã xài đã ưng ý @@                                                   .,5
14991953,"bán hàng lừa đảo, điện thoại mới mà sạc không vào",1
16990099,điện thoại rất ok ạ,5
16967670,Ko nhu mong doi may qua cham,3
15090024,shop rất uy tín. nên mình sẽ típ tục ủng hộ shop,5
15018754,"hiện tại xài ok, ko bt lâu dài thế nào",4
15653736,sp đúng như qc..hàng chất..shop tư vấn nhiệt tình,5
18194486,"Máy đẹp, nhìn chắc chắn",5
16071019,Hàng tốt ok,5
19415562,Mua máy mà ko có củ sạc. Ko có tai nghe. Thật sự thất vọng,2
18440726,"Đặt hàng màu xanh nhưng shop giao màu đen, không hỏi trước ý kiến khách hàng. Không tôn trọng người khác.",1
19513439,Hàng CTY chính hãng.bh 12 tháng nên yên tâm rồi.4G ok nhé shop,5
18827405,Máy đẹp. Chắc chắn. Mua cho mẹ dùng nên thấy cũng ok.shop tư vấn nhiệt tình. Dễ dùng.,5
18324232,Chất lượng quá tốt.máy chính hãng.pin trâu.giá rẻ.máy đẹp,5
19301364,Máy đẹp lắm nha.phím bấm to.loa nghe sướng,5
19527201,Điện thoại không nhận thẻ nhớ,2
19177631,"giao hàng ko đúng màu, ko xuất hoá đơn cho khách",4
19513316,"Hàng như mô tả,loa to rõ,sản phẩm quá ok",5
19040783,"Điện thoại rất đẹp,cầm chắc tay,phím nhạy,âm thanh nghe to và rõ lắm cảm ơn shop.Mình cho shop 5 sao!👍🏻👍🏻👍🏻👍🏻👍🏻👍🏻👍🏻👍🏻👍🏻👍🏻👍🏻👍🏻👍🏻👍🏻👍🏻👍🏻👍🏻👍🏻👍🏻",5
19056681,"Sản phẩm rất tốt cầm chắc chắn, loa to đúng ý mình mong muốn . Thank sop",5
19331655,"Hàng sang trọng, đúng như hình 👍👍👍",5
19513429,Hàng nguỷen hộp.giá rẻ .dùng tốt,5
15165511,"đặt màu trắng, vẫn giao màu đen, không có bảng hướng dẫn cách lắp sim?",4
12953417,"Ko co sach huong dan , nhung cai dat de hieu lam = tieng anh, xai ok , cai dat dc 12 so goi nhanh, chuong lon",5
14516251,Điện thoại không có giấy hướng dẫn,1
12911221,ko có ăng ten,5
19373770,Điện thoại máy nghe cũng được,4
19182202,"Giao hàng nhanh, đóng gói cẩn thận",5
16300604,"Giao hàng hơi lâu, đủ hàng",5
16096332,"hàng nguyên hộp , sẽ ủng hộ lần 2,",5
15580696,thích,5
19461152,"Tốt, đẹp",5
19467761,"Nhân viên giao hàng nhanh chóng, điện thoại nhỏ nhắn cầm như hợp kem chống nắng vậy.điểm trừ là sạc pin hơi lâu,pin tụt nhanh như tụt quần.không thực sự mượt mà đâu,(máy mới mà)có vẻ hơi lag nhẹ.nhà bán hàng uy tín .",5
19387346,"Chụp đẹp , nhỏ gọn , máy rất đẹp và giá tốt",5
18447872,Hàng chất lương,5
18486092,"Máy rất tốt nhưng lúc mua tôi quên không mua kèm gói bảo vệ màn hình, vậy giờ tôi có thể mua lại gói này riêng không? :(",5
18292422,"SP tốt, giao hàng nhanh, tuy nhiên shop chưa có mục chat, m muốn hỏi kích hoạt bảo hành thế nào shop",5
18572970,"Giao hàng siêu nhanh, điện thoại đẹp đã dán màn hình, hàng chính hãng nguyên seal",5
18693994,Điện thoại của tôi chưa đc kích hoạt bảo hành. nhờ tiki xem giúp,5
18774378,"Z Flip4 rất đẹp, chỉ nhanh hết pin :) 💗",5
18412219,Điện thoại Z Flip 4 nguyên đai nguyên kiện của Samsung.,5
18506604,Mua cai dt không tặng nổi cục xạc pin nữq,3
18615496,Giá khá tốt so với thị trường.,5
18202794,"Máy rát đẹp, được tiki giao rất yên tâm",5
18212752,Gút chóp,5
18502662,Hàng chính hãng.thiết kế hầm hố.khung kim loại chắc chắn. Pin trâu. 4g ok..giao hàng nhanh chóng.. Giá rẻ,5
19233793,điện thoại không đúng như mô tả và hình ảnh quảng cáo... Chán,3
19309460,"Âm thanh to rõ, phím bấm nhạy",5
19513311,"Hàng chính hãng ,nguyên hộp giá có dưới 1tr mà dùng quá ok",5
18719495,"Điện thoại không thể, mở nguồn làm sao bây giờ???mong được sự giúp đỡ của bên công ty, cảm ơn",1
16359858,"Điện thoại dùng ổn, phù hợp giá tiền, thích hợp dùng chỉ để sử dụng 1 vài tính năng như nghe gọi, xem youtube, zalo.",5
16236877,"máy qúa tệ, nút âm lượng điều chỉnh nặng nề, gọi điện người nghe âm thanh bị rè.. rè... lở mua rồi thôi đễ xài tạm",1
15420301,"giao hàng rất nhanh, đúng màu, đúng mẫu, giá rất hợp lý.",5
17998119,Với giá tiền như vậy sản phẩm đáng giá,5
18117847,chụp ảnh ko nhìn thấy gì.,4
17016437,giá hợp lý,5
15546467,"giao hàng chu đáo, chất lượng phù hợp với giá rẻ",5
15676604,"xài tạm đc, k đến nổi nào",3
15478005,Xài tam tiền nào của đó thôi,3
16391541,đẹp,4
15968099,tốt,5
19493241,"kindle thì system luôn xịn, không nhưng. mua bản kid tưởng claim đc gói kid+ mà hoá ra chỉ có 1 số nước đc claim thôi nhưng cái chính là kindle đã cho người dùng đọc file epub và cái quan trọng hơn là đã được tự thêm font chữ rồi trời ơi sau bao năm dùng thử qua nhiều dòng máy đọc sách quay về kindle vẫn là chân ái. shop giao hàng hoả tốc 1 tiếng rưỡi là có. đóng gói kỹ. shipper thân thiện. đơn này sáu sao 🥹",5
16711065,"Ngoài mô tả thời tiết, ""cool"" còn có nghĩa là rất tốt, rất ngầu, sành điệu. Ví dụ, bạn có thể mô tả một bộ quần áo hay một buổi trình diễn của nhạc sĩ mà bạn yêu mến là ""cool"".

Nó cũng được dùng để bày tỏ sự chấp nhận khi ai đó đưa ra đề xuất. Chẳng hạn, nếu ai đó đề nghị gặp nhau để đi xem phim, bạn có thể",5
13956384,"Sản phẩm nguyên seal, bên trong hoàn hảo. Mình chỉ xin góp ý shop là nên gói hàng chắc chắn hơn. Máy đọc sách thuộc loại mỏng manh mà shop gói trong hộp quá to, không có đệm mà lại chỉ cho thêm 1 lớp bọc bong bóng. Bên vận chuyển giao cái hộp tới nhìn muốn khóc luôn á.",5
16723319,"MĐS thứ 2 mua ở Tiki, lần này đóng gói có vẻ cẩn thận hơn, quấn chống sốc đầy đủ.
Máy dùng ổn, chưa phát hiện lỗi nào. Cầm nắm thì không bằng OS2 nhưng được 1 cái là có đèn vàng và pin cũng trâu hơn",5
18868096,"dùng tốt, nhà bán hàng tư vấn nhiệt tình",5
19374925,Sản phẩm đóng gói cẩn thận. Tặng kèm ốp rất okela. Unbox xong cover lại luôn,5
16340538,"Máy hàng chính hãng 100%, đi kèm phiếu bảo hành, HDSD đầy đủ chi tiết.
Đóng gói ổn.
Mua đúng lúc sale nên chỉ còn 3tr6, rẻ hơn so với mặt bằng chung. Đáng mua",5
19100636,"Máy siêu đẹp, êm, nhẹ tênh, lướt mượt",5
19386812,"Không có ngôn ngữ tiếng việt
Hàng ổn",4
18558681,"Máy dùng rất thoải mái, ánh sáng tốt",5
16481269,Máy hoạt động tốt. Tuy hơi giựt nhưng do chưa quen mắt. Sau khi sử dụng thêm một thời gian mới có thể đánh giá thêm.,5
17396529,"Máy mới, giao từ HN vào SG rất nhanh, được shop tặng thêm bao da và sling grip điện thoại, cảm ơn shop.",5
18215451,Máy dùng ok ☺️☺️☺️☺️☺️☺️,5
18446576,"Giao hàng nhanh, hàng nguyên seal, trải nghiệm máy rất tốt. Cám ơn shop.",5
18706507,"Chạy mượt, nhỏ, gọn, ánh sáng dịu k mỏi mắt. Ưng lun!",5
18755221,"tốt, mê luôn",5
18500921,"Rõ nét, đủ dùng, dễ tập trung đọc nên hiệu quả tốt",5
18292953,Máy dùng oke. Cover hơi xấu,5
18638405,"Máy rẻ, phù hợp mua cho bé học và chơi. Lên google search cách cài CH play là tải được mọi app của android. Loại máy này có nơi bán ốp cho bé xài, ốp vào là bao bền. Nói chung ko có gì để chê với tầm giá này.",5
18741756,"Mấy kg sử dụng được, kg bao giờ mua đồ điện tử nữa",1
17288792,Máy pin dùng tương đối lâu. Dùng cài app cho bé học rất tiện,5
18178798,"Máy ổn, sau khi cài CH play thì có thể tải tất cả các app của Androi",5
18082431,K sử dụng hđh androi hoặc ios nên thiếu một số ứng dụng cần,3
18178818,"Máy ổn, dùng rất tốt so với tầm giá",5
19348751,Đc,4
19407040,camera chụp hình đẹp máy hoàn thiện tốt,5
19296853,"Điện thoại sử dụng chưa đủ 1 tháng đã bị lỗi sập nguồn nhưng vẫn chưa nhận dc hỗ trợ. Shop báo chỉ bán, không sửa chữa",1
19256194,"Máy sử dụng tốt. Shop giao hàng nhanh, làm việc rõ ràng, thanks",5
19358454,sp tốt,5
18854525,"sản phẩm tốt. dễ sử dụng. 
Cửa hàng có nhiều sách có sẵn để mua
gọn nhẹ và tốt hơn kindle 5.",5
18324967,"Đã dùng 1 thời gian, phù hợp với nhu cầu, ko có gì để chê cả. Giá thấy ổn xúc sài thôi. Tiki ""bảo kê"" có lỗi gì đỗi trả cũng đơn giản.",5
19143959,"Máy hoàn thiện tốt, phần mềm tốt, nhưng màn hơi mờ. Nói chung là ok rất đáng tiền.",5
19053723,"Shop giao hàng nhanh, giá tốt hơn ở các shop, hy vọng dùng bền. Cảm ơn Tiki",5
18620548,Sản phẩm tốt nhưng Tiki bán hàng rất tệ. Không có năng lực quản lý người bán hàng.,1
19151693,Máy dễ hư màn. Ngoài ra mọi cái khác đều ok.,5
18882102,"Ngon lắm, đag tiếp tục vọc vẹo, làm chonuowts khe",5
19529141,Rất ok,5
17743470,"PIN CỰC KÌ NHANH HẾT. Điện thoại này mình mua cho người thân, hầu như chỉ để không, thi thoảng con cái gọi về;  mà mới dùng , sạc đầy cũng cũng chỉ được qua đêm là chỉ còn 1 vạch pin. Ngày nào cũng phải cắm sạc. Mình rất thất vọng về sản phẩm này vì mua máy đen trắng vốn chỉ để được pin lâu mà thành ra thế này. Giá máy cũng ko hề rẻ.",1
16492324,"Sản phẩm tốt dùng đơn giản, tuy nhiên bên vận chuyển làm ăn rất vớ vẩn, chưa liên lạc giao hàng mà dám ghi là khách hẹn.",5
18207053,"Sản phẩm điện thoại Nokia 215 4G này, không như mong muốn. Mua cho người lớn tuổi sử dụng, mà màn hình không chỉnh cỡ chữ lớn nhỏ được, mở khoá màn hình không được. Mặc dù mình từng dùng qua thương hiệu Nokia. Thật sự thất vọng.",1
12754396,"Giao hàng lâu, máy đẹp, nguyên seal
Hỗ trợ thẻ nhớ, đổi hình nền, nhạc chuông
Chữ nhỏ, không chỉnh to được, tiếng Việt còn bị lỗi
Game thì có mỗi trò con rắn chơi được, mấy app khác muốn dùng phải mua, nhớ để ý coi chừng mất tiền oan
Lúc mới dùng, máy sẽ tự động bật 4G, Bluetooth các thứ. Ai dùng thì nhớ tắt đi mới đỡ hao pin.",5
17871966,Đẹp. Pin xài rất trâu nha mấy đồng chí. Chỉ có cái màn hình báo số gọi đến cái tên hơi nhỏ so với số ko chỉnh được. Chờ bản cập nhật sau này nha,5
18698146,"tiền nào của đấy... nói chung là êm về mọi mặt, còn về độ bền thì thời gian kiểm chứng",5
18415160,Màu sắc đẹp- giao hàng nhanh,5
15795128,"Sản phẩm tốt, giao hàng nhanh, dễ thương, nên mua làm máy phụ.",5
11401015,"Máy nguyên seal, giá tốt, giao hàng nhanh. Còn về sản phẩm thì có các nhược điểm như sau
1.Dùng nhanh hết pin
2. Không điều chỉnh cở chữ được cho người lớn tuổi dùng
3. Tìm kiếm danh bạ khó khăn cho người không thành thạo",4
18185932,"Điện thoại khá tệ. Giờ loại máy này chỉ mua cho người già thôi mà hệ điều hành khó dùng, kích thước chữ thì bé, không thể chỉnh đc. Cho mấy app facebook skype vào máy để làm j ko biết",1
8972017,"Sóng 4g mạnh, nghe gọi rõ ràng, pin tốt. Có 2 điểm thấy chưa được:
- Thỉnh thoảng tự nhiên bị khởi động lại không rõ lý do
- Không cập nhật phần mềm được, toàn bị màn hình xanh chết chóc :)))",4
13265486,"Sản phẩm chính hãng. Đóng gói cẩn thận. Nghe gọi to, rõ. Rất hài lòng với sản phẩm. Shop phục vụ chuyên nghiệp.",5
17866782,PIN DTHOAI CÙI MA XAI TRONG VONG 1 NGAY HẾT PIN. ALO TONG DAI BH THI THU HOI DTHOAI GIU GAN 1 THANG TROI. ROI TRA LAI Y NHU CU. KO HE DOI DUM CUC PIN KHAC. TRONG KHI ALO NOI LA 1 DOI 1. TRAI NGHIEM CUC TE TRONG CUOC DOI MINH.,1
13602737,sản phẩm rất OK đóng gói rất cẩn thận giao hàng rất nhanh cho 5*,5
17370815,"Hàng chính hãng. Phím bấm và các chức năng cơ bản ok. Hệ điều hành hơi khác đôi chút so với các máy nokia cơ bản trước kia, các bác lớn tuổi phải làm quen lại với một số thao tác.",5
6202695,"Giao hàng nhanh, đóng gói cẩn thận, đầy đủ phụ kiện. Chất lượng sản phẩm hoàn thiện tốt nhưng phần mềm KAIos này phải nói quá chán. Máy cài nhiều trò chơi không thể xoá, chỉ cho chơi vài lần rồi bắt mua. Lớ ngớ là mất mấy cả khối tiền vì đám trò chơi cài sẵn không ra gì. Phần cài đặt có rất ít sự thay đổi. Không được như phần mềm của Nokia cũ ngày xưa.",3
14343991,"sản phẩm cầm rất vừa tay. nghe, gọi rõ. không biết dùng lâu thì ntn nhưng hiện tại mình rất thích. cảm ơn shop",5
11905704,"Máy nhẹ, sóng khoẻ, pin khá trâu, dễ đồng bộ danh bạ nhưng bàn phím tiếng việt không OK cho lắm, không có tính năng sao chép văn bản, ko thể kết nối máy tính qua cáp sạc!",5
11549857,"Bàn phím nhạy, trọng lượng nhẹ, ký tự hiện trên màn hình rất nhỏ, giao diện tương đối không thân thiện, chất lượng ổn trong tầm giá, chỉ hơi khó thao tác",4
19085095,"Font chữ và chữ số quá nhỏ, người già đọc không được. Nút giữa thường xuyên bấm không ăn",2
16660424,"mua về cho Bà dùng không hổ là Nokia nhìn rất chắc chắn, phím bấm cực êm rất hài lòng",5
17972172,"chất lượng oke, chỉ là mua về cho người lớn tuổi dùng thì hơi khó dùng xíu vì không phải hệ điều hành cũ của nokia",5
18079384,Nguyên bộ xài rất ổn nha AE! Ai ko dùng 4G thì tắt đi để pin dùng cả tuần nhe!,5
16560186,"Màn hình 2.4” hiển thị rõ, đt nhẹ, vừa tay, vỏ nhựa, phím bấm êm.",5
5631244,Mua về cấm vào cứ để 5 phút là kêu hoài không tắt. Gọi Tiki kêu Bảo hành gửi bảo hành rồi đem về lại kêu như trước không có gì thay đổi. Giờ lại gửi bảo hành lại nhưng chắc là cũng không có gì thay đổi. sản phẩm quá tệ,1
2840074,"Đúng là hàng chính hãng. Nhìn đẹp, sắc nét, chuông vang, phím nhạy..Nói chung rất ok, nhưng độ bền mới sài chưa biết? Tiki giao hàng nhanh hơn dự kiến, đóng gói kỹ lưỡng đạt điểm 10",5
7518280,"sản phẩm đúng cam kết, không có gì để phàn nàn",5
7595130,Hài lòng,5
5639300,"Nghe tốt, chuông đổ lớn",5
3400118,Chất lượng phù hợp với giá tiền!,4
5587680,Sản phẩm đẹp,5
2639812,"Dùng ok nha ace, thay vì ra tiệm mua, ở nhà order là có",4
2188341,"sản phẩm dùng tốt, âm thanh nghe to rõ ràng, giá hợp lý.",5
2059550,"nghe gọi rõ ràng, có thêm màn hình hiển thị nữa thì ngon",5
18281540,Giá thì cao hơn so với những shop khác . Máy thì lổi nhưng ko liên hệ shop được . Ko có bảo hành đổi trả . Thất vọng về app tiki,1
19513422,Hàng chính hãng masstel.nguyên hoạ loa to rõ.chất lượng,5
18370035,Lừa bịp chạy có 1 lần rồi hư,5
17681068,"Hàng chính hãng, nghe gọi rất tốt nhé!
Tiếc là mẫu mã cũ của nokia hồi xưa có chỗ để móc dây đeo vào mà bản này bỏ qua mất rồi!
Nói chung là chất lượng khá ok! Tiki giao rất nhanh!",5
18549991,"Đt màu đẹp trông chắc chắn, giao siêu nhanh trong vòng 2h. Có cả 2 sim sóng, tuyệt vời nha. Pin sạc nhanh sẽ xem pin giữ đc trong bn lâu",5
19475026,sản phẩm như sản phẩm nhái pin chập chờn không ổn định. phần mềm máy hoạt động không ổn định,1
18135032,"Sản phẩm dùng tốt, pin lâu, về sau thì chưa biết",5
18868093,"Nói chung mua cho mẹ nên mình cũng chọn nokia cho bền. Cơ mà màn hình chữ hơi nhỏ, màn hình font chữ trắng sáng quá khó chọn hình nền",5
18940731,Hàng chất lượng tốt,5
17570772,"Hàng giao nhanh, đóng gói chắc chắn, máy màu vàng rất đẹp!",5
17856078,"Sp tốt, pin lâu. Nhưng k biết nhập quay số nhanh và tắt tiếng nói của đt thế nào? Bác nào biết giúp e với ạ.",5
17719309,"Máy đẹp, chính hãng! Màu vàng rất đẹp các bạn nhé! Vote màu vàng !",5
17292446,..máy đẹp chất lượng OK giáo hàng siêu nhanh...năm sao nhà...,5
18762647,"Máy đẹp, nghe gọi rõ. Thời lượng pin chờ 4-5 ngày.",5
18428645,Bền đẹp giá hợp lý,5
18573490,"Màu vàng đẹp lắm nha, điện thoại tốt cho nghe gọi",5
18768961,ĐIỆN THOẠI TỐT VÀ GIAO HÀNG CỰC NHANH,5
18631638,Hàng nguyên tem giao nhanh..đóng gói cẩn thận.,5
19020855,Tốt,5
17647826,"Màu sắc đẹp như hình, hàng chính hãng, nên mua.",5
18992754,Good!,5
18929554,Tôt,4
12545759,"Máy nguyên seal, mới hoàn toàn và mình dùng được 1 ngày thì thấy pin siêu trâu, xịn hơn chiếc Kindle basic trước đây mình dùng nhiều.

Về shop thì mình chấm 5 sao cho dịch vụ. Mình mua máy màu Blue, nhưng khi nhận được máy thì lại là màu Sage (giống xanh xám). Lúc đầu quả thực mình không vui cho lắm, nhưng khi nhắn tin trên Tiki cho shop thì nhận được phản hồi rất nhanh. Mình gọi cho bên số kỹ thuật của shop thì được các bạn giải thích rõ ràng là màu Blue hết rồi, nhưng có thể bạn đóng hàng là nhân viên mới nên ko biết liên hệ mình để nói đổi màu. Sau đó biết mình ko hài lòng, shop gửi mình lại 100k đền bù. Sau đó còn nhắc nhở mình phải update firmware cho Kindle nữa.

Chăm sóc khách hàng tốt như vậy, mình nhất định sẽ quay lại lần nữa.",5
11817053,"1. Về máy và giao hàng: tuyệt vời
2. Về quà tặng bao da đi kèm: Tệ. Hàng tặng kèm ko dùng được, bao da quá to so với máy
3. Về chăm sóc khách hàng: Không ổn. Gọi đt cho Tiki, được trả lời ""trường hợp về sản phẩm quà tặng, tiki không hỗ trợ, mong thông cảm,""
Thật sự thì có shop khác bán máy giá tốt hơn, nhưng thấy TIKI TRADING có khuyến mãi tặng kèm bao da nên chọn TIKI TRADING, và kết quả là nhận về cái không sử dụng được, lại còn ko được hỗ trợ đổi trả. Thất vọng.",3
11295421,"Gói hàng cẩn thận, thấy có người đánh giá ko tốt mà giá cx rẻ hơn chỗ khác nên mình hơi rén, nhưng sự thực là hàng rất tốt, chuẩn, hàng mới, giấy bảo hành đầy đủ của cả amazon, đến lúc tôi đăng review này thì nó chạy hoàn toàn ổn. Nhược điểm đúng như mô tả bên amazon, ưu điểm cx thế. Mong techmore luôn giữ được sự uy tín này. Mình đã dạo qua đủ các loại shop kindle rồi, ở đây là ổn nhất nhé m.n.",5
11952506,"Mình đặt hàng là máy đọc sách kindle paperwhite gen 10 nhưng hàng được giao là máy tính bảng fire7 có dán tem máy đọc sách kindle, shop vui lòng kiểm tra lại đơn hàng giúp mình, mình có nhắn tin vào box chat thông tin cụ thể rồi nhé",1
12793347,Tiki giao hàng siêu nhanh. Mình loay hoay một lúc để thiết lập tài khoản amazon cũng như tìm đọc các hướng dẫn để tải sách và nguồn ebook trên mạng. Cuối cùng cũng chuyển được sách vào trong kindle :D,5
11418504,"1. Mình mua để đọc cho
- đỡ mỏi mắt
- đỡ mất tập trung so với đọc trên điện thoại (cầm điện thoại tí lại mở Facebook, TikTok, chat chit)
- đi đâu mang đi cho nhẹ (sách giấy dù đọc sách giấy thích hơn nhưng mang đi lại ko tiện)

2. Mới dùng được vài tiếng, cầm thấy nhẹ, thoải mái.

3. Giao hàng ok. Mỗi tội là mua đợt này ko có khuyến mãi gì. :)",5
13278834,"Sau sự cố máy bị Amazon báo là bị mất hoặc bị trộm, thì Tiki có hỏi qua ý kiến là thu hồi hoàn tiền hay đổi máy khác. Mình yêu cầu hoàn tiền. Máy được tạo lệnh thu hồi từ 22.11 nhưng đến nay là 28.11 máy vẫn chưa được thu hồi, mình vẫn giữ máy. Khi gọi tổng đài Tiki thì quá nhiều lí do. Cái điều mình muốn là thu hồi máy, thực hiện thủ tục liên quan và hoàn tiền. Chứ không phải tạo lệnh thu hồi rồi để đó. Không hối thúc. Hãy làm việc theo trách nhiệm giúp mình và đứng ở vị trí khách hàng để xử lý nhanh giúp. Gần 3 triệu chứ có phải 300 000 đâu.",1
9856636,"Đặt máy buổi sáng và tiki đã giao máy buổi chiều, rất nhanh.

Tuy nhiên, máy khá chậm, máy bị lag liên tục, đơ như cây cơ

Chế độ ánh sáng quá tối, phải chỉnh full sáng thì mới nhìn rõ.

Quan trọng  nữa, là máy mới nhưng tại sao mặt sau máy đã có những chỗ nhẵn bóng dấu vân tay, giống nhưng máy đã xài rồi và xài rất lâu.

Mua rất nhiều sp từ tiki, nhưng lần này thật sự thất vọng!

Tôi rất cần lời đáp!",3
3760323,"- Mình chọn akishop nhưng tiki ship sản phẩm lỗi, liên hệ trực tiếp shop và được đổi sản phẩm mới sau 1 tuần. Khuyên chân thành mọi người nên liên hệ trực tiếp Akishop để mua hàng, đừng đặt qua Tiki.
Cho những ai cần:
- akishop.com.vn
- 0974888717
Kindle paperwhite gen 10th (black 8GB), giá 2730000VND",5
3598313,"Ship hơi lâu. Rất thất vọng dịch vụ giao hàng của tiki. Dù có dán nhãn hàng dễ vỡ nhưng hộp bên trong chỉ lót một miếng giấy dầu nhàu nhĩ. 
Về máy thì mình rất ưng ý. Mình mua của Detico 2tr4, 8gb ppw gen4 2019. Suy nghĩ lâu rồi, đợt này thấy giảm giá 30% thì quyết định mua luôn. Máy có đèn nền nên đọc sách buổi tối trước khi ngủ rất thích, ko mỏi mắt như xem trên điên thoại. Máy nhẹ cầm ko bị mỏi và đặc biệt ai bị mồ hôi tay như mình khi đọc lâu sẽ ko bị nhăn trang giấy như đọc sách. Máy xem đc truyện tranh rất rõ nét luôn. Pin sử dụng lâu, đọc 2 ngày liên tục chỉ tốn vài %",5
12511474,"Giao hàng 2h nên rất nhanh chóng đã nhận được máy. Mọi chức năng đều tốt, kết nối tài khoản không lỗi, mua được sách trên amazon, bỏ các file sách hay file từ điển đều ok. Màu xanh quá xinh luôn. Pin thì đang thử nghiệm nhưng chắc mình xài đèn nền mức cao (19) nên hao pin hơn, khoảng 400 trang là hết pin luôn. Tiki ko cho đánh giá video chứ mình có quay unboxing. Tiếc quá.",5
3398612,"Máy sử dụng tốt, mới dùng nên chưa đc quen lắm. Đọc sách dễ chịu vô cùng, đặc biệt mình hay đọc buổi đêm trc khi ngủ nên thấy quá tiện lợi. Mở wifi thì pin tụt hơi nhanh. Nên bt mình k cần update sách mới thì để chế độ máy bay là dc. Mỗi ngày đọc 1 ít mà pin dc lâu lắm, mấy hôm r mà tụt có mấy % pin. 
Bt mình hay mua hàng của Tiki trading nhưng hôm mình mua sp này tiki trading phân phối đang có tiêu đề là kindle ppw 4 2018(10th) mà bên link này lại là 2019, nên mua luôn bên này của Detico. Đến hsau vào lại thì bên kia đã update, là bản 2019, giá rẻ hơn, lại còn giao nhanh 2h ? Nhưng mà thôi, vì mua về dùng vẫn ngon lành và dc giảm 150k vào T6 bởi thẻ visa Shinhan Bank nữa nên cũng nguôi ngoai bớt phần nào. 
Lan man tí vậy thôi, ý là mua ở đâu cũng dc mn ạ. Chủ yếu hên xui thôi nè. Mới mua dc 3 hôm nên chưa biết dc đâu?
Bao da mua trên Shopee, 99k, dán màn hình xong k ưng lại bóc ra để trần. 
Xin hết ?",5
9832617,"Tuyệt vời! This is sản phẩm điện tử đáng tiền nhất mà tôi mua trên Tiki.
- Đẹp không tì vết.
- Mọi người nên mua thêm bao da để bảo vệ màn hình, màn hình E-ink rất dễ tổn thương.
- Sản phẩm đi kèm quảng cáo, các bạn có thể chát với nhân viên Amazon, họ sẽ vui vẽ loại bỏ quảng cáo khỏi thiết bị của bạn miễn phí (khác với phiên bản nội địa bên Mỹ sẽ tốn 20$ để gở). Điều này không hề ảnh hưởng tới thiết bị
- Cách phân biệt quảng cáo hay không quảng cáo: Khi tắt màn hình rồi mở lại bằng nút power nếu thấy có dòng chữ yêu cầu trượt để mở là có quảng cáo, nếu không bạn sẽ được đưa thẳng vào trong và hình nền khi máy ở chế độ chờ sẽ rất đa dạng.

Cảm ơn Tiki.",5
2859205,"Mình đặt hàng vào ngày 7/1 và có hàng ngay 2 ngày sau đó, sáng hôm đó mình đã được mail thông báo sẽ được giao hàng ngay trong ngày. Mở hộp các tông là một hộp kindle paperwhite nguyên vẹn, đúng màu xanh và dung lượng mình đã lựa chọn. Mình kiểm tra thấy số seri trên máy trùng khớp với số trên hộp. cảm ơn tiki và detico.",5
12290582,"Máy hao pin hơi nhanh, kêu mỗi ngày 30p đọc thì sử dụng trong hai tuần mà mỗi ngày mình đọc tầm đó hết 10%pin chắc mới mua về nó index sách với mình bật wifi để gửi sách qua mail nên tạm chấp nhận.
đã mua hàng ở tiki khá lâu mà lần này trải niệm mua hàng thực sự tệ. Lý do là mình thấy máy đọc sách có mấy ngàn người mua, rất nhiều bình luận  click vô đọc bình luận thấy ổn, nhà cung cấp tiki trading mình mới quyết mua, ai ngờ lúc chọn mầu mình chỉ chon màu đen thôi ko để ý xíu là tiki đã đổi nhà cung cấp khác trong sản phẩm đó rồi, tại sao ko để riêng thành sản phẩm riêng cho ta dễ biết. làm vậy như lừa người không để ý.",1
17224215,"Kích thước, ngoại quan oki, trải nghiệm ban đầu khá thích, pin  xuống nhanh! 100% dùng liên tục khoản 12h!",4
12160225,"Mình chọn phân loại màu đỏ để được cung cấp từ Tiki Trading cho yên tâm nhưng khi test máy gặp tình trạng độ phân giải của máy kém. Nếu để màn hình trắng không thấy rõ nhưng khi chuyển sang Dark Mode thì những điểm ảnh bị lấm chấm, trải nghiệm sản phẩm kém. Trước đây mình đã từng dùng 1 sản phẩm bản tương tự nhưng không gặp phải vấn đề này",1
2529380,"Hài lòng về máy sau 1 tuần dùng. Điểm trừ giao hàng lâu quá. Quên hỏi về thông tin bảo hành ntn.

Khuyên bạn:
- sạc pin đầy lúc đầu tiên rồi sài
- dùng chế độ máy bay nếu ko cần đồng bộ dữ liệu
- đặt thêm bao da vì bên ngoài ko bán, mình chạy quanh tìm mua lo đc thì lại đặt và chờ lâu
- mua sách ebook bản quyền, sách lậu dịch sai và nhiều lỗi lắm và tôn trọng quyền tác giả

Thích hợp với việc tận dụng thời gian để đọc sách. Tránh ánh mắt kì thị ng xung quanh khi ở nơi đông ng. Ngta ko biết mình đọc gì.

Khá hứng thú!
Thân!",4
11110458,"lúc đầu cài khá là ok, nhưng để một lúc thì bị như thế này sợ quá. nhưng về sau thì lại được bình thường, chẳng biết có vấn đề gì không nữa. không biết sản phẩm có bảo hành không mà mình không thấy có thẻ bảo hành trong đóng gói",5
4088669,"Mình mua của tiki, lúc giảm giá còn 2tr6. Dĩ nhiên cảm giác đọc không bằng sách giấy nhưng mình rất thích vì tiện, gọn nhẹ, đọc buổi tối ko cần đèn (vì con mình ngủ ko bật đèn đc). Ebook cũng rất nhiều download về đọc thui. Mình ko mua sách của amazon vì khá đắt. Đã sử dụng đc 2 tuần vẫn chưa cần sạc pin (1 ngày mình đọc khoảng 1 tiếng).",5
2389765,"Sản phẩm được đóng gói cẩn thận, pin dùng được lâu, chỉ mất 0 - 1%/ ngày (nếu để ở chế độ máy bay) khi không dùng tới, còn nếu dùng khoảng 2 tiếng thì sẽ hao 7 - 9% pin nghen. Màn hình sử dụng đèn led nên có giơ ra trước nắng cũng không loá, có tích hợp các công cụ học từ vựng hay ho, chống nước, nhỏ gọn, mua thêm bao da bọc để bảo vệ máy là hết ý. Thời gian giao hàng y như đã hẹn khi đặt đơn nha.",5
15223373,"mn ơi mình mới mua máy vài tiếng thôi, và nhận thấy máy không đáp ứng được thứ mình cần (do nhu cầu của mình không phải do máy). nên có ai cần mua không mình sẽ pass rẻ lại cho ạ :(",5
13378162,"Sản phẩm mới dùng 1 ngày thấy ok nhưng cách đóng gói không được cẩn thận lắm. Đáng lẽ hàng điện tử nên dán “dễ vỡ” bên ngoài để shipper lưu ý trong quá trình vận chuyển. Lúc mình nhận hàng thì thùng carton bên ngoài bị hõm vào và rách luôn, không biết đã bị quăng ném như nào và có ảnh hưởng đến sp bên trong không.",4
2303528,"Giao hàng đúng thời gian dự kiến, có 2 ngày. 
Mình mua của Detico, do đọc thấy hàng nhập hay chính hãng là không khác nhau do mọi người tự đặt tên thôi do hàng đều từ Amazon, chưa phân phối chính thức tại Việt Nam nên cứ rẻ hơn thì mua.
Sản phẩm rất tốt, nguyên seal, về pin thì mỗi ngày dùng tầm 30p thì mất 8-10% pin có bật đèn nền. Sp nhẹ, tốt, Hài lòng. 
Cảm ơn Tiki.",5
19428541,Sp tuyệt vời,5
19219929,"Mua tặng nên không nhận xét được nhiều,chính hãng nguyên siu,mọi thứ rất tốt",5
19286472,"Đã nhận được hàng nhìn chất lượng nha, sử dụng thời gian mới biết",5
19261267,"Hàng tốt chất lượng , giáo hàng nhanh",5
19357632,Giao hàng nhanh. Chuẩn. Máy đẹp,5
19188798,nice,5
19300410,Quà tặng nên ko có hình chụp,5
19479628,Dùng khá ok,4
19479632,Rất tốt,5
19167036,Được cái rẻ thôi.,4
19391252,"mẩu mã đẹp đúng hình ảnh nge gọi chất lượng ok ,chuông to rỏ",5
16798059,"Shop Qua chuyen nghiep, hang chất lượng, sẽ ủng hộ shop tiep tang shop 5 sao nhe",5
19129413,"Shop chăm sóc hỗ trợ khách hàng nhiệt tình, chu đáo. Hàng nguyên seal, có phiếu bảo hành. Được bóc hàng mới rất thích :))))))",5
19497960,"Hàng chính hãng nguyên seal, cảm ơn Shop hỗ trợ nhiệt tình!",5
17944000,"Ngoài hình đẹp dù nhìn hơi kiểu lúa lúa trung quốc tí :) có chỗ viền mạ đẹp, có chỗ khác thì nhìn lúa. Theo gu mình là vậy.

Chất lượng good trong giá này. Tính năng đúng và đủ như đăng trên gian hàng.

Gói hàng, giao hàng đều good.

Để coi xài bền không.",5
17852255,"Tôi mua 02 cái, điện thoại chắc chắn, màn hình to, chuông to, bàn phím to dễ dùng cho người có tuổi, nhiều tính năng, rất ổn, sau 1 tuần thấy dùng ổn, sau này chưa biết thế nào.",5
18107181,sản phẩm đẹp,5
16356496,"Màn hình rõ, đt đẹp. Sài ok",5
16798082,Qua tot luon🫶🫶🗣,5
17045129,"mình đã nhận được điện thoại sáng nay, nhanh hơn dự kiến 2 ngày, hàng chuẩn, đúng nguồn gốc, xuất xứ Malaysia, rất ưng ý, shop đóng gói cẩn thận, còn kèm cardvisit để khách hàng tiện liên hệ nếu cần. Tiki cần khuyến khích các nhà cung cấp sản phẩm có tâm , uy tín như shop để không ngừng nâng cao chất lượng thương mại điện tử Việt Nam. Sec tiếp tục mua của shop lần sau.Thanks",5
18012616,"Hàng đúng như hình shop đã đăng. Made in Malaysia. Shop phục vụ rất tốt, giao hàng rất nhanh. Mọi người nên mua.",5
19009244,great,5
17592349,Sp ok,4
16712075,Nghe goi tôt,5
16238623,Hàng ok,5
15603747,"Giao hàng nhanh, đóng gói cẩn thận, điện thoại đẹp chất lượng, shop phục vụ tuyệt vời, phản hồi nhanh, hỗ trợ tận tình",5
16935418,"Giao hàng nhanh. Shop rất dễ thương nhiệt tình. Mình đặt nhầm màu, nhắn tin hỏi shop vẫn hỗ trợ đổi màu khác. Chuông đt dịu nhẹ vừa đủ nghe. Âm thanh thoại nghe tốt.",5
19227062,"hàng ổn, như mô tả, đã dùng được vài tháng, chưa gặp rắc rối gì",5
18712970,"Nhận được hàng nhanh
Đóng gói cẩn thận
Xài tới giờ chưa thấy có vấn đề gì",5
17171680,Giao hang nhanh .đien thoai Nhỏ gọn. Dùng khá ok .,5
17939028,"Hàng xinh xẻo, âm lượng vừa đủ nhẹ nhàng. Giá cả hợp lý",5
18172922,"Sản phẩm tốt, đóng gói cẩn thận.  Giao hàng nhanh",5
18064032,Shop hỗ trợ xuất hoá đơn nhanh chóng. Cảm ơn shop,5
17281683,"Sản phẩm rất tốt, phù hợp với giá tiền",5
16592745,"Điện thoại xài nghe rõ, chuông to",5
16897609,SP tốt,5
16806179,Xài ok,5
19435680,Mẫu đẹp . Chỉ tội dùng hơi đơ,2
19301396,Máy đẹp lắm nha.dùng thích lắm.pin trâu.,5
19481001,"Âm thanh to, máy cầm chắc chắn",5
19513435,Hàng công tỷ.chính hãng.giá shop quá tốt.4G ok,5
17513662,Hàng chính hãng.Nokia .4G căng đét.máy đẹp .pin trâu. Giao hàng nhanh.tặng shop 5 sao,5
17568506,Hàng chính hãng Nokia .loa to.máy đẹp .pin trâu.nhỏ gọn.cho 5sao.giao hàng nhanh,5
16985289,mua hai chiếc hai màu shop lại giao cùng màu. vỏ hộp thì bị bóp méo,1
16985298,chọn màu đỏ lại giao màu xanh,1
19513437,Hàng nguyên hộp.giá tốt cho sản phẩm.,5
19488656,"Sài mấy hôm mới lên đánh giá. Không phê bằng sách giấy nhưng thấy khá tiện. Shop hỗ trợ nhiệt tình. Giá cả hợp lý. Shop khá có tâm trong việc tư vấn. Bản này sx tại Trung Quốc theo chuẩn amazon có kèm cover. Mọi người nên ủng hộ shop, bền không thì thời gian mới biết.",5
19430878,"Là newbie thì máy basic rất oke, đầy đủ chức năng cần thiết, màn hình 6inch cũng đủ lớn ròi. 
Shop bán rẻ trong thị trường",5
19387496,"đóng gói chắc chắn, đẹp, giá phù hợp, quá đỉnh",5
19063326,Máy mới nguyên seal. Giá rẻ nhất thị trường tại thời điểm mình mua.,5
19012708,Máy rất đẹp. Chữ đọc rât rõ nét như sách giấy. Usb type C siêu tiện lợi. Pin lâu.,5
16505015,"mua được hàng chính hãng, dể sử dụng, hài rất hài lòng. cảm ơn shop nhiều.",5
16356573,"Cái này nhỏ gọn, dùng treo ở cầu thang rất tiện. Hàng ok nha.",5
19513446,Âm thanh rõ.loa to.pin ok.thấy ngoại hình cũng đc.giá rẻ,5
19525613,ok,5
19494227,"Shop giao hàng nhanh, sản phẩm giống mô tả",5
19111953,"OK, máy có bàn phím hơi nhỏ, chưa thuận tiện cho người lớn tuổi",4
19160454,"Sp nhỏ gọn, đẹp. Hàng chính hãng. Shop tư vấn nhiệt tình.",5
19388778,Ok,5
19358336,Hàng tốt,5
17520098,Cám ơn Shop và Tiki đã hỗ trợ! Mình chưa trải nghiệm sản phẩm nên để 5 sao chúc VNPT bán tốt!,5
18101767,cảm ơn shop đã hổ trợ nhiệt tình,4
18964143,"Xấu hơn trên hình quảng cáo, về bậy lên mất hơn 3h cập nhật chậm dã mang, điện thoại khổ lớn nút vol-+ sài nhiều nhất lại đưa lên đầu nút power ít sài lại để phía dưới thiết kế bố trí hại não thật, điện thoại này hơn điện thoại cơ bản thôi sài chỉ nghe và gọi thì ổn chạy app *** momo gojek thì chạy dựt dựt như, phải dùm ccleaner kill các ứng dụng đang chạy, phải disable force stop nhiều app đa số samsung app, google duo gallery go assitant mapps speetch service youtube music samsung max file by google drive đặt biệt chrome thay bằng Opera mới chạy được chấp nhập được, turn off toàn bộ notification, bỏ hết cho phép sử dụng data chạy ngầm.",4
19158671,"sản phẩm đúng mô tả, giá cả phải chăng, chất lượng ổn định  giao hàng nhanh, uy tín!",5
19056538,"Tốt trong tầm giá, nên mua phù hợp với người lớn tuổi.",5
19403725,Ok,5
19313423,Tốt,5
19308586,Tot,5
19125829,mmmm,5
19506480,Rất tốt!,5
19489607,"Máy màn hình đẹp hơn kindle paper white, nhỏ gọn, có phím bấm rất thích, đáng để đầu tư.",5
19441527,"Máy còn nguyên seal, đúng với mô tả, nhưng không đúng màu xanh như đặt hàng mà là màu đen. Giao hàng nhanh chóng, đóng gói cẩn thận!",5
19078624,Giao nhanh. Đóng gói chắc chắn.Hàng chính hãng. Nguyên seal.,5
19268367,Mua đt lần thứ hai của Tiki Trading. An tâm về chất lượng.,5
19007453,Máy mới 100% chính hãng. Rất hài lòng,5
18732214,Dùng ok vừa giá tiền,5
18268865,Hình ảnh chỉ mang tính chất nhận xu,5
18891618,"Camera đẹp
Cầm nhẹ
Màn hình lớn
Giá Tốt",5
19474901,Tốt,5
18701630,"Điện thoại ổn, mua được giảm thêm 600k",5
18869533,Đang sử dụng,5
18025491,Hàng chính hãng.giá tốt.máy chắc chắn.đẹp.loa to thôi rồi.nói chung hợp trong tầm giá.4G căng đét,5
16359874,"Loa to, hình ảnh rõ, thích hợp cho người già. Điện thoại không có kèm thẻ nhớ, không có camera.",4
15637627,máy pin trâu.loa to.đóng gói cẩn thận.giao hàng nhanh,5
17002502,"máy chắc chắn, màn hình sáng, pin lâu loa to rõ, đèn pin sáng",5
19531846,Đt giống như hàng trình bày quá đt đã có người sử dụng rồi tôi thấy đt chậm chạp hơi lác,1
19537121,Nếu chỉ có một tùy chọn là chụp ảnh mà không có tùy chọn up ảnh lên tôi đánh giá nhà cung cấp điện thoại này 5* và nêbf tảng tiki 0*. Càng ngày tôi thấy tiki chướng mắt.,1
13622905,"hàng giao giống hình nhưng không có hiệu, không có ăng ten, không có hướng dẫn sử dụng,    hàng Tàu không biết có bền không?, đơn vị vận chuyển Best giao hàng chậm (2 lần thất hẹn, chờ mõi mệt)",4
10067530,"Nói chung hàng mình nhận ko phải hình ảnh mô tả, mà sản phẩm khác hộp in chữ TQ. Hơi thất vọng nhưng lắp sim vô xài đc nên thôi kệ",3
8259161,"Đặt cạnh Iphone 7, Iphone 7 thì có sóng, còn điện thoại bàn này thi chỉ có 1 cục sóng, cả 2 xài SIM viettel",1
16343861,Ok,5
15578431,Hình ảnh và sản phẩm thực tế không giống nhau.,1
13417378,"như mô tả, nghe to rõ",5
2517549,"nhà có người già và trẻ nhỏ nên có cái này tiện thực sự, bản chất trước đó mình cũng thích đt bàn liên lạc ở nhà rồi, giao hàng nhanh,hàng chất lượng, đẹp như ảnh, dễ sử dụng rất cảm ơn cửa hàng",5
3288064,"Lắp sim không ăn, đã cho sim homephone vào rồi mà cứ yêu cầu lắp sim, không sử dụng được. Mình yêu cầu được đổi trả hàng.",1
3031297,"Đóng gói cẩn thận, giao hàng nhanh, sp đúng như mô tả, trước hôm mua thấy có bạn bluan loa sp bé nên hơi lo. Nhưng nhận hàng loa tốt, sp mới, mọi thứ đều ok. Hài lòng",5
4465909,"Sản phẩm tốt, dùng gần 3 năm rồi không hỏng hóc gì, nghe gọi đều ok nhé!",5
3588177,đóng gói cẩn thận. lắp sim vietel homephone dùng ok.,5
7814734,cám ơn......................,3
2867430,"Hàng giao nhanh chóng, đúng chủng loại theo khách yêu cầu.
Đóng gói tốt.",3
3034171,"Phù hợp cho nhà có ng già dễ nhìn số, và trẻ em ko dùng để chơi điện tử đc như máy cầm tay",5
3119352,"Hàng giao không đúng màu, giao hàng quá lâu. Không có hướng dẫn sử dụng.",1
4977902,Ok rốt,4
2754264,"ĐT chuông nhỏ, loa ngoài nhỏ, nói chung giá mắc mà chất lượng tồi",1
13570184,"Ok, cảm giác được bóc tem nó đã đã sao á, nên để xa tầm tay mấy mẹ, vì có thể bị chọi bể đầu, máy nặng chình chịch.. Cảm ơn Shop, chúc Shop buôn may bán đắt",5
9101412,"Hàng nguyên seal nhé mn, cầm chắc chắn lắm, nói chung cảm giác đc bóc seal rất đã, còn về chất lượng thì đợi dùng thời gian xem sao",5
14511722,"Cầm chắc tay, đã dán kính cường lực luôn, gia cố cao su 4 cạnh của điện thoại rất cẩn thận.",5
19280362,máy tốt,5
11451134,shop dao hàng nhanh nguyên sưu đúng sản phẩm,5
18872455,"Máy đẹp, nhanh, TIKI giao hàng nhanh. Máy mới hãng có dán màn hình sẵn rồi nên mua thêm 1 bao da là dùng OK.",5
18472962,Cho hỏi mình muốn mua cover thì sao? Cám ơn.,5
19513444,Máy nhỏ mà loa to ok chất lương j tốt.giá rẻ.ủng hộ shop lần sau,5
18827406,Máy chính hãng. Full hộp .đúng như mô tả.sp có 4G.bh 12 tháng.nhỏ gọn dễ dùng..,5
18116165,"Chữ to, màn to, pin tốt, dễ sử dụng, loa to, hình thức đẹp, máy cầm nhẹ, shipped thân thiện, sẽ ủng hộ shop thêm",5
18849355,Ok good pic for xu only,5
17323064,"Máy nhẹ so với kích thước. Tốc độ ổn cho các tác vụ cơ bản nghe gọi, zalo, youtube, facebook,... Dĩ nhiên độ phân giải màn hình và tốc độ xử lý không bằng dòng cao cấp được. Nhưng mức giá này là ổn cho một chiếc máy phụ có màn hình lớn.",5
17528489,"Ship siêu  nhanh, trưa đặt chiều nhận. Mất khoảng 5h. Đóng gói rất chắc chắn. Hàng nguyên tem. Máy chạy ngon, hơi chậm nhưng so giá tiền thì ko đòi hỏi gì hơn. Lần đầu dùng Tiki tôi rất hài lòng về dịch vụ 😍",5
19338406,"Shipper nhiệt tình lắm. Tính mình chậm chạp mà chị ấy ráng chờ tới khi mình khui hết hộp đựng, lắp pin điện thoại mới đi. Sản phẩm bên shop rất tốt, nghe gọi ổn, chữ to dễ nhìn. Cho shop 5* ạ.",5
17832602,Hàng tốt nhìn thấy mê mẩn cho tất cả 5 sao sẽ tiếp tục mua hàng tại shop này nữa nvgh lịch sự cho tất cả 5 sao,5
17996161,"Giao hàng nhanh và chắc chắn nè. Điện thoại rất đẹp, giá quá tốt trong tầm giá và new luôn. Thực sự mua hàng của Tiki rất chất lượng và hài lòng ạ. Đây là mình mua tặng Mẹ nhân 20/10 🥰",5
16868546,"Điện thoại mẫu mã đẹp, chất lượng ok so với giá ~2tr. Phù hợp cho trẻ hoăc ng trung tuổi xem youtube. Dùng để làm việc thì hơi chậm",5
18115797,Tôi vừa mua đt này về mới phát hiện không cài được app MB bank vì bị báo ko tương thích với thiết bị. Muốn gọi cho shop để đổi hàng mà không có số đt????? Yêu cầu cũng cấp số đt!,3
19022648,Sản phẩm rất đẹp và tốt so với giá tiền. Mua tiki tôi cảm thấy yên tâm vì chất lượng đc kiểm tra kỹ hơn các trang mua săm khác,5
17137420,"Tiki giao hàng nhanh, đóng gói cẩn thận. Sản phẩm tốt. Xin cảm ơn !",5
18736118,"Sản phẩm chất lượng như giới thiệu, đóng gói cẩn thận! Có thể tin tưởng mua cả nhà nhé!",5
17609881,Tạm ổn so với giá,5
17806513,"Mua giá khá tốt, sản phẩm chất lượng chờ thời gian nhưng hàng chính hãng nên yên tâm
Giao hàng nhanh",5
16585068,"dưới 2tr không nghĩ có sản phẩm nào tốt hơn. rất hợp cho người già, màn hình to, cầm nhẹ, thêm cái sim 4G nữa là vi vu.",5
13353252,shop tư vấn có tâm ghê. giao hành nhanh nữa. điện thoại đẹp và dễ sử dụng. khuyên mọi người nên tin mua ạ. 🥰🥰 mãi yêu,5
18443597,Tốt. Tuy chưa sử dụng nhưng để xem sao.,5
17434357,Sản phẩm ổn trong tầm giá. Mua để dùng nghe gọi là chính nên ko đòi hỏi gì nhiều. Không phù hợp với những người có nhu cầu chơi game,5
16715022,Máy ok lâu hơi lag nhưng do làm máy phụ nghe gọi vài ba mạng xã hội nên k lo hy vọng bền lâu 👍👍👍👍👍👍👍,5
16954126,điên thoại dùng tốt trong tầm giá,5
13548760,"để một lúc sẽ tắt màn và tắt hẳn không thể mở lên , muốn mở cần tháo pin xong lắp lại mở mơi được . ko biết bảo hành đổi trả như nào",3
17413744,"Màn hình lớn rõ, xài cũng êm so với giá tiền",5
18752370,"Đt giá rất ok.. nhận máy xong rất hài lòng, để xử dụng thử như thế nào!",5
13222422,"Không hiểu luôn, hộp thì xanh thiên thạch mà dt ở trong là vàng phù sa. Điện thoại thật hay giả đây?",1
18308839,Sản phẩm như hình,4
17461203,"Hàng giao nhanh. 
Tiki xử lý sự cố nhanh
Điện thoại nhẹ phù hợp",5
18393084,"Tuyệt vời các bạn ơi. Mình ở HN và vẫn liều mạng vận chuyển xa xôi để mua đồ =)))))
Shop đóng gói siêu kĩ, bóc mãi mới hết lớp băng keo. Giá siêu mềm, sp chất lượng",5
18711922,"Sản phẩm rất ổn định,chất lượng tốt,đã trải nghiệm đc gần 1 tháng thấy ok.ai cũng bảo mua hàng mạng k ổn nhưng mình thấy shop này bán hàng ok,nv tư vấn rất nhiệt tình,giao hàng cũng rất nhanh và nhiệt tình",5
15643056,"Sản phẩm xài thích lắm luôn mn ơi! 
Màn hình đẹp xem phim bao phê e mua cho con coi hoạt hình vs chơi game thôi nè 
Giá săn sale lại rẻ nữa cám ơn shop nhiều😆😆😆",5
18373804,"Hàng chính hãng, nguyên seal.",5
14082184,quá rẻ quá tuyệt với tư vấn hỗ trợ nhiệt tình hàng chính hãng đẹp lạnh lùng kích hoạtnbaor hành đàng hoàng 1 năm cảm ơn shop,5
19139147,máy tốt,5
14888632,"Rất đẹp, xịn sò, giao hàng rất nhanh. tư vấn nhiệt tình, nhanh chóng, ủng hộ shop lâu dài.",5
15310813,"giao hàng nhanh, nhiệt tình, đúng mẫu. rất hài lòng.",5
16839576,okkkkkkkkkkk máy đẹp mượt,5
15597122,Chất lượng ổn giao hàng hơi chậm,5
15081601,hàng ok,5
13621985,ok,5
19498532,"Mượt mà đúng mẫu, xài tốt không lag giật.",5
19533639,Ok,5
19499356,"Đẹp,đúng hàng,gói hàng cẩn thận giao hàng nhanh",5
19525390,"Màn to, pin trâu, ram nhiều 
Ai thích gì cũng bự mà giá rẻ thi thử nhé!",5
19469669,Rất tốt,5
19535630,Quá tuyệt vời. Rất phù hợp với những người trung tuổi,5
19485555,GIÁ NÀY THÌ MUA ĐẠI MÀ XÀI TẠM TAM QUA NGÀY VẬY... CHÚC SHOP LUÔN LUÔN BÁN ĐẮT NHÉ...,5
19516712,mọi thứ trên điện thoại đều tốt,5
19014120,"Đắn đo mãi ko biết nên mua bản refurbished ko, lúc nhận hàng mới thấy lo thừa vì nhìn mới toanh ko thấy vết trầy xước nào, chắc cũng hên. Các thao tác trên máy mượt hơn mình tưởng. Cover cũng ok nma để gần ngửi thấy mùi khá nồng hơi hôi. Thêm 1 cái nữa là ko biết máy mình bản gì vì ngoài hộp ghi signature nhưng info máy chỉ là bản thường, cũng ko thấy quảng cáo nên chắc là bản kids chăng? Khá lú:))",5
18796186,"Đây là lần đầu mình mua máy đọc sách Kindle và cũng là lần đầu mình mua hàng giá trị lớn trên Tiki, mình khá hài lòng. TikiNow giao nhanh, nhân viên thân thiện nhiệt tình. Gói hàng được bọc cẩn thận, có dán tem hàng dễ vỡ, máy đọc sách nguyên seal, bao da gắn kèm với máy luôn trong hộp. Đây là bản cho thị trường Nhật nhưng tính năng đầy đủ không khác bản thường. Từ lúc mua máy đọc sách, mình như trở lại thời trẻ thơ, thời còn say mê với những trang sách, thời gian dành cho Facebook, Youtube,... cũng giảm hẳn. Một sản phẩm đáng mua cho bất kỳ ai có mong muốn tốt hơn mỗi ngày.",5
18197778,"Cảm nhận đầu tiên của mình về máy đọc sách ppw5 này khá tốt, đang đọc điện thoại chuyển qua kindle thật chưa quen lắm, bao da bản kids ngọc lục bảo đẹp hơn mình nghĩ, rất có cảm xúc để có thể trên tay e nó cả ngày. Giao diện máy cơ bản dễ dùng cho ng mới, đèn nền, chữ to rõ nét, tông ấm dễ chịu..nói chung đáp ứng vừa đủ yêu cầu. Shop gửi hàng rất nhanh, đóng gói cẩn thận, trc mắt thì dùng ổn k thấy lỗi lầm j. Nói chung mình khá hài lòng về máy cũng như các b hỗ trợ bên shop. Thanks",5
18696735,"Shop đóng gói và gửi hàng nhanh. Đặt chiều hôm trước, sáng hôm sau đã nhận được. Máy đọc sách Kindle paperwhite 5 bản kid nên có 1 năm tài khoản truy nhập miễn phí kho sách và audible của Amazon kids, được kích hoạt ngay sau khi đăng nhập. Theo thông tin thì bản kid giống hệt bản cơ bản nhưng có thêm tài khoản truy cập kho Amazon kids 1 năm, có thêm Cover chính hãng cùng với 2 năm bảo hành của hãng. Cover chính hãng đã đóng sẵn cùng máy để trong hộp còn nguyên seal. Cả máy và cover hơn 300 g nên cầm khá nặng tay. Cover nhẵn nên tay có mồ hôi sẽ cảm giác hơi trơn. Mặc dù chỉ lớn hơn bản trước 0.8 inch, màn hình 6.8 inch cảm giác lớn hơn màn hình 6 inch nhiều. Máy đã hỗ trợ đọc file epub. Hy vọng chính sách bảo hành và hậu mãi của shop tốt.",5
19362622,"Fullbox nhìn đẹp, đóng gói tốt. Shop trả lời nhanh nhiệt tình. Mình kẹt đi nước ngoài không nhận được liên hệ tiki trước không thấy trả lời, liên hệ shop được liền. 5 sao",5
19442237,"Shop hỗ trợ nhiệt tình và nhanh chóng, đóng gói lại kĩ nữa nên nhận về hộp còn nguyên vẹn không rách móp. Máy còn nguyên seal.

Đơn vị vận chuyển nhanh, shipper nhiệt tình.",5
19495706,Hàng nguyên seal luôn. Mới tinh. Rất hài lòng!,5
19192753,"Máy trong hộp. Nguyên seal. Chưa mở ra, vì để tặng cho cháu nhân dịp sinh nhật, nhưng chắc chất lượng tốt, vì trong quá trình mua, shop tư vấn và phản hồi các câu hỏi chu đáo và đầy đủ",5
19193141,"Hàng tốt, chưa thấy có lỗi gì",5
18290328,"Lần đầu mua máy, cảm giác đọc sướng lắm, giá tốt, máy quá đẹp, màn hình đọc k mỏi mắt. Mỗi tội máy có 1 chấm sáng nhỏ do lỗi màn hình nhưng nhìn chung nên mua.",5
18947749,"Bản của mình là bản có quảng cáo, nhờ hỗ trợ gỡ đi trong vài phút là xong, được tặng cả cover quá ưng luôn. Pin đọc 1 tháng không hết 😂",5
17066645,"Thật sự tiki ngày càng văn minh trong giao hàng, option giao 2h hoặc trong ngày rất ổn (compare with express nào đó), hàng đóng gói cẩn thận, kèm quick manual của shop, hài lòng",5
18450778,"Rất tuyệt, chữ rõ, đoc không mỏi mắt",5
18921017,Cơ bản hài lòng với sản phẩm! Phù hợp để đọc sách thay sách giấy. Tiki giao hàng nhanh?,4
17520984,Máy tốt. Kèm theo cover màu vàng rất xinh. Hàng nguyên seal.,5
18540990,"Sản phẩm SD tốt, shop cần chuẩn bị đủ ốp cho máy hơn nha",5
19211562,Mhơi xước nhẹ ở màn hình nhưng ko ảnh hưởng gì đến việc đọc. Máy hoạt động tốt,5
18950057,Chữ rõ nét. Lâu hết pin. Rất đáng mua nếu chăm đọc,5
18294055,Giao hàng rất nhanh và thân thiện. Máy nguyên seal đúng mô tả. Cảm ơn shop!,5
18770615,"máy giao đúng thời gian, chất lượng tốt, nguyên seal",5
18969809,"Khá tốt, hạn chế duy nhất là sản phẩm chưa thân thiện lắm với người dùng.",4
18358845,Hình ảnh rõ nét! Đọc không mỏi mắt! Máy hơi chậm chút nhưng nhìn chung hài lòng! Shop giao hàng nhanh!,4
18945023,"Lần đầu mua hàng refurbished ko có box nên hơi bất ngờ, máy ok",5
19090861,"Giao hàng nhanh, bọc kĩ, không ướt dù trời mưa",5
19300611,"mình dùng được 10 ngày có đánh giá như sau: shop bán hàng uy tín, máy nguyên hộp, được kiểm tra hàng trước khi thanh toán ngoại hinh đẹp, cấu hình đúng như shop giới thiệu, máy ảnh chụp đẹp sắc nét, mọi thứ đều ổn, chất lượng thì cần thời gian sử dụng mói biết.",5
19247228,"shop đóng gói sản phẩm cẩn thận 
giao hàng nhanh chóng  
sản phẩm tuyệt vời",5
19127036,"Các cửa hàng đã ko còn mẫu này, mua tiki trong vòng 2h là có hàng. Người lớn tuổi, thao tác nhiều quá thì ko nhớ nên nếu dùng để nghe gọi, video call thôi thì con này là chuẩn rồi nhé",5
18906863,Hàng chuẩn nguyên siêu .máy chính hãng.chất lượng tuyệt vời sẽ ủng hộ dài dài,5
18833786,Hàng chuẩn nguyên siêu .máy chính hãng.chất lượng tuyệt vời sẽ ủng hộ dài dài,5
19350334,Sản phẩm ổn trong tầm giá. Pin lâu. Loa to.,5
17089847,"Sản phẩm dùng mượt mà
Giao hàng nhanh trong vòng chưa đầy 24h dù cách xa cả trăm KM
Chất lượng  hàng Tiki rất tốt",5
19249946,Hay Hay Hay Hay Hay Hay Hay Hay Hay Hay Hay Hay Hay Hay Hay Hay Hay Hay Hay Hay Hay Hay Hay Hay Hay Hay Hay Hay Hay Hay Hay Hay Hay Hay Hay Hay,5
19402358,"Điện thoại tốt. Tuy nhiên, dt trang bị cổng micro usb nên hơi bất tiện.
Giá trên tiki rẻ hơn khá nhiều so với nơi khác.",5
18752812,Điện thoại dùng chán quá ạ. Màn hình tối om. Bấm thì cứ nhảy linh tinh. Lần đầu tiên mua hàng tiki mà thất vọng như vậy,5
14847179,okkkkkkkkkkkkkk okkkkkkkkkkkkkk okkkkkkkkk okkkkkkkkk okkkkkkkkkkkkkk okkkk okkkkkkkkk okkkkkkkkk okkkkkkkkkkkkkk okkkk okkkkkkkkk okkkkkkkkk okkkkkkkkkkkkkk okkkk okkkkkkkkk okkkkkkkkk,5
16587055,"Sản phẩm chính hãng, tốt, chất lượng. Săn sale nên được giá rẻ cho người nhà dùng phổ thông. Rất ohù hợp",5
16623840,"Sản phẩm chính hãng, giá tốt. Phù hợp với người sử dụng phổ thông, học online, lướt mạng thông thường",5
16626060,"Nhận hàng đúng sản phẩm, giao hàng nhanh thân thiện, đóng gói đẹp
Hình ảnh chỉ mang tính chất minh họa",5
17819921,"Mua cho ông anh làm trong kho. Vui quá vui! Cảm ơn Tiki, điện thoại đẹp, giá tốt",5
19253706,Toot rat tot bbbb.  Jonnko,4
16399374,"săn sale nên được giá tốt cho bố mẹ call video với con cháu, sản phẩm dùng ổn định, chính hãng, tốt",5
15512076,"Mua cho nên không rõ, tuy nhiên thấy chưa phản hồi gì nên có lẽ máy xài ok, không vấn đề, giao hàng rất nhanh, lần nào mua trên tiki cũng hài lòng!",5
14541617,"shop gói hàng cẩn thận, điện thoại dùng tốt, mượt mà như mô tả, mua được giá sale siêu tốt, sẽ ủng hộ shop lần sau",5
16093407,"Hàng giao nhanh và sớm hơn dự kiến, còn nguyên seal.
Đúng mô tả.",5
16625958,"Giao hàng nhanh , sản phẩm đang *** nên chưa biết chất lượng ntn sẽ quay lại đánh giá sau",5
16623913,"sản phẩm chính hãng, giá tốt. giao hàng nhanh  đóng gói cẩn thận. sẽ tiếp tục mua tiki",5
16623919,"sản phẩm chính hãng, giá tốt. giao hàng nhanh  đóng gói cẩn thận. sẽ tiếp tục mua tiki",5
19317273,Ok,5
19081638,Chuẩn máy full box,5
19210172,"Hàng chính hãng, nguyên seal dùng rất tốt. chỉ có 1 vấn đề là cảm biến gyro bị delay khi chơi các tựa game fps, mình nghĩ đây chỉ là vấn đề phần mềm, do hãng tối ưu để tiết kiệm pin",5
19311245,"Đóng gói cẩn thận, giáo hàng nhanh",5
18918591,Điện thoại chính hãng. Máy mượt mà. Pin thì sài trâu.. Nói chung ok về mọi mặt. Giá quá tốt. Thanks shop,5
18885230,"Hàng ok, có điều redmi 10 xài bản rom miui 13 này pin rớt nhanh quá, được cái sẵn hàng mua nhanh",5
18390970,Sản phẩm OK nhưng bảng thông báo hiển thị quá lâu nhờ hỗ trợ dùm tôi,4
18331842,"Tôi vẫn chưa sử dụng được tí 5G nào. Máy phản hồi chậm hơn con Iphone 7, được cái màn hình to và pin trâu.",5
19458824,Verry good,5
18392746,"Hàng nhận được không giống hình, mẫu mã khác hoàn toàn",1
19122969,Đang sử dụng tốt. Pin trâu. Cấu hình ổn trong tầm giá,5
19359129,sp tốt,5
19092925,Vừa mua xong chưa dung,4
19479008,"Tím lí lắc rất đẹp, giao hàng cực nhanh, chức năng siêu zzoom rất thú vị",5
19479329,"Đóng gói kỹ giao hàng nhanh shiper nhiệt tình vui ve, máy đẹp.",5
18869366,Đã mua. Làm thế nào để kích hoạt được bảo hành shop nhỉ?,5
18840874,"Giao hàng nhanh, thân thiện, sp chính hãng ok",5
19310396,Sản phẩm nhanh hết pin !,4
19504883,"Đt xài ko đuoc , mau hết pin , lướt ko mượt",1
19260712,Hàng quá kém chất lượng màn hình không mượt,1
18504437,tiền nào của nấy có mấy trăm ngàn ai không có nhu cầu nhiều cũng sài được,4
18794222,Sai không duoc .mang hay bị yếu  .nói chiên nghe không rõ,1
11051560,sản phẩm mới ok.nhưng pin nhanh hết cần cải thiện hơn. mọi thứ rất ok.chuẩn chúc shop thành công hơn,5
18103690,nói chung là đối với người ít tiền thì chọn máy này là cực phẩm,5
18699440,Chưa gì đã lỗi màn hình rồi,2
10458341,"Máy sạc đầy pin chưa dùng gì để không tự tụt pin trong 2 3h. 
Ứng dụng không chậm thậm chí không phản hồi.",1
11855966,"tạo email không được,bảo là chưa đủ tuổi,dù mình đăng ký ở độ tuổi nào vẫn xác minh là chưa đủ tuổi..",3
14759954,tui muốn trả hanghrjejejr,1
13847489,dien thoai dung luong hỏi mong Chú  nàng cap no len,3
12305659,máy yếu với lag khó sử dụng mong sửa và khắc phục giúp tôi,1
14049965,Sử dụng ko đc mong shop cải thiện hơn nhé,1
14942549,máy sử dụng tốt nhưng hơi lag,1
11984378,vào mạng rất yếu ...vào mạng rất lâu ..chỉ đáng 500k mà thôi,1
13376288,đt chậm quá loa nói chuyện cũng nhỏ,1
17802785,"Máy đẹp, cứng cáp nguyên tem chống hàng giả. Mới khui chưa biết sử dụng thế nào nhưng tổng thể bên ngoài đẹp",5
19091306,Hàng chính hãng. Chất lượng tốt. Mua hàng của tiki thì luôn yên tâm về chất lượng. Đã dùng được 1 thời gian rồi gioef mình mới vào đánh giá,5
18374565,Gửi đi hàng triệu nụ cười để mang đến bắt đầu đầy hứng khởi cho ngày mới bạn nhé. Ngày mới vui vẻ!,5
18946521,"Chất lượng sản phẩm Ok, giá sản phẩm Ok.,giao hàng nhanh. shop phục vụ tốt..",5
18602021,"Sản phẩm ok,  .giá hợp lý..rất đáng mua. shop phục vụ tốt, thời gian giao hàng nhanh.",5
17917824,"Dien thoai đẹp, rẻ. Giao hàng  nhanh . Nhan vien than thiện . Sẽ mua lan 2",5
19241401,Good luck d m dm dm dmm esmejeib2vyzbsnsmwiwvyd7h3,5
19263170,Rất tốt hàng dùng ok tôi sẽ giới thiệu cho bạn bè cùng mua sp này,5
18372834,Sản phẩm bị lỗi mà bảo hành quá lâu.lỗi mic mà yêu cầu đổi mấy ngày chưa xử lý xong nữa.quá tệ,1
19377255,Hàng đúng như hình tốt giao hàng nhanh gọn lẹ,5
18589564,Xịn xò. Giáo hàng nhanh. Đóng gói cẩn thận.,5
19238947,sp dùng tốt,5
19250042,Ko dc hài lòng cho lắm mog khắc phục thêm,3
18344291,Nhìn cái camera sau xấu kinh khủng,2
19224752,giao hàng nhanh shipper tận tình,5
18827934,Hàng giao nhanh,5
19019111,Tốt,5
18984308,tốt,5
18374557,Ok lawmd mua dc gia tốt nữa,5
17077666,"nhận hàng nhanh. đóng gói cẩn thân, giá tốt, nguyên seal",5
19193868,chất lượng bình thường,5
19246573,"13 BỘ PHIM CHO BẠN THÊM 100 ĐIỂM ĐỘNG LỰC
1. TWENTY FIVE, TWENTY ONE - TUỔI 25, TUỔI 21
“Anh còn trẻ, phá sản cho biết cũng được mà, còn đỡ hơn gần 60 tuổi mà phá sản”
“Vì tôi chỉ mới 18 tuổi, còn quá trẻ để đánh mất thứ gì, những thứ tôi không thể mất được chẳng hạn như: Ước mơ, khao khát.”",5
18890149,"Điện thoại giá tốt, cấu hình xài ngon..Giao hàng nhanh chóng,gói hàng rất cẩn thận.",5
18384348,"Màu xanh khá đẹp, mặt lưng nhựa bóng nhưng khá chắc chắn, máy không quá to, cầm nắm vừa phải, với mức giá dưới 5tr thì sở hữu con này quá hợp lý",5
18385958,"Giao hàng nhanh,đóng gói sản phẩm ok, chất lượng phải dùng một thời gian mới biết được",5
18145132,"Giao hàng nhanh chóng, điện thoại đẹp, dùng rất tốt",5
19394952,Điện thoại sài nhu cầu cơ bản rất ổn. Mình không có dùng ốp hay dán cường lực luôn.,5
18417211,Điện thoại đẹp. Đóng gói chắc chắn. Mình cảm ơn shop!,5
19468977,"Hàng rất OK ạ, đóng gọi cẩn thận",5
16909400,"Sản phẩm nguyên seal, giá cực kì tốt; điện thoại rất đẹp luôn, chăm sóc khách hàng quá chu đáo. Cám ơn shop nhiều nhiều.",5
19439224,K liên hệ được với nguoif bán,3
17344428,"Rất hài lòng, sản phẩm như hình, nguyên seal, gói hàng cẩn thận, giao hàng rất nhanh và đúng giờ",5
19276274,"Hàng tốt, giá cả phải chăng",5
18158790,"Điện thoại đẹp, mới, shop pv chu đáo tuy nhiên xài nó giật giật hơi chậm",4
19186617,"Giao hàng nhanh, điện thoại đẹp",5
19039392,SP tốt. Lần sau sẽ ủng hộ shop,5
19307293,"Hình ảnh chỉ mang tính chất minh hoạ, có nhu cầu vay tiền liên hệ em ạ. Thanks",5
19366667,"Nguyên seal,giao nhanh.giá cũng khá tốt.",5
18964633,thiết kế sáng tạo cao ngôn ngữ dễ sử dụng phù hợp với người dùng,5
19275216,"Đt lỗi, đơ lag nhiều liên tục",1
17249232,Máy đẹp a,5
18240706,Mới dùng chưa thấy gì,4
18353278,Quá đẹp..... Dùng ok          ............,5
16813425,"Hàng oke có tiếng việt , RAM 4GB shop uy tín sẽ ủng hộ",5
18953265,tốt,5
17563288,"Hàng tốt, chất lượng.",5
16504419,sản phẩm rất vừa ý.,5
16497124,Đẹp chất,4
14283206,hàng nguyên seal ok,5
18873814,Tôi ko tạo dc tài khoản đăng nhập. Vui lòng hỗ trợ,1
17720788,Tốt,5
13979504,ko cài đặc được vui lòng hỗ trợ,4
15044429,"Lúc nhận được cái hộp móp méo vậy mình cứ sợ bên trong không biết bị gì không. Nhưng khi mở ra bên trong vẫn ổn.
Hàng mới nguyên seal 100%. 
Dùng tầm 1 tuần để xem sản phẩm như thế nào.",4
6280276,"1 sao cho cách shop đóng gói hàng hoá, lúc nhận hàng nó chán chã buồn nói luôn á. 
Nếu tiki có chế độ trả hàng hoàn tiền là tui gửi trả liền tay.
Gói hàng đề là giao từ Hà Nội mà chủ shop gói hàng tệ quá, tiết kiệm nilong chống sốc đáng thương luôn. Quấn đóng 1 vòng mỏng dính.
Nói chung là không hài lòng về cách gói hàng của shop.
Chào thân ái và không bao giờ quay lại mua thêm lần nữa.",1
12362665,"Giao nhanh và bọc cũng kỹ. Đọc trong tối cũng ok nhưng mình chưa quen lắm. Có em này cũng tiện, đọc ban ngày thấy ổn vì nhìn cũng khá giống màu sách giấy. Ẻm cũng nhẹ nữa. Điều chỉnh cũng khá dễ dàng nhưng mà chuyển trang hiệu ứng hơi rúi rúi :))) Đọc bình thường không sao chứ chuyển nhanh nhanh hơi sai trái.",5
10430054,"Màn hình kindle đọc siêu thích, kiểu như đọc sách luôn í mà còn rất tiện, tính ra còn nhẹ hơn cái đt nữa mà pin nếu để chế độ máy bay thì chắc là xài trâu lắm còn để chế độ wifi thì mau tụt pin, mình mua thêm cái bao da dựng đứng được tối đặt trên giường đọc luôn k cần cầm tới máy, rất hài lòng. Tuy nhiên mình sẽ đánh giá 5 sao nếu bao bì đóng gói không bị móp méo như hình. Lúc nhận được hàng mình đã khá hoang mang, phải quay clip unbox vì hộp móp méo nhìn thấy thương sợ ảnh hưởng đến máy bên trong nhưng hên quá em nó vẫn bình an vô sự, những lần trước đơn hàng của mình được đóng gói và vận chuyển khá chỉn chu, không biết sao lần này lại bị vậy dù ngoài hộp đã được dán niêm “hàng dễ vợ” to đùng, mong tiki xem xét lại vấn đề này để trải nghiệm khách hàng được trọn vẹn nha.",4
3312289,"Biết máy đọc sách Kindle của Amazon lâu rồi mà hồi trước không quan tâm lắm tại vẫn nghĩ đọc sách giấy thích hơn, nhưng tới hồi cầm cuốn Bố già mỏi tay quá nhìn sang anh đồng nghiệp cầm con Kindle nhẹ hơn cái điện thoại nên quyết tâm về đặt luôn ? suy nghĩ đắn đo lướt các store đã cuối cùng thấy Tiki bán giá ổn nhất mà hàng new có bảo hành 12 tháng nên quyết định hốt luôn trong đêm ? dùng được gần tuần rồi giờ mới review nha :))

- Điểm thích:
+ Nó nhẹ, rất nhẹ, đụng trúng chỗ ngứa của mình luôn =))
+ Màn hình e-ink đọc cực cực kì thích, cảm giác đúng như đọc cuốn sách thật, không chói mắt mỏi mắt, nhảy noti gây mất tập trung như trên đt, nhờ kindle mà chưa hết 1 tuần mình đọc được hết 2 cuốn sách kéo mãi 3 tháng chưa xong với bản sách giấy và đt =))
+ Kho sách bao la, có những cuốn xưa xưa không còn tái bản như của Mạc Ngôn rất muốn đọc mà kiếm sách giấy không có, giờ cứ ebook quăng lên kindle :))
+ Tiki giao hàng cực nhanh, đặt khuya thứ 5 sáng thứ 7 đã ship, dù mình ở tỉnh, tưởng thứ 2 mới ship như trong dự kiến nhưng sáng thứ 7 ngủ dậy anh shipper Tiki đã tới tận cửa ??? 

- Điểm chưa thích lắm:
+ Vụ gửi sách qua mail của Kindle hơi chuối ? set up máy tạo tài khoản Kindle xong xuôi, nhưng lúc log in vô app Kindle hoặc web thì báo không tìm được tài khoản của mình !?!? nói chung cách nhanh nhất vẫn là cắm cáp chuyển file từ lap qua, ai có ý định gửi file sách qua email Kindle thì thôi dẹp luôn đi cho đỡ mất thời gian :)))

- Về pin thì cũng chưa *** kĩ được, lúc bóc seal máy ra thì pin khoảng 50% sau đó import sách cắm lap nó sạc lên được khoảng 80% đọc liên tục 2 ngày cuối tuần (độ sáng khoảng 9-12) tới giờ xuống 25% mới sạc lại, khoảng hơn 1h30p thì đầy. Nói chung mình không lăn tăn khoản pin lắm, vì đọc nhiều thì cũng vài ngày mới phải sạc lại, đt còn sạc ngày ngày =)))",5
3220019,"Mua chung với bao da tổng 2.689k giá hơi bị hời so với mấy tiệm bán ở ngoài (tầm 2.750k)

Máy thì giao nhanh, nhưng mà bao da thì hơi chậm hơn tí. 

Xài 2 ngày thấy đọc sách siêu sướng, chỉnh chữ to nhỏ, sáng tối đều được. Hơi bất tiện  là phải tự tải từ điển tiếng Việt vào. Có nhiều web chỉ làm lắm mò tí là ra.",5
13331790,mua về được một tuần thì màn hình bị sọc. bấm nút nguồn rồi để yên tầm 20p thì bình thường lại. đã liên hệ Tiki và Tiki đã liên hệ hỗ trợ.,3
11529797,"Sản phẩm nhỏ gọn, nhẹ, mình dùng đọc sách lâu không mỏi tay. Chỉ có duy nhất chức năng đọc sách nên tập trung, không bị phân tâm bởi thông báo zalo, facebook. Rất tiện. Tiki giao hàng rất nhanh, cứ nghĩ đang thời điểm dịch bệnh sẽ lâu nhưng đặt hàng hơn 1 ngày sau đã nhận được máy.",5
10202891,"lúc mới nhận sản phẩm và unbox mình rất ưng, về cả cách đóng gói vận chuyển và chất lượng sản phẩm. dùng thử một vài ngày cũng thấy tải truyện oke nữa, nma tính đến hôm nay, mình mới dùng được 1 tuần. không hiểu sao ban sáng mình còn đọc dở truyện, tắt đi để đó, lúc sau quay lại bật lên thấy màn hình đơ như trong ảnh, chỉ hiện mỗi chữ “waking up...” rồi giữ nguyên như thế, suốt từ 7h sáng. mình có cắm sạc, tắt đi bật lại nhiều lần nhưng không thấy gì ngoài đèn báo sạc sáng đỏ báo hiệu đang sạc cả. Ngoài vấn đề này ra thì mình cũng không gặp lỗi gì khác cả, ai đó biết cách sửa làm ơn trả lời đánh giá này giúp mình với nhé, mình cảm ơn.",5
10016009,"Mưa gió, covid nên giao hàng có chậm một chút không thành vấn đề. Máy dùng tốt. Quen lướt Smartphone nó nhanh rồi chuyển qua thao tác trên máy kindle này nó chậm quá. Nhất là lúc cài đặt ban đầu của máy. Còn sau đó thì chỉ đọc sách ko nên cũng ko thao tác gì nhiều, cũng quen với điều đó luôn. Màn hình máy nhìn như trên giấy thật vậy, đọc lâu không bị đau mắt",5
12273095,"Đặt hàng tiki now nên hàng về nhanh như cơn gió. Hộp giao không móp méo gì cả, kindle thì nguyên vẹn trong hộp giấy và không xước miếng nào cả.

Bắt đầu từ ý định mua kindle để đọc tài liệu bản mềm mà không phải dính hai con mắt lên màn hình máy tính hay điện thoại quá nhiều hay in giấy đọc xong không biết bỏ đi đâu cho hết, đến nay mình dùng hơn 6 tháng rồi và rất ưng với chiếc PPW4 này. Một vài điểm về chiếc này mình thích dưới đây nè. 

+ Pin dùng siêu lâu cho một lần sạc nên thường khi nào xuống tầm 15 20% thì cũng có thể yên tâm dùng tiếp cuối ngày sạc là được. Mình cũng hay bật chế độ máy bay khi không cần tải sách hay tra từ trên wiki nên cũng đỡ hao pin hơn. Một điểm nho nhỏ là máy này vẫn chưa phải chân sạc type C nên vẫn phải giữ thêm dây nối chân micro mang theo khi đi xa.+ Dung lượng 8GB với nhu cầu chỉ dùng đọc sách chữ (hình minh họa điểm thoang thoảng) của mình thì có lẽ còn lâu nữa mới dùng hết dung lượng
+ Giao diện mới cập nhật (sau khi mua về có một lần máy hiển thị thông báo cập nhật nên mình làm theo luôn) thân thiện người dùng. Các chức năng hay dùng như chỉnh sáng đèn nền, chế độ máy bay/bluetooth, dark mode, sync với các thiết bị khác...) thì chỉ cần vuốt trên xuống là có liền, kể cả khi đang đọc. Các tùy chỉnh về cỡ chữ, giãn dòng, bố cục trang ngang/dọc, mục lục... cũng dễ sử dụng khi vừa vào từng tài liệu đọc. Chức năng highlight và note, tra từ điển/wiki tương đối nhạy (tất nhiên note sẽ không mượt như gõ tablet nhưng với chiếc kindle như này mình thấy như vậy là ổn áp rồi).

+ Dành riêng một dòng để nói về tài liệu dạng scanning nè. Mình khá bất ngờ vì với các tài liệu dạng này vẫn có thể dùng kindle để đọc một cách tiện lợi với chức năng zoom in/out có kèm cả định vị mình đang đọc đến góc nào của trang nữa, tưởng không tiện mà tiện không tưởng luôn =)))

+ Danh mục sách có chế độ lọc/sắp xếp hỗ trợ việc tìm sách của mình nữa. Lâu lâu lười không sắp thành các folder có hơi lộn xộn thì cũng không khó tìm tài liệu. 

+ Về phần chuyển sách vào kindle, dùng cách chuyển qua kindle mail thì phải vào tài khoản amazon từ web browser hơi lòng vòng chút lúc đầu, còn khi dùng cách kết nối trực tiếp với lap thì sách/tài liệu chuyển vào siêu nhanh trong vòng một nốt nhạc luôn á. Với sách mua từ app kindle trên điện thoại thì sẽ mất vài phút để sync về kindle, lần đầu sync mình hơi sốt ruột nên hết bấm sync trên điện thoại lại vào kindle sync nhưng sau quen rồi thì bình tĩnh đợi chút là sách về. 
+ Màn hình hơi bám vân tay chút nên cũng cần chăm chỉ lau đi cho vệ sinh. Mình có dùng thêm ốp để đề phòng trường hợp em nó bị va chạm vật lý và cũng đỡ bám bụi bẩn lúc mang vác đi lại nữa. Có ốp rồi nên mình không để ý lắm mặt sau có bị bẩn hay gì không =))) Mà có ốp mỗi lần gấp lại chuyển về chế độ nghỉ cũng tiện nữa.

Sơ sơ như nhận xét như vậy thui. Dùng đến giờ mình mê em này lắm, cũng nghĩ mua sớm hơn từ hồi đi học thì đỡ bao nhiêu giấy in tài liệu rồi ^^",5
12570525,"Giao hàng nhanh, đóng gói kỹ. sản phẩm còn nguyên tem nguyên seal, không trầy. Chất lượng hiển thị tốt khi đọc sách. Nhẹ cầm không mỏi tay, màn hình tuy 6 inch nhưng nội dung sách kindle fit khá phù hợp.",5
7901909,"Có hai điều làm mình cảm thấy không hài lòng với chiếc máy này, đầu tiên là mình đặt mua màu xanh, trên bao bì cũng ghi màu xanh ngọc nhưng lúc mở ra lại là màu tím mận ????, thực sự ?. Thôi được rồi, mình chấp nhận, màu tím với xanh cũng được, nhưng chưa xong, máy Kindle xuất hiện đốm trắng, nhìn rất khó chịu. Không biết Tiki bảo hành thế nào nhưng riêng quả màu tím ghi màu xanh thì mình đã hơi buồn rồi.",1
14056156,"Máy dùng gần 6 tháng thì lỗi loạn cảm ứng. Liên hệ bảo hành thì từ ngày báo lỗi đến khi có nhân viên đến thu hồi là gần 20 ngày (liên hệ hơn 5 lần). Kể từ ngày nhân viên đến thu hồi đến nay gần 2 tháng vẫn chưa thấy thông tin gì. Liên hệ tổng đài toàn nhận được câu trả lời là vui lòng đợi. Bye Tiki Trading, mọi người mua nên mua của các shop (đổi trả, bảo hành và hỗ trợ sẽ nhanh hơn).",1
4459377,"Mình mới nhận được hàng hôm nay. Về chất lượng thì mình chưa feedback được nhưng phần packaging và vận chuyển mong Tiki để ý hơn. Mặc dù mình mua chung cùng 1 lọ muối tiêu khá to nhưng đóng gói chưa chắc chắn, hộp tới nơi méo xẹo, ốp kindle mua riêng bay ra ngoài chỗ miếng gấp. Bình thường Tiki chèn xốp hoặc giấy cứng kể cả khi ko phải hàng điện tử. Nhìn hộp mình ko dám tưởng tượng sự va đập có thể có trong quá trình vận chuyển. Phần máy mình đã bật và cài bình thường, hi vọng không có vấn đề gì.",3
11069317,"Dịch vụ Tiki Trading quá tệ.
Cả cái kindle 3 triệu mà không nỡ bỏ vài trăm đồng mua cái nylon bọt khí bọc chống va đụng. Để nguyên cái kindle trong hộp carton mỏng dính.
Hộp đựng thì quăng quật như tờ bìa rách (hình ảnh đính kèm mọi người sẽ rõ)
Chất lượng sản phẩm tạm ok vì chưa thấy sứt mẻ gì",1
17760849,Mình mua theo trend nên thấy cũng khá bt. Có 1 bất tiện là cổng sạc vẫn theo type cũ của Samsung. Mọi người nên mua Paperwhite 5 để có cổng sạc typeC,4
2312715,"Hàng được bọc cẩn thận, còn nguyên seal, máy rất đẹp. Mở lên tự mình đăng nhập và kích hoạt.
Máy mỏng nhẹ, thêm chức năng so với bản cũ nên sử dụng rất thích. Mình đọc nhận xét thấy 1 số bạn báo máy hay bị lỗi cảm ứng nên cũng hơi lo. Để mình sử dụng 1 thời gian xem, nếu có vấn đề gì mình sẽ báo lại để các bạn tham khảo.
Hiện tại mình rất hài lòng vì máy rất đẹp.
Cảm ơn shop.",5
6805406,"Rất là hài lòng. Lúc trước xài dòng basic ko có đèn nền nên buổi tối ko xem được. Giờ nâng cấp lên em này coi đã đời luôn. 
Mẹo tiết kiệm pin cho các bạn: khi có đủ ánh sáng trực tiếp bên ngoài thì hạ độ sáng của máy xuống mức thấp nhất, đến đêm mới mở đèn nền lên, nếu để đèn nền 24/24 thì pin sẽ tụt nhanh hơn.",5
6207104,"Mong mọi người có cơ hội tham khảo qua chia sẻ này. Mình thường hài lòng về tiki vậy mà lần này giao hàng điện tử lại bóp méo, lúc nhận hàng dù biết bác shipper giao nhiều nhưng lại để máy lung tung chồng chất với mấy món khác :(. Máy chậm - cái này nghe nói là chuyện ở huyện của dòng ppw. Cơ mà có lúc trượt máy lên xuống cũng ko được. Tắt máy và đi ngủ!!! Cuối tuần rãnh thì xem review chứ chán quá này",1
2626118,"Trước giờ cứ hay đọc sách giấy vì thích cái mùi giấy và sợ hư mắt nếu đọc trên màn hình LCD hoặc OLED. Cũng đắn đo tìm hiểu nhiều để rồi quyết định rước 1 em Kindle Paperwhite 4 này về nhà. Không có gì phàn nàn!
- Hàng đóng gói đảm bảo, check serial trùng hết trên hộp, kindle, và website.
- Màn hình quá tốt, gần như sách giấy. Hơn sách giấy ở chỗ là trong tối vẫn đọc được, mà không thấy đau mắt.
- Nhỏ gọn và NHẸ. Phải viết hoa chữ NHẸ vì nó gãi đúng chỗ ngứa của mình. Trước giờ có thói quen nằm trên giường đọc sách, hết quay bên này đến quay bên kia vì phải giữ cuốn sách to oạch trên tay, tư thế tốt nhất là nằm sấp lại cho đỡ nặng, mà được 1 lúc là thấy đau cột sống. Giờ có em này nó cứ nhẹ bâng như đồ chơi, đọc rất đã.
- Pin trâu, đọc mãi không thấy hết pin. Do mình cắm sạc vài lần để import sách nên không tính được chính xác, nhưng nhớ là đọc khoảng 3 tiếng xem lại thấy mất có vài % pin thôi.
- Sách ebook thì khá nhiều trên mạng tha hồ mà tải về đọc, tuy nhiên những cuốn mới ra hoặc phiên bản đặc biệt có hình minh họa các thứ thì không có (mà mình nghĩ đối với mấy cuốn này nên mua sách giấy để đọc).
- Tính mình duy mỹ nên mua xong là tải phần mềm Calibre về rồi ngồi convert sách với làm cover các thứ, xong export qua kindle là thành 1 cái thư viện nhỏ đẹp đẹp. Rất thích!
- Thích nhất là cái vụ tra từ điển, nhờ cái này mà bắt đầu đọc sách tiếng Anh, chứ mua sách giấy xong về cũng để 1 đống đó chưa động vô :))
- Muốn hết quảng cáo thì cứ chat với Amazon (có hướng dẫn đầy trên mạng). Bữa nay nó chơi kiểu làm khó không cho lúc đầu, cứ giả đò ngô nghê nói không biết, rồi nói có quảng cáo cũng đâu dùng được ở Việt Nam, bla bla, được vài câu là mủi lòng và tắt cho ngay.
Tới bây giờ thì chưa có gì để phàn nàn.
* Mua của tikitrading. Giá 2.867.000đ",5
12696837,"Máy mới mua chưa được 1 tuần nhưng hay đơ và bị lỗi loạn cảm ứng, tự động chuyển trang. Xài cảm giác cực tệ. Xem qua thì cũng nhiều người bị tình trạng tương tự nhưng gửi bảo hành thấy kết quả không khả quan lắm. Tiki có chính sách đổi trả hàng gì không vậy chứ xài tiếp chỉ tổ mua bực vào người thôi.",1
19154690,"Dùng được 1 thời gian thì bị loạn cảm ứng, mua 3 năm rùi mở lại vẫn thấy bị loạn, lên nhóm hỏi thì là đặc điểm chung của dòng kindle rồi, buồn ghê",2
14820014,"Máy mới dùng được 1 tháng xuất hiện lỗi loạn cảm ứng tự nhảy trang, tự đổi kích thước font. Đã thử reset, restart các kiểu nhưng ko hết. Giờ đọc review thấy nhiều người cũng bị thấy nản quá. Hy vọng Tiki hỗ trợ bảo hành/đổi hàng nhanh gọn.",1
19425387,"Máy nhìn tổng hoàn thiện sắc xảo k gì để chê... với bộ nhớ 4gb thì chỉ để dành giải trí thì phù hợp hơn. Đóng gói cẩn thận.
Rất hài lòng!",5
13579916,"lần đầu mua hàng online trên 10tr hơi hộp như nhận được hàng rất ưng cảm ơn shop Nhìu, mới xài được 1 tuần mong chất lượng OK",5
12683790,"hàng được đóng gói kỹ. Máy còn nguyên seal, nguyên tem. Máy xài tốt",5
13091852,"Trải nghiệm Samsung DEX cho tablet không tệ. Nhận diện khuôn mặt nhạy, mở khóa màn hình ngay khi ngồi cạnh thiết bị: phù hợp với công việc giao dịch email nhiều hàng ngày.",5
14458158,máy chính hãng đã kích hoạt bảo hành điện tử 2 ngày trước khi nhận hàng. hàng nguyên seal,5
12374778,Máy đã kích hoạt bảo hành điện tử. Dùng mượt mà. Giao hàng nhanh. Nói chung hài lòng.,5
14040167,"Ship hướng dẫn cài đặt hình ảnh giúp. Mình mở hình ảnh, vào web bị đen xì!",5
13706969,"đang xem bị sập  nguồn  , mong  shop xem hoán đổi dùm  tí",1
12895337,giao hàng rất lâu. lâu hơn cả dự kiến. hơn 1 tháng.K hiểu nổi,1
14039242,May rất đẹp.nhà ban hàng uy tính.rất đáng mua.,5
13879776,sản phẩm rất ok. mỗi tội hơi to tí,5
13434299,dùng ổn,5
13854684,good,5
7981971,"Định mua ppw cho rẻ tiền, nhưng quyết định đầu tư một lần luôn. khi cầm con này trên tay thấy nó thật sự đáng đồng tiền. máy làm bằng vỏ kim loại nên cầm mát tay, màn hình và đèn nền sắc nét. tốc độ máy và tốc độ hiển thị được cải thiện nhiều. Tuy nhiên là mua không kèm ốp cũng bất tiện, shop nên đặt thêm option cho chọn thêm ốp nữa tiện hơn cho người dùng.",5
7486153,"Mình đã đọc rất nhiều review về công nghệ màn hình E-Ink để quyết định chuyển hẳn từ Sách in sang sách điện tử và cũng một phần để căn nhà gọn hơn. Đây là quyết định mình thấy đúng cho đến thời điểm hiện tại.

So với điện thoại, Kindle làm mắt dễ chịu hơn nhiều lần và mình có thể đọc hết 2 tiếng liên tục mà không cảm giác mỏi mắt. 

Về dung lượng: Nếu bạn chỉ đọc file thuần chữ đơn thuần thì chọn bản 8Gb, còn là fan của các loại truyện hình thì 32Gb sẽ phù hợp hơn. 

Đánh giá của mình cho em này là 8/10 + 1 điểm cho phím bấm chuyển trang nhé.",5
8332650,"Máy cầm thuận tay, tuy nhiên mọi người nên dùng ốp lưng hoặc cover vì dòng này bằng nhôm nên rất dễ tuột tay. Tốc độ lật trang khá nhanh, chỉnh được đèn vàng nên thuận tiện cho việc đọc trong tối. Máy có 1 nhược điểm là pin không được như quảng cáo, nhưng mà đối với mình vấn đề này cũng không gây khó chịu lắm vì đến điện thoại còn phải sạc hàng ngày mà ?",5
8298577,"Nhận máy được hơn 1 tuần. Hơi ngạc nhiên vì không thấy seal như mong đợi tại chỗ xé- chỉ
có một miếng dán nhưng không vào giữa đường răng cưa và ghi máy Kindle paperwhite. Mặt trước có 1 tem ghi oasis. Máy sạc lần đầu full nhưng chỉ dùng được khoảng 1 tuần (1 lần đọc không quá 2 tiếng). Màn hình khá ổn. Sẽ review lại sau khi sử dụng 1 thời gian nữa.",4
9305835,Mình cần đọc file Pdf nhiều.  Tiếc là file pdf ko dùng được chức năng zoom chữ như file prc. Những file pdf chữ size nhỏ mình phải xoay ngang màn hình để đọc.,5
12819542,"Chưa dùng lâu dài nhưng trải nghiệm đầu tiên khi dùng sản phẩm là ổn. Shop đóng gói kỹ càng, đơn vị chuyển giao nhanh, hàng mới ko có sứt mẻ. User guides của shop chi tiết, dễ hiểu",5
6563915,"10 sao cho Tiki giao hàng rất nhanh, đóng gói cẩn thận an toàn.
Máy chính hãng, đẹp. Góp ý xíu là nhà bán hàng nên làm thẻ bảo hành đẹp đẹp xíu, kiểu như namecard cũng được. Hiện giờ bảo hành kiêm tờ hoá đơn bán hàng nhìn nó cùi cùi, ko đẹp, dễ bị vứt đi khi khui hộp. Cái nữa là giá tiền trên cái bill của người bán nó ko khớp với giá mình trả trên trang tiki. Rất kỳ.",5
17048945,"Máy mỏng nhưng chắc chắn, nhẹ tay. Tự động xoay màn hình và switch chức năng 2 nút chuyển trang rất thuận tiện
Giao hàng nhanh, package đảm bảo",5
4847927,"Nhận được máy hơi lo ngại vì thấy hộp bị móp dù có dán hàng dễ vỡ tuy nhiên mở ra thì tình trạng máy rất hoàn hảo. 
Chất lượng sản phẩm tuyệt vời, ngoài mong đợi khi là bản không có quảng cáo.
Máy nhẹ, dễ cầm bằng cả hai tay, máy tự xoay khi chuyển tay kết hợp phím cứng cực kỳ thuận tiện khi đọc lâu.",5
3460171,"mình nhận được hàng từ cửa hàng này, bị lỗi. Gọi lên tiki thì đc support nói là chờ. sau đó ko thấy tiki hay cửa hàng phản hồi lại mặc dù đã hơn 3 ngày trôi qua. 

thái độ phục vụ rất tệ.

mình có kèm ảnh chứng minh hàng bị lỗi. Máy bị chết điểm ảnh.",1
12132085,"Máy đẹp, nhìn sang chảnh. nhưng dùng nhiều sẽ bị mồ hôi tay, tương đối khó chịu. Không có ốp đi kèm nữa nên hơi bất tiện. Khuyến nghị shop bán ốp đi kèm.",4
8091535,"Máy gọn, nhẹ, màn hình rõ nét, thể hiện rất giống giấy in.",5
12378982,Good nha mọi người. Gọn nhẹ và tiện ích,5
8425610,"Mình mua bản 32GB màu Gold. Giao hàng rất nhanh, máy mới nguyên seal, đẹp, hoạt động hoàn hảo, hiện chưa phát hiện lỗi gì. Điểm cộng là giá quá tốt. 5 sao!",5
8012070,Chọn Tiki now giao hàng chưa đến 2h từ lúc đặt hàng.,5
10366885,"rất hài lòng, tuy nhiên ko như quảng cáo, ko đọc được file .ebup",5
12307524,"cực kì hài lòng, mua cả bao da của shop. hàng nguyên seal mới toanh.
Rất chu đáo, cả phần hướng dẫn sử dụng cơ bản. Hài lòng nhất là phần này.",5
9250885,"Cầm rất chắc tay, nhẹ. Dung lượng pin đọc liên tục độ sáng 10, sáng vàng 10 tầm 9-10 tiếng. Rất chuẩn",5
9079119,Sao cái máy của mình ra sáng đọc xong cái màn hình nó cứ hiển thị cái đường kẻ mờ mờ ở màn hình và có những chỗ nó hiển thị cái ô vuông như cái lưới mờ mờ vậy shop?,1
16918767,"Giao nhanh, chất lượng tốt. Rất đáng tiền!",5
11154225,"Hàng giao nhanh, chất lượng tốt, shop tư vấn rất nhiệt tình. Bản mình mua may mắn là không có quảng cáo, rất hài lòng.",5
8668772,"Kindle oasic 3 có cải tiến đáng kể so với ppw và cực kỳ hữu ích, tiện lợi cho ng có nhu cầu sử dụng nhiều. Đáng tiền và tiếc là đã lăn tăn hơi lâu mà k xuống tiền luôn ?",5
8270228,"- Máy mua bị lỗi phím cứng,sẽ liên hệ với tiki để yêu cầu đổi trả. 
- Bấm next trang thì ok
- Bấm back trang thì không nhảy
Mình vừa lấy máy hôm qua xong. Rất thất vọng",1
10475997,"Giao nhanh, máy chất lượng & đáp ứng hỗ trợ gỡ qc của nhân viên CSKH Amazon rất nhiệt tình, nhanh chóng. Hài lòng",5
18879992,"Hàng giao nhanh, máy nhận rất vừa ý. Thanks shop",5
19322768,Sản phẩm đúng như mô tả máy đẹp,5
18418231,"Rất đẹp, đúng màu giao hàng nhanh. Rất hài lòng về shop ạ. Cảm ơn shop",5
19268377,"Hàng chất lượng, đúng y như hình , giao hàng nhanh , sẽ ủng hộ shop thêm",5
19161975,"May moi 100%.Cám ỏn shop giao nhanh,Đúng nhủ shop giói thiệu.",5
19258573,"Vẫn ủng hộ shop, đã mua rất nhiều sp, rất hài lòng",5
18027265,Hàng đóng gói cẩn thận,5
19126370,"Rất tốt, mua 3 bịch shop khuyến mãi thêm 7 bịch😁",5
18856625,Đẹp,5
18875776,"Máy tốt mẫu mã đẹp,  ship nhanh bọc hàng cẩn thận. Màn hình hiển thị đẹp màu sắc thì ko như LED nhưng đủ để đọc truyện và xem chart. Cho các bạn băn khoăn,  máy có kèm bút và không thêm thẻ nhớ được.",5
19235257,Sản phẩm tốt giao hàng nhanh báo bì kỷ lưỡng cảm ơn shop,5
18399122,"Hàng chính hãng, giao hàng đóng gói cẩn thận",5
19221520,shop tư vấn phục vụ tốt .giao hàng siêu nhanh .sản phẩm nguyên seal .hài lòng cách phục vụ của shop 😊,5
19511750,Máy ok,5
19093582,Ok,4
19328909,"Sản phẩm được giao rất nhanh, nhân viên giao hàng rất dễ thương. 

Giá tốt, chất lượng chụp hình rất đẹp. Đặc biệt là chụp hình buổi tối. Điện thoại có viết đi kèm, rất tiện lợi",5
18494060,"5 sao không nói nhiều

Giao hàng: Thời gian giao hàng rất nhanh, chỉ 1 ngày, hàng hoá được đóng gói kỹ càng, chống sốc và bọc nilong để tránh mưa

Shipper: Vui vẻ, nhiệt tình, có gọi điện thoại trước nhắc nhận hàng

Sản phẩm: Xịn mịn, không có gì để chê với tầm giá",5
17621797,"Mua lần 2 , rất hài lòng , đóng gói cẩn thận chắc chắn , giao nhanh , đặt hàng 6-9 thì 7-9 đã nhận được hàng , shiper nhiệt tình , sản phẩm nguyên seal và chất lượng sản phẩm phải sử dụng 1 thời gian rồi đánh giá lại",5
18382133,"Mua cho bà ngoại, bà ưng lắm. Mẫu mã đẹp, chất lượng ok, bà sử dụng cũng mấy tháng rồi mà không thấy có vấn đề gì. Nói chung chất lượng tương xứng, thậm chí nhỉnh hơn so với giá.",5
14335410,"Quá trời là đẹp luôn. Màu kiểu hologram nhìn ảo ma canada lắm. Mua cho ba, ba thích lắm luôn. Tiki giao hàng với đóng gói thì hông có gì chê rồi ❤️🥰",5
16808198,"chiếc điện thoại đáng mua nhất mà mình từng sở hữu. màn hình sắc nét, ổn định kèm thiết kế thời trang. cảm ơn tiki và oppo rất nhiều . mong sản phẩm sẽ dùng dc lâu bền",5
16808064,"chiếc điện thoại đáng mua nhất mà mình từng sở hữu. màn hình sắc nét, ổn định kèm thiết kế thời trang. cảm ơn tiki và oppo rất nhiều . sẽ ủng hộ những lần mua tiếp",5
17298856,"Thông số sản phẩm
🍀Màn hình: IPS LCD 6.5"" Full HD+
🍀Hệ điều hành: Android 11
🍀Camera sau: Chính 50 MP & Phụ 2 MP, 2 MP
🍀Camera trước: 16 MP
🍀Chip xử lý (CPU):MediaTek Helio G35 8 nhân
🍀Dung lượng pin: 5000 mAh 
Tuyệt vời nhé",5
16225795,Giao hàng của TiKi thì ít khi làm mình phải thất vọng. Đơn của mình được giao trước dự kiến một ngày. Máy nguyên seal luôn. Máy khá đẹp. Rẻ hơn so với thế giới di đồng khoảng 1tr. Mình mua cho mẹ. Mình nghĩ nó khá phù hợp với ng dùng tadc vụ ít. Chán nhất vẫn là loa. So với con redme mình mua cho bố thì con này đắt hơn mà dùng chán hơn.,5
16771215,Điện thoại Oppo a55 xuất sắc trong tầm giá. thiết kế đẹp hoàn hảo. câu hình đủ xài mọi tác vụ bình thường. cảm ơn Oppo và tiki đã mang đến trải nghiệm tuyệt vời này,5
17006540,"Giá sale quá tốt, giao hàng nhanh, đóng gói kỹ, cẩn thận. Chưa sử dung nên chưa biết chất lượng thế nào, nhưng cứ đánh dấu 5sao cho Tiki vì những điểm nổi bật khi mua sản phẩm này.Cảm ơn Tiki",5
16808017,sản phẩm Oppo a55 giá tốt mà thiết kế siêu đẹp kiểu dáng thời thượng. mình rất thích sản phẩm này. hiệu năng đủ dùng cho các tác vụ hàng ngày,5
16771218,Điện thoại Oppo a55 đẹp k tì vết. xuất sắc thay thế Oppo a16 luôn. thiết kế màn hình hiệu năng đều oke trong tầm giá. cảm ơn tiki trading rất nhiều,5
16771018,máy oppo a55 bản thay thế hoàn hảo cho oppo a16. giá cả hợp lý . thiết kế đẹp thời trang. mua cho phụ huynh xài và họ rất hài lòng. cảm ơn tiki,5
19199002,Chưa dùng ko biết tn nhưng cho 5sao,5
19351172,"Cam ổn , cam trước tốt ,màn sáng , rõ ràng , sử dụng cơ bản như zalo , facebook khá tôt",5
18821617,"Mình mua cho bố dùng thấy cũng mượt, đẹp. Tầm giá rẻ. Nói chung ổn chưa có vấn đề gì, nhưng ko biết chế độ bảo hành sao.",5
17013973,"Điện thoại đẹp, đùng rất ok, shop đóng gói rất k đẹp nhưng k sao. Giao hàng nhanh lắm luôn, đặt hôm nay thì mai đã có hamgf",5
16185525,"Giao hàng nhanh
Đóng gói cẩn thận
Chưa sử dụng lâu nên chưa bít sao",5
17510628,"Đang sử dụng máy nhưng về cách đóng gói rất chuẩn, full hộp sổ đánh giá rất cao về tốc độ giao hàng và ưng ý khi nhận hàng
Thanks tiki rất nhiều",5
16428100,"săn sale nên được giá rẻ hơn rất nhiều so với thị trường. Hàng chính hãng, nguyên seal, mới. sẳn phẩm dùng tốt, chất lượng",5
16705559,"Điện thoại ngon lành, camera chụp đẹp, màu đẹp, mua cho mẹ xài, mẹ mình rất thích ❤",5
17106215,Giá tốt so với bên ngoài khá nhiều. lại còn được hoàn xu. cảm ơn shop nhiều,5
17016522,sản phẩm tốt trong tầm giá... tốt cho bố mẹ và những người không chơi game...,5
16225034,lần đầu tiên đặt hàng nên không biết có chất lượng không. nhưng khi nhận được thì khá bất ngờ khi hàng rất chất lượng,5
16630856,đẹp tốt đúng hàng chẫt luongjw tuyệt vời quá trời ông mặt trời luôn nha đẹp tốt đúng hàng chẫt luongjw tuyệt vời quá trời ông mặt trời luôn nha đẹp tốt đúng hàng chẫt luongjw tuyệt vời quá trời ông mặt trời luôn nha đẹp tốt đúng hàng chẫt luongjw tuyệt vời quá trời ông mặt trời luôn nha,5
17989113,"Hàng chính hãng nguyên seal. Màu xanh zeta rất đẹp, nam tính vừa huyền bí. 
Đăng ký trả góp 0 đồng trên app galaxy gift vẫn được nhé.
Điểm trừ là ship từ HN vào HCM mà đóng gói sơ xài, không bọc chống sốc hay ni lông chống thấm gì cả.",4
18203460,"Đúng chuẩn chính hãng, phải nói là giá rất tốt, kích hoạt bảo hành thì phải nhờ tư vấn viên thực hiện mới dc.",5
17996122,Ghi quà tặng 800k mà tặng cái dây treo balo. Hài,3
15529163,hàng đóng gói cẩn thận nguyên seal chỉ có 1 vấn đề là giao quá chậm làm mất nhiều ưu đãi từ samsung member,4
16104153,"Giao hàng chậm, nhưng shop đã gửi lại hàng kịp thời. mua đc với giá 19.9 khá tốt so với mua ngoài",4
16017976,máy đẹp. chụp hình siêu nét. xóa phông đầy đủ,5
18423943,Thật tuyệt vời.,5
15792800,"Tiki giao siêu nhanh, đầy đủ quà tặng. Được giảm giá rất nhiều.",5
18872552,"Shop giao hàng nhanh. Điện thoại ngon trong tầm giá, điêm trừ là app rác nhiều quá phải xoá bớt.",4
18205364,"Điện thoại bắt sóng wifi cực kém, ở gần mà sóng chập chờn khi thì full vạch, khi thì 1 vạch. Ốp lưng tặng kèm chỗ cái lỗ sạc ko gắn sạc vô hết được do lỗ khoét nhỏ hơn đầu cắm dây sạc",2
18939301,"máy chụp ok, pin trâu, sóng tốt,  game mượt (pubg, lmht, liên quân...), máy mát không bị nóng (test 4g chơi game ), cầm chắc tay, Nói chung quá ok vs giá 3tr.",5
18853496,Điện thoại tốt trong tầm giá.,5
18240901,"Sản phẩm chất lượng, ngon trong tầm giá. Sẽ ủng hộ nếu có deal ngon!",5
16737102,"Sau một thời gian sử dụng máy mình có nhận xét như sau: máy không hỗ trợ sách tiếng việt nên hiển thị rất kém, người dùng phải cài font và phần mềm khác để đọc được, máy load sách rất chậm, phần mềm quản lý sách rất tệ, không thân thiện. Việc hiển thị trang sách cũng không tốt như kindle. Còn rất nhiều nhược điểm khác của máy mà không viết ra hết được. Nếu là người chỉ chú tâm vào đọc sách, không thích mày mò cài đặt chương trình thì mình nghĩ nên chọn kindle cho dễ dùng. Được cái màn hình máy rất đẹp, lại hỗ trợ đọc được nhiều kiểu file.
Cho 4 sao là vì khâu đóng gói và giao hàng của của hàng tốt. Còn về phần đặc tính của sản phẩm mình nghĩ rất khó để phù hợp với nhiều người chỉ chuyên đọc sách.",4
18942461,"Giao hàng nhanh hơn dự kiến, còn được shop khuyến mãi thêm củ sạc 😄
Công đoạn cài đặt hơi tốn thời gian, nhưng hướng dẫn đã có sẵn chỉ cần làm theo. Mình chưa xài nhiều, nhưng nhận thấy Koreader render font đẹp hơn (nên chỉnh line-height bằng 115% để dễ đọc). Phần chép sách thì chỉ cần dùng Calibre theo hướng dẫn là ok. Chỉ cần cài hai thứ này là bắt đầu đọc thoải mái.",5
14621763,"- Shop nhận đơn, đóng gói cẩn thận và chuyển hàng rất rất nhanh, hơi nản bên vận chuyển Best chuyển hàng tương đối lâu. 
- Shop hỗ trợ nhiệt tình, từ trước khi mua đến khi cài đặt, hy vọng sau này cũng vậy. Thẻ bảo hành gửi kèm trong hộp. Mình được tặng túi chống sốc nữa.
-  Sản phẩm đáng tiền so với các tiêu chí mình cần: màn hình hiển thị sắc nét, 7"", đèn vàng và nút chuyển trang vật lí. Cá nhân mình thấy Kindle cho cảm giác giống trang sách thật, nhưng màn hình Libra 2 thì nét và đẹp lắm, phù hợp với các bạn có nhu cầu đọc chữ thật rõ như mình. Nhờ màn hình to, đèn vàng và chữ rõ nét mà mình đọc nhanh và tập trung tốt hơn hẳn.
- Ngoài trình đọc mặc định, có thể cài thêm trình đọc khác để thuận tiện chỉnh sửa file đọc. Tuy nhiên, bạn nào thích đơn giản, đẹp chân phương thì dùng trình đọc mặc định cũng được. Mình thấy trình đọc cài thêm có ngôn ngữ thiết kế xấu... 
- Mua sách gốc trên Kobo store dễ dàng và nhanh chóng. Các đầu sách sale mỗi tháng khá giống Kindle store nên không sợ ít sách đâu, tuy nhiên, Kobo store yếu sách chuyên ngành.",5
16821100,"Cái này mình mua hộ bạn, shop hỗ trợ tương đối tốt, bảo hành 1 đổi 1 với lỗi của nhà sản xuất trong 12 tháng. Màn hình thì miễn chê. Nút bấm so với oasis 3 thì không bằng, nhưng vẫn nhẹ nhàng nhé. Nhiều bạn chê nút bấm của nó, mình cứ ngỡ phải gồng lên mới bấm được cơ. Mà thực ra thì ưu tiên số 1 là màn hình, do đó những cái khác đừng quá tệ là được.",5
19130875,"Máy nhỏ gọn, màn hình đẹp. Rất đáng tiền mua. Shop nên có file hướng dẫn sử dụng gửi khách hàng. Khách hàng toàn phải mày mò setup rất vất vả. Vì giá tốt nên tặng 5 sao, nhưng khâu CSKH cần cải thiện!",5
17973713,"Lúc đầu chưa quen thấy hơi nản nhưng sau khi cài koreader, chịu khó tìm hiểu tính năng như dàn trang, chỉnh tỷ lệ... sẽ thấy thích hơn đọc sách giấy rất nhiều vì nhẹ nhàng, tiện lợi và không hại mắt (mắt mình khỏe hơn rất nhiều so với đọc sách trên điện thoại hay máy tính).",5
18864638,"Chất lượng máy rất tốt, đáng tiền. So với Kindle thì hơn nhiều. Máy hơi kén ốp lưng, shop gửi cho ốp lưng chính hãng máy mới tự động đóng mở được. Shop có tâm, hỗ trợ kỹ, nhiệt tình.",5
13420674,"Shop đóng gói hàng nhanh và kỹ, đc tặng thêm túi bảo vệ rất dày dặn.Tiếc là ko có TikiNow cho sp này nên giao mấy hơn 1 ngày.
Máy đẹp, thiết kế báng lệch 1 bên nên cầm nắm  thoải mái hơn cái kindle paperwhite cũ của mình.
Do mạng chậm nên vẫn đang update phần mềm, chưa đọc gì cả. Nhưng mà to đẹp, xem review thì chắc là đọc sẽ sướng hơn máy cũ.",5
16528168,"Máy đẹp hơn mình nghĩ, shop bọc cẩn thận, giao hàng nhanh, trong hộp có hướng dẫn cụ thể chi tiết, setup cũng đơn giản, giá rẻ hơn so với các shop khác. Mình hài lòng với sản phẩm này, chúc shop ngày càng làm ăn phát đạt nhé ^_^",5
17383871,Shop hỗ trợ nhiệt tình. Máy còn nguyên seal nên cũng yên tâm.,5
17235596,"Giao đúng hàng, shop hướng dẫn set up kỹ lắm. Còn tặng cả túi chống sốc. Quá ưng ý. Chúc shop kinh doanh thuận lợi nhé!",5
13373821,Công nhận chất lượng màn hình hiển thị ngon hơn hẳn các dòng mds cùng phân khúc hiện nay. Nhược điểm duy nhất có lẽ nên nhắc đến đó là trọng lượng :))),5
13643798,Lần đầu tiên trải nghiệm max phê,5
14454255,"Máy hơi khó setup cho người mới, nhưng setup xong dùng thích lắm, màn hình đẹp cực, hơn hẳn các dùng kindle. Shop hỗ trợ cực kỳ nhiệt tình và nhanh chóng.",5
16508334,"Sản phẩm đúng chất lượng, shop hỗ trợ nhiệt tình. Chưa cài đặt thêm, mới dùng cơ bản. Sách cần tìm down về để nạp vào máy. Máy nhẹ dễ cầm...",5
14236466,"Shop đóng gói hàng cẩn thận. Hiện tại dùng ok, chưa gặp vấn đề gì. 
Tuy nhiên, nếu có thêm tờ hướng dẫn cài đặt thì sẽ tốt hơn cho người dùng mới.",5
13342440,Shop hỗ trợ khách hàng rất nhiệt tình. Giá tốt.,5
13991699,"Sản phẩm tốt, đóng gói ok, giao hàng chẩn time.
- Có bản hướng dẫn chi tiết cho người mới sử dụng, ghi chú, lưu ý rất đầy đủ.
- Rất hài lòng!",5
13319345,Mình rất thích chiếc máy đọc sách này. Chiếc máy là món quà ý nghĩa nhất mà con gái dành tặng mình. Yêu thương con,5
18384092,"Cảm ơn shop 👍
⭐⭐⭐⭐⭐",5
13351219,"Shop tư vấn nhiệt tình, mình rất ưng ý, Libra 2 màn rất đẹp nhé",5
19050703,Quá tuyệt vời luôn,5
15790192,"Hóng mãi mới về. Máy màu trắng đẹp xuất sắc, đọc bao phê",5
13302695,"Máy quá đẹp, người bán cũng rất nhiệt tình 👍",5
19274322,"Giao sớm, có hẹn trước và thân thiện lịch sự",5
19324937,"Chất lượng tốt, giá hợp lý, nên mua. Có thể chơi 1 số games nhẹ..",5
19310347,sản phẩm đúng như mô tả,5
19216925,"Máy đẹp, dùng không thấy lỗi. 10 điểm",5
19298565,"Máy mới nguyên seal nha bà con. Đã dùng được 2 ngày pin khá trâu, máy mượt, cầm nhẹ hơn con Note 8. Giao hàng cũng nhanh nữa.",5
18810516,Mua lần này là lần thứ 3 trên tiki trading  uy tín nhé các bạn cứ yên tâm mà mua,5
18791231,"Hàng nguyên sea ,very good  ,điện thoại rất đẹp,chưa có thời gian test máy luôn!",5
18899382,"Điện thoại chính hãng mới 100%, còn nguyên tem chưa mở hộp, cài đặt xong chạy ngon lành. Cảm ơn shop chuyển hàng nhanh, rất uy tín chất lượng.",5
19412135,"Sản phẩm k vấn đề gì nhưng Tiki rất phiền, k đánh giá hiện nhắc nhở hoài, mua tặng người thân chứ k dùng",1
18411706,"mình mới nhận máy, bề ngoài máy ổn, mới thử cảm ứng sao có vẻ ko nhạy, đặc biệt là lúc mình vẽ mẫu hình để cài máy. shop cho ý kiến nhé",3
17526308,Giao hàng sớm hơn dự kiến ! sản phẩm khá ưng ý,5
17593297,"Ship hàng nhanh, gói hàng còn mã tem seal chính hãng. Phone dùng đang tốt và mượt.",5
18829637,"Mới kích hoạt bảo hành đc 1 tháng, quá rẻ trong tầm giá, còn nguyên seal",5
19064020,"Sân phẩm tuyệt vời. Chính hãng, nguyên seal, đóng gói cẩn thận, giao hàng nhanh",5
19198494,Nút gọi nghe khi người khác gọi điện ko bấm dc vậy ạ,1
19459558,"Điện thoại đẹp,dùng rất oki",5
18766291,"Chất lượng rất tốt, hoàn toàn tương xứng với giá tiền",5
18486243,"Màu xanh đẹp, shop tận tâm tư vấn và hỗ trợ nhiệt tình👍",5
18817439,Camera chụp rất đẹp nhưng nhanh hết pin,4
18158565,"Đẹp
Mượt
Giao hàng nhanh
Bảo hành chưa biết thế nào",5
18182764,"Mở nguồn máy quá chậm, mong shop tư vấn",3
18416478,"Điện thoại tốt, giá tốt.",5
17432524,"Máy đẹp, gói hàng kỹ. Đã sử dụng được 1 tuần.",4
19447203,Máy tốt. Hài lòng,5
18138314,"Điện thoại đẹp , ưng ý. Giao hàng nhanh. Nhân viên nhiệt tình. Ủng hộ tiki.",5
19300978,"Màn hình IPS nhưng vẫn rất đẹp ạ. Cấu hình ổn. Lòa kép to rõ cho bố mình nghe nhạc. Màn hình to, cảm ứng vân tay nhạy. Rất ổn trong tầm giá để mua cho bố mẹ",5
19430400,"Điện thoại OK,giao hàng nhanh,DV mua trước trả sau rất hay, nói chung rất hài lòng",5
19425470,Sản phẩm ok lắm nhé mọi người,5
18887268,"Máy xinh, mỏng nhẹ, cấu hình ổn, màn hình có màu sắc khá tươi.",5
19498016,"dùng được,",5
19315150,Hàng giao ok,5
19031926,Tuyệt vời.,5
18940199,Good,5
19184416,"Hàng còn nguyên kiện, đang ktra",5
19241501,Điện thoại dùng rất tốt cảm ơn shop,5
18084478,san pham ok,5
18957957,"Giao đúng time, sp như hình giá khá ổn
Sẽ tiếp tục ủng hộ shop nha",5
18360316,"Sản phẩm chính hãng, săn sale nên được giá tốt. 
Đóng gói cẩn thận, giao hàng nhanh.",5
18307326,Đặt hàng ngày 25/11/22 nhận hàng ngày 28.Mở ra nguyên hộp check bảo hành trước 2 ngày. chỉ tiếc là dòng này không có cục sạc nên về lại phải chạy đi mua cục sạc mới chứ không dùng chung được cục sạc cũ. Hơi buồn tí nhưng vẫn đánh giá 5* cho nhà bán. Đáng mua mọi người ạ.,5
18671092,"Điện thoại không có kèm theo cổng sạc và tai nghe. 
Tiki nên xem lại nhân viên giao hàng nha. Thái độ với khách rất cục súc và kém. Thời điểm giao tôi không có nhà, nên vó nhờ giao lại giờ khác thì quát mắng và nói tôi hủy đơn đi. Tôi phải gọi điện đuổi theo để lấy hàng, kèm thêm tiền tip. Nhưng lúc nhận vẫn đối xử như tôi đi xin  chứ không mua vậy đó. Ngày cuói năm cũng không muốn áp lực ai nhưng thật sự cần xem lại và thay đổi.  To",2
17692712,"Hàng nguyên seal đúng như quảng cáo. Mua ngày 9/9, kích hoạt ngày 4/9, trước mấy ngày nhưng được giá tốt. Cho 5*",5
18900776,"Điện thoại còn nguyên seal luôn, mới active bảo hành mấy ngày, dùng mượt mà lắm. Giá cả của shop rất tốt ạ, sẽ còn ủng hộ nếu đổi máy",5
18833128,"Hàng giao rất nhanh. Chụp hình đẹp. Cảm biến vân tay khá nhạy. Giá tương đối ổn. 
Hơi tiếc: thời gian bảo hành mất hơn 1 tháng vì kích hoạt sớm!",5
18710975,Hàng nguyên tem mới kích hoạt bảo hành nói chung là rất chất lượng,5
17410384,"Hàng chính hãng, đã kích hoạt bảo hành điện tử từ tháng 6 2022! Máy đẹp, giá rẻ hơn TGDD hơn 2tr!",5
18833114,"Hàng giao cực nhanh. Máy xài ổn định. Giá khá ổn.
Chỉ có điều thời gian bảo hành bị mất hơn 1 tháng vì kích hoạt sớm!",5
18004471,Shop gói hàng cẩn thận. Máy tới tay mình có một vệt đen lau k sạch đc ở viền máy. Máy dùng hơi nóng chút.,4
18900173,"Mọi thứ ok lah
nhưng mới mua xong mấy tiếng sau giảm 300k, cay nha
mai mốt hăm mua tiki nữa
giận ghê",5
18939485,Giao hàng siêu nhanh (1h) từ lúc đặt hàng. Máy mặc dù đã active bảo hành nhưng vẫn còn nguyên seal.,5
17666987,"Hành chính hãng , mở hộp còn tem niêm phong, hộp mỏng , gọn. Giao hàng nhanh hơn dự kiến . mà bị cái bảo vệ môi trường nhiều quá",5
15850765,"đt đc đóng gói cẩn thận, giao hàng nhanh. lần đầu mua đt qua mạng cũng lo lắm, nhưng shop bán hàng rất ok. máy test chạy êm. đúng hàng chính hãng.",5
17293068,"Điện thoại đẹp, chạy êm, pin xài lâu. Nhưng điện thoại dễ bị nóng",5
17386475,"Giao nhanh, hàng chính hãng dùng đến giờ vẫn không lỗi gì.",5
18091658,Lần đầu giao có vấn đề cũng bực nhưng công ty hỗ trợ tốt nên cho 4 sao.,4
18960652,hàng đẹp nguyên seal ship trong vài tiếng,5
19147555,Đúng chuẩn hang ne,5
18081154,Tốt,5
18741465,"Máy tốt, sắt nét",5
18863521,Hàng nhận thì như thế này.,1
12694563,"điện thoại mới nhận, mọi thứ đều tốt, không bị hỏng võ do vận chuyển và bật mở máy chưa thấy lỗi. chắc để trải nghiệm thêm sau 1 tuần sử dụng mói chính xác được",4
6723165,"sao mình lắp sim Viettel homephone vào mà cứ hiện z hoài là sao, sim máy củ mình đang sài bình thường nha, k phải tại sim đâu nha, nhờ bộ phận kỹ thuật giúp đỡ giùm mình",1
18224197,"đóng gói cẩn thận, giao hàng nhanh, sản phẩm phù hợp với người già, người quen với dt cố định hồi xưa. Đáng mua",5
10004789,"Điện thoại mới mua được 4 ngày thì gặp lỗi không hiển thị bất cứ thông tin gì trên màn hình mặc dù vẫn gọi và nhận được cuộc gọi, đề nghị đổi sản phầm khác",2
3899595,"Mình vừa nhận, máy như máy cũ, pin hỏng, bật không lên phải cắm nguồn. sạch không vào điện, rút nguồn máy tắt. Đang liên hệ đổi lại mà thủ tục rườm rà lắm. chán!",1
15380803,"Điện thoại xài được gần 1 tuần là hư không xài được nữa. Máy cũ quá cũ, trầy xướt khắp máy",1
6244869,"Điện thoại không nhận sim. 
Gọi đi-đến không được",1
8372529,nhận hàng hổng xài được ...Không có tiếng việt...mua cho người lớn tuổi không có tiếng việt sau xài...quá tệ.... gắn sim không vô  shop làm vậy ai.chơi un.....làm tiki mất uy tín,2
12130104,cái nút tròn để điện thoại xuống bị tụt ko lên được...  chán,1
4420694,"Điện thoại mua về ko lắp sim được, gửi về cửa hàng bảo hành xong gửi về mất hơn nữa tháng, sau đó dùng 1 tuần thì điện thoại mất màn hình, ko thấy gì luôn, ai gọi thì nghe thôi",1
6592722,lại bị Tiki lừa. mua điện thoại không dây lặp SIM mà nhận được điện thoại có dây không có chỗ nào lắp SIM hết.,1
17582800,Sản phẩm tốt,5
10539876,"Dùng ok, dùng sim đt bình thường.",5
14728341,ok chờ thời gian mới rõ,4
19225144,"Kiểm tra lại giúp mình vì mình thấy thông tin trên trang imei.info không đúng, có thể chỉ mình check thông tin sản phẩm ở trang nào chính thức của samsung",5
18898042,Shop giao hàng lỗi mà trả lời vô trách nhiệm quá,1
19088415,"Vận chuyển nhanh, hàng dùng tốt.",5
19078358,Shop nhiệt tình. Sản phẩm tốt,5
19275484,"(*) Đánh giá không tính điểm
Tại sao Tiki đăng ảnh sản phẩm và phần mô tả có cả bao da kèm bàn phím nhưng bán cho tôi với mức giá 16,990,000 VND, thời gian chờ nhận hàng 2 ngày mà lại không có bao da như ảnh?
Đính kèm là bảng giá sau khi tôi vừa mua hàng xong 1 ngày.",3
16987700,"sản phẩm đúng như quảng cáo, giao hàng đúng hẹn",5
19050875,"Sản phẩm chất lượng tốt
Còn nguyên mác
Sẽ ủng hộ shop",5
19215127,Lúc mua rồi mới biết đt đã kích hoạt,4
18784593,"Shop chăm sóc sau bán hàng tốt. Sản phẩm đẹp, đúng thông số.",5
17145556,Điện thoại đẹp,5
18600184,Điện thoại sài tương đối tốt.,4
18312218,Tam  duoc,4
17254624,Bán hàng đúng cam kết,5
17301417,Ok,5
16267307,Tốt,5
15794534,"máy mới, đóng gói kỹ",5
16549461,Đóng gói cẩn thận. Mẫu mã đẹp. Đầy đủ ứng dụng cho 1 sp máy đt thông minh giá rẻ. Tuy nhiên độ nhạy sp chưa mướt. Nhưng chấp nhận chất lượng như vậy trong mức giá bình dân . Đc tặng kèm ốp đt rất tiện,4
18534443,"Giao hàng nhanh, 10h đặt hàng 12h20 đã nhận hàng, sản phẩm tốt, gia ok",5
17531728,"Máy vừa tay, khg có tài nghe. Ổn trong tầm giá. Sạc type-c nữa là tốt, vẫn còn sạc usb",4
17110568,"Giao hàng khá nhanh, sốp tư vấn rất nhiệt tình. Khá hài lòng với chất lượng của sản phẩm. Cám ơn sốp nhiều nha",5
15690276,"giao hàng nhanh.đóng gói cẩn thận
hàng chuẩn nên mua nhé mọi người.
còn xài bền hay không thì chưa biết",5
17441002,"Giao hàng nhanh,máy đẹp
Có điều sticker số IMEI dán ở sau lưng dt thì nó hơi kì 😄",5
17649890,"điện thoại mượt mà, giao nhanh chóng, người nhà nhờ mua hộ lại mua thêm hihi",5
17012189,"Hàng giao siêu nhanh, giá cả trong tầm chấp nhận được. Sẽ ủng hộ tiếp lần sau.........",5
16623905,"sản phẩm chính hãng, giá tốt. giao hàng nhanh  đóng gói cẩn thận. sẽ tiếp tục mua tiki",5
16957024,"Sản phẩm chính hang, giá tốt
Giao hàng nhanh chóng, đóng gói cẩn thận
Sẽ mua thêm",5
17982767,"Nguyên seal, giao cực nhanh khu vực Hồ Chí Minh",5
17582385,Máy xịn xò. Giáo hàng nhanh. Bọc hàng cẩn thận,5
18577911,sp đúng như mô tả,5
17112490,Đt chính hãng nha. Mua hàng của tiki thì k có gì phải lo lắng cả. Giao hàng cũng siêu nhanh,5
17112484,Đt chính hãng nha. Mua hàng của tiki thì k có gì phải lo lắng cả. Giao hàng cũng siêu nhanh,5
18302932,Mới xài thử được vài ngày thấy đt mượt . tốt.,5
17217661,"Dùng thích, shop giao hàng nhanh giá tốt",5
17655089,Hàng đẹp như hình,5
16513071,"Dễ xài, giao hàng đóng gói cẩn thận",5
17278428,chất lượng hàng tốt.đúng như mãi.hàng chính hãng.chuẩn y,5
17278429,chất lượng hàng tốt.đúng như mãi.hàng chính hãng.chuẩn y,5
14735639,"Máy nặng hơn so với phiên bản trước nhưng cầm khá đầm tay, rất gọn. Máy không bị lỗi điểm sáng ở màn hình. Shop có tờ hướng dẫn chu đáo và đóng gói sản phẩm rất kỹ khi giao hàng.",5
16308650,"quá tệ, máy giao mà vỡ mà hình, đổi thì đến mấy ngày",1
14560813,"Giao hàng đúng thời gian, hổ trợ nhiệt tình",5
13444504,"Máy zin, register cái xài được luôn, đọc sướng",5
15299149,May ok,5
15295079,Tôt,5
13786785,Rất tốt,5
14718981,"Sau 1 tuần dùng qua, mình cảm thấy máy khá đáng tiền, đáp ứng được những nhu cầu thường ngày như Xem Phim, Đọc Truyện, FB, Game bình thường. 

Dòng máy này hơi hiếm nơi bán Ốp, Bao da nên phải đặt mua từ các trang web Hải Ngoại.

Máy có tặng 1 miếng dán bảo vệ màn hình, nhưng nếu có thể, nếu bạn có đặt mua Ấp - Bao da nên mua sẵn miếng dán màn hình cường lực khác để sơ cua (do vận chuyển thường mất thời gian) vì ở Sài Gòn rất hiếm có loại phù hợp. Cảm ứng vuốt mượt hơn sau khi có miếng dán.

Máy dùng lâu nhưng không bị nóng. Thích nè!

Google, Email, Hệ điều hành mọi thứ trơn tru, xài êm, không lỗi lầm.

Pin sử dụng liên tục xem video và chơi game cũng được nữa ngày. Sạc đầy khoảng vài tiếng.

Loa âm thanh nghe bình thường, ngoài ra có thể cài thêm ứng dụng tăng volume dễ dàng.

Máy Không có Vân Tay, nhưng dùng nhận diện gương mặt rất nhạy.

Hình thức đóng gói lúc nhận hàng tàm tạm, vì mình ở SG nên mong nhà phân phối HN ngoài việc bọc bao nilon giảm sốc rồi thì nên bỏ thêm vào thùng giấy nữa, cho cảm giác yên tâm hơn.",4
18968297,Thực sự phải nói là tiền nào của nấy.,3
15624185,sản phẩm tốt ngoài mong đợi lần sau sẽ ủng hộ,5
16690860,đang xài cũng ok để xài thời gian mới biết,3
12958906,"máy khui seal rồi (shop tu van la de dan tem bao hanh).!? shop có up những file cần cài đặt lên Dropbox dễ dàng setup máy. máy cài xong không nhận wifi (cai nay can cap nhat firmware) nen shop co ho tro doi sp khac.
máy có sọc màu sẫm hơn ở cạnh tay cầm (hinh như đay la may kobo nào cung có. đậm hơn là do chưa update firmware) cho shop lai 5* (tư vấn sản phẩm hỗ trợ nhanh)",5
17296454,Máy mới nguyên seal. Rất ấn tượng. Màn hình to. Đọc sách khổ A5 cũng tốt. Kết nối được với Dropbox để tải sách không cần dây cáp. Đọc bài trên mạng bằng cách kết nối với tài khoản pocket của firefox. Không quá tù dù với một máy đọc sách.,5
3549311,"Mình muốn đọc sách nên mua máy, cũng rất đắt. Mình mong sẽ dùng được, nhưng không dễ tí nào. Có hai lựa chọn là đăng nhập bằng wifi hoặc tải Kobo app trong laptop rồi mới cho dùng. Nhưng mình đã cố làm mà không được. Máy rất lag, lỗi kĩ thuật và khi đăng nhập vào google account thì máy không cho. Nếu mình không được Tiki tư vấn rõ hơn để có thể đăng nhập thì mình xin Tiki hoàn tiền ạ. Mình đã bỏ phí 6 triệu để nhận một sản phẩm không như mong đợi. Mong Tiki giúp đỡ.",1
3519008,"Màn hình bị lỗi chết điểm ảnh. Điểm ảnh chết lúc nào cũng sáng một cách khác thường rất khó chịu. Hình chụp trông không rõ lắm chứ ở ngoài nhìn lướt qua thấy ngay là màn hình lỗi. 

Yêu cầu Tiki thực hiện phương thức trả hàng hoàn tiền lại cho khách :)",1
18068278,"Máy đẹp, shop hỗ trợ nhiệt tình, nên mua nha các bạn.",5
17455443,Máy ngon nghẻ,5
14871261,Cam rat vua tay. Man hinh to,5
16815812,"vì viên pin 10,000 và hình thức ok",5
18456669,Điện thoại đẹp màu sắc bắt mắt độ phân giải cao,5
12242041,"Máy Android nên dùng rất thích. thao tác phản hồi nhanh. phần mềm máy dễ sử dụng. Hướng dẫn đi kèm của Shop quá chu đáo ( chủ động Messenger với Shop). Kho sách đi kèm truy cập đơn giản, nhiều sách đa dạng theo từng chuyên ngành và khá mới. Tóm lại mình rất hài lòng vì sự bổ xung kho sách của shop làm cho trải nghiệm sở hữu máy và đọc rất hoàn hảo, đáng bỏ tiền mua nếu bạn đã trót mua quá nhiều sách giấy như mình và ngại mua thêm☺.",5
17580385,Máy giao bị vỡ màn hình. tuy nhiên shop đã hỗ trợ đổi mới.,4
17673784,"Máy ổn, dễ sử dụng. Nhưng bao da thì xài được 3ngày là tróc kéo, ko gắn máy được nữa",4
11020079,"đóng gói cẩn thận, máy nguyên hộp, màn hình đẹp long lanh , tư vấn thì nhiệt tình vui vẻ , nói chung là cho 5 sao và ko chê chỗ nào, lần sau ủng hộ shop tiếp",5
13336625,"Hàng tốt, giao nhanh.
Nhưng do lỗi mình làm rơi và nứt màn hình. Shop có hỗ trợ thay màn hình tính phí không ạ?",5
10279058,"Giao hàng nhanh, hàng nguyên seal chính hãng, shop hỗ trợ rất nhiệt tình! Đáng mua.",5
12514308,"Lúc đầu dùng hơi lạ so với kindle, sau khoảng 1 tuần quen rồi thì thấy khá ok.",5
14709628,Dùng được mới 2 ngày thấy khá ưng,4
11202335,mua online có được tặng kho sách tại sachchuan giống mua tại cửa hàng không ạ,5
15200392,"hàng đẹp, giá hợp lý",5
12865979,Cần cập nhật nhiều sách mới hơn,5
18976365,"Máy bị treo, dùng được một lúc là hiển thị như hình, không tắt, không dùng được",1
16880305,"-Điện thoại có chất liệu ổn, phù hợp với giá tiền.
-Pin trâu, 3 ngày sạc một lần vì mình chỉ xem youtube.
-Camera ổn, chụp khá rõ.",5
19501197,Dùng ổn cho nh già,4
18392826,"Điện thoại Sài ok, nhưng phải lắp sim mới Sài được. K lắp thì k cho dùng",5
17031523,shop giao hàng rất nhanh. Chất lượng sản phẩm tốt. Lần sau sẽ ủng hộ nữa ạ,5
17618614,"Máy ổn trong tầm giá, giao hàng nhanh, nhiệt tình 
Dùng tác vụ cơ bản thì rất oke, cam k sắc nét lắm",5
19431241,"Hàng xài ok , cám ơn shop",5
16834522,Shop nhiệt tình . hình ảnh mang tính chất nhận xu,5
18029144,Giao hàng nhanh sử dụng được máy tháng rồi rất tốt ok,5
17010046,nhận hàng thấy ok nha! có hộp nhưng ko thấy cái hướng dẫn sử dụng,5
18310131,hàng tốt. giao đúng hẹn. màu đẹp.,5
18049027,Ngon,5
16851598,"Máy dễ sài, chất lượng không ọp ep như mình nghĩ",5
16757184,giao hàng lâu quá mong sớm khắc phục,3
16771904,"Máy ổn, nhưng thiết kế xấu quá",4
16865336,"Pin trâu, dùng ổn định",5
16568823,"giao nhanh, sản phẩm mới 100%",5
17196619,Mây xài oke,5
17229370,đẹp bền,5
19086154,"Sản phẩm chính hãng, đóng gói kỹ càng
Giao hàng nhanh
Cho shop 5 sao",5
19262118,Máy đẹp giao nhanh,5
14219631,"Máy tính bảng khá rẻ , phù hợp cho bé học online qua zoom. Lên youtube xem hướng dẫn cài playstore đơn giản",5
15042308,giao hàng nhanh. Chất,5
18565228,sản phẩm tốt đúng hành trình đơn hàng rõ ràng có điều là vận chuyển hàng không bao giờ sớm hơn ngày dự kiến,5
17024469,"giao hàng nhanh, đóng gói cẩn thận. tư vấn nhiệt tình. 
điện thoại giá vừa phải, xài cơ bản là ổn. Mong bền là được",5
17530748,"Hàng chính hãng, giá rẻ",5
18095113,"hụp ảnh đẹp ,sử dụng ok, sản phẩm đẹp",5
17518820,Dùng rất ổn. Qua 1 tháng vẫn chưa thấy vấn đề gì,5
16187235,rất tốt,5
15946773,Tốt,5
17741401,good,5
17256156,Máy tốt,5
17090932,Oke,5
19271606,"Rất chuẩn , đảm bảo nhé ae",5
17984841,ok,5
14514888,"tuyệt vời,hợp với túi tiền đt Sài thấy cũng OK lắm",5
17373775,dfg,5
13973430,"Rất tiện dụng và cập nhật, Thanks Shop !",5
13977399,Ok,5
16346057,ok,5
14049590,chất lượng ổn so với tầm giá,3
14373024,Rẻ so với cấu hình,5
18395780,"Sản phẩm tốt 
Giá ok 
Giao hàng nhanh",5
18901157,"đóng gói kỹ, đảm bảo an toàn tem mác đầy đủ.
máy dùng rất mượt, pin trâu, camera nét nhưng khi zoom hết cỡ thì độ phân giải không cao. mới dùng nên chưa quen thao tác. sẽ trải nhiệm dần dần",5
18671926,"Độ bền quá kém, mình lỡ làm rơi máy 1 phát mà nó nứt vỡ tùm lum. Mới mua đc 2 hôm, k biết đổi trả đc ko",1
19020069,ổn áp nguyên seal mới 100%,5
19223846,Khá ok,5
18789077,"Pin tuột khá nhanh
Lướt web siêu chậm. 
Nói chung giá này thì cũng ko lấy làm thất vọng",4
16505044,"Nguyen hộp, gói tiêu chuẩn, mở hộp, cài đặt hoạt động tốt. Xạc điện tạm bằng củ xạc smartphone 2mah, dùng cho nhu cầu đọc cơ bản",5
16949901,"shop Khong ban Kem BAO da may tinh, Ben ngoai khg co ban BAO da tuong thich may nay kho BAO Quan.",4
13894127,OK cho Máy tính bảng Vankyo MatrixPad Z10 - Hàng Chính Hãng lại mua Máy tính bảng Vankyo MatrixPad Z10 - Hàng Chính Hãng,5
9776969,Xài ok,5
17601531,"1. Lên nguồn rất chậm. 
2. Khay SYM ko trơn tru, SYM lúc tiếp giáp đc vì mạch, lúc không, nên máy lúc nhận đc sóng, lúc ko nhận 
3. Uổng tiền mua máy này",2
16146463,"Đúng chính hãng, tốt.",5
16686134,sản phẩmok,5
15847628,sp tốt,5
18929622,"Máy rin, đúng mô tả sản phẩm, loa tặng tốt, đẹp.. giá như chất lượng video đc 4K(⁠ ⁠╹⁠▽⁠╹⁠ ⁠) Còn dùng đc bao lâu quay lại đánh giá sau nha",5
18871723,"Điện thoại đẹp_màn hình lớn_xem phim cực đã_
pin cực kì trâu_còn được trang bị hệ điều hành mới nhất hiện nay nữa chứ_Android 13_thương hiệu OPPO thì khỏi cần gì phải bàn_tuyệt vời ông mặt trời",5
19034709,Quay phim chụp hình thật tuyệt vời và nhiều chức nảngát hài lòng ....,4
18935118,tuyệt vời thank shop,5
19009079,"Rẻ hơn hoàng hà mobile tận 1 củ
Đẹp long lanh
Nguyên seal
Mua tặng mẹ chồng
Hi vọng bà thích",5
16801096,mua cái điện thoại dùng không biết đến khi nào mới được gửi cái mới đây ạ shop bán hàng tốt thế này thì biết bao giờ mới hỏng để em được đổi điện thoại mới,5
18715938,"Điện thoại đẹp ,rất hài lòng . Shop rất thân thiện ! Sẽ có lần sau mua hàng của shop !",5
19155404,Đẹp tuyệt vời,5
17307750,May dung okie. Hoi xước nhỏ o man hinh.,4
16894168,Hàng nguyên seal.. trên tay quá đẹp ^^,5
17713574,"Máy dùng rất tốt, có nhiều bài học cho bé, nhân viên tư vấn nhiệt tình, cám ơn Nexta nhiều ạ",5
14064103,Chậm. Lác…………. ………………………………..,3
15119158,"Tuyệt vời, máy mới toanh, nguyên seal",5
15366962,"máy ngon, kích hoạt nhanh, dễ dàng. mua với giá hời nữa nên rất thích",5
17256951,đóng gói cẩn thận,4
17472080,ok,5
16823339,Tốt,5
12355939,Rất ok!,5
19134817,Đúng hàng chính hãng. Đóng gói cẩn thận,5
16514896,"hàng chính hãng nguyên siêu, chạy ngon trong tầm giá",5
18264884,"Điện thoại đóng gói kỷ lưỡng, phụ kiện đầy đủ. Dễ sử dụng. Rất đẹp",5
18580067,"Tôi rất hài lòng điện thoại này, đặc biệt là có chức năng sạc nhanh. Cám ơn nhiều.",5
18293709,Điện thoại quá ngon trong tầm giá,5
18385645,Mua ở Hồng Hạnh nhiều rồi an tâm cho 5 sao,5
19142865,Ok,5
18463244,"Đt giao nhanh, khá mượt",5
17981070,"Máy đẹp, giáo hàng nhanh.",5
15672454,"Điện thoại nhìn khá bắt mắt, sử dụng tốt và giá Ok.",5
16472803,Tốt,5
4653858,shop cho mình hỏi máy này không chia sẻ Wi-Fi được à anh,4
3994438,hàng rất tốt,5
19381624,"Luôn là fan của Oppo, sản phẩm thiết kế đẹp, ổn áp trong tầm giá.",5
19305402,"Hàng chính hãng, tuy nhiên lâu lâu hơi lag, thiết kế và màn hình đẹp",5
17742832,"Nghe gọi tốt, có phát wifi nhưng hơi chậm, nghe radio không cần anten, có khóa bàn phím nhưng bấm nút bất kỳ vẫn bị bật màn hình và có âm thanh (nếu bật âm bàn phím)",5
18864008,Pin dùng được lâu 3-4 ngày mới phải sạc một lần. Ra ngoài mà cần nghe điện thoại cũng tiện không sợ cướp giật.,5
16673451,"Sản phẩm mới nhận, chưa dùng chưa thể đánh giá được, vận chuyển khá lâu so với dự kiến.",5
17421870,"tạm ổn, mua chủ yếu để cho bố nghe đài nhưng sóng bắt rất yếu -.- còn những chức năng khác thì ok",4
16080988,"chất lượng chờ thời gian .Pin xài ok 
Chỉ gét mỗi giờ lại báo thời gian, đặc biệt là đêm",4
18533262,"Loa nghe không rõ, không trong",2
17788442,"Sử dụng k tốt, hư r. K mua nữa",2
17814633,Máy đẹp giao hàng nhanh,5
17338704,Không vào mạng được...dụng mua,1
13777701,shop tư vấn nhiệt tình lắm. đúng ý với mình luôn. thích lắm. ủng hộ shop 👍👍,5
14370123,mua màu xanh lại thành màu đen -.-,4
15320135,anh phúc,5
14536518,hàng ok mỗi tội đặt màu xanh giáo hàng màu đen,3
15591056,nhân viên giao hàng ko thân thiện,5
16789848,ngon bổ rẻ,5
16766185,.,5
14031794,"Hàng đẹp, mới. Màn hình màu xanh lục rất chóa mắt, máy không có ngôn ngữ tiếng việt.",4
19411003,"Mua với giá rẻ hơn thị trường nhưng trôi Bảo hành tận 2 tháng. Máy nguyên seal, giao hàng lâu.",4
18275846,"Vì lần đầu mua của shop nên mình rất cẩn thận quay lại clip từ khi mở hộp. Và shop đã không làm mình phải thất vọng, sản phẩm mới nguyên seal luôn. Rất hài lòng. Quan trọng mình mua đúng hôm sale nen mua được giá hợp lí. Mình chưa có thời gian để vọc vạch. Shop còn cẩn thận tặng 1 tờ hướng dẫn cài đặt, hi vọng mình sẽ làm đc. Cảm ơn shop! Tiki thì khỏi nói, mua hàng trên Tiki dù đắt tiền vẫn cứ là yên tâm.",5
13579242,"tiền nào của đó, không đụng hàng, rakuten nhật bản danh tiếng, không liên quan gì tới công xưởng của tg. nếu bạn thích đọc, thích học thì việc có Kobo Sage là rất thuận lợi. cám ơn support của nhà cung cấp!",5
13426536,"máy đẹp, màn đẹp. thiết kế nút bấm chắc chắn và cho cảm giác cầm đằm tay. shop chăm sóc nhiệt tình. nếu có sản phẩm ưng ý sẽ ủng hộ tiếp",5
15045698,"ok dùng nhiều thì pin hao nhanh dùng ít thì lâu, chế độ chờ cũng để được lâu, ví dụ ngày đọc 30p tắt đèn thì chắc dùng dc 10 ngày thoải mái",5
14845654,"Giao hàng nhanh, đóng gói kĩ càng, chất lượng tốt, lâu dài thì phải chờ sử dụng",5
19462250,"Đóng hàng kĩ máy mới , nghe to có điều ko đc nét và lướt lzd, shopee  load chậm , hợp với giá cả",5
19431114,tôi đặt hàng lâ mau kem sao giao tôi mau xam,2
13330562,shop rất uy tín.hàng nguyên seal mới 100%.tôi đã kích hoạt sp nhưng chưa thấy tn b.hành từ bên hãng.mong shop k.tra dùm,5
14714679,"Giao nhanh, giá rẻ hơn ngoài lại có thêm ốp lưng nhìn xịn. Giá rẻ nên màn hình hiển thị k sắc lắm. Hi vọng học online ổn",5
17370722,máy mới nguyên seal. Chất lượng ổn trong tầm giá. Nói chung là ok,5
16001483,Sản phẩm OK . mà tiki đóng gói lót ít nên nhìn cái hộp móp méo cảm thấy rất bất an,5
19502107,Tốt,5
17374440,Mấy xài rất ổn. Hình chụp có tính lấy point,5
15269666,Máy lag lag từ khi mới mua về chưa cài gì. Loa nhỏ. Ace cân nhắc.,1
14748808,"Tiki không bao giờ làm thất vọng, giao hành siêu nhanh mà lại chuẩn",5
15190364,Mình nhận đc hàng nhanh . Nhưng ko có bao da ốp lưng,3
17528038,Hàng tốt,5
15344886,hàng giao bị trễ so với cam kết,3
14898745,Hàng chính hãng cảm ơn công ty sam sung,5
15061637,máy dùng Ok với giá tầm này,5
14594874,"May nguyen seal dep, dc tang cover xịn",5
14643652,"Giao hàng nhanh, bảo quản tốt",5
14354938,"Mình vừa tậu em nó hôm 30/12/2021 với giá 655k, Nokia cho ra lò em này thật sự rất tuyệt,nghe đài FM không cần tai nghe là tính năng mình dùng thích nhất ,mình là người rất thích nghe FM.Noi chúng ai định mua em nó thì đừng đắn đo chi nữa,ngon . mà ở Hồng Hạnh mobile lại rẻ hơn ở TGDD nhé mọi người. cảm ơn ai đã đọc.cac bạn có mua gì thì để lại cảm nhận để cho người mua sau tham khảo nhé. Linh xeom",5
16257081,"Màu đẹp , bàn phím bấm êm . Dòng này xài nghe gọi ổn định nha . Giá cũng rẻ . Kèm tai nghe nữa .",5
17498941,"Điện thoại nghe rõ, màu sắc đẹp, rất thích hợp cho mọi người kể cả người lớn tuổi",5
17207444,Máy khởi động rồi tự tắt. Đã liên hệ với Tiki nhưng không giải quyết được vấn đề!!!,1
14282269,"Hàng chính hãng nguyên seal, chất lượng ổn trong tầm giá, sử dụng nghe gọi cơ bản nên mua điện thoại này. Sẽ ủng hộ shop lần sau.",5
16271904,"Hàng bọc cẩn thận, hàng chính hãng, đúng như mô tả.",5
18506052,Nokia thì khỏi phải bàn về độ bền và pin tốt. Nhưng giao hàng hơi lâu,4
17358049,"Chất lượng tốt, đt màu đỏ rất xinh, hi vọng máy sẽ bền",5
16342838,"Giao hàng nhanh. Đóng gói chắc chắc, kèm cả thư ngỏ của shop",5
17326817,Hàng full hộp mới đầy đủ phụ kiện,5
16753871,"đã nhận hàng, ok nhé mọi người",5
16466281,hiện tại dùng tốt,5
16525060,sản phẩm tốt,5
16916666,"Sản phẩm thực tế đẹp lung linh, rộng mênh mông, và mỏng dờn. Hơn tưởng tượng nhiều.  Đắn đo mua định mua cái Apple iPad Air (5th Gen) Wi-Fi, 2022 nhưng cuối cùng chốt cái SS vì tính đa dạng hơn Apple. Máy cấu hình mạnh, màn hình rộng, 2 loa cho âm thanh lớn, nổi, rất hay. Có UD Penup tha hồ cho bé vẽ vời, sáng tạo. Đáng mua để học tập, vẽ vời, ghi chú, nghiên cứu...",5
16973908,"Hàng đúng như thông tin mô tả. 

Nhân viên giao hàng siêu nhanh, lịch sự.

Hàng được đóng gói cẩn thận. Hộp k bị móp méo j vẫn còn full tem 

Máy có màn hìh to, đẹp. Nên mua thêm bao da kết hợp vs bàn phím thì mới xài ổn đc hết tính năng của máy.  K có bàn phím vs bao da thì sẽ rất bất tiện khi cầm nắm, vì máy khá to. 

Điểm trừ duy nhất là dung lượng sẵn có trong máy quá thấp, nếu tải về nhiều ứng dụng nặng thì sẽ làm giảm hiệu năng của máy khiến máy bị giật, hoặc lag khá khó chịu.

Giá thành thì tạm ổn chấp nhận đc bởi thương hiệu lâu đời (Tầm 10tr khi viết nx này)",5
17003001,Giao hàng nguyên còn nêm phong. Máy mới chuẩn luôn. Đẹp test thử ok,5
16166669,Rất đẹp nhạy nữa cừa tầm tiền,5
15950407,"Sản phẩm chất lượng, đóng gói và vận chuyển hàng khá kĩ.",5
15914276,"Sản phẩm nguyên seal, đang giảm giá mua dùng thì quá ok luôn",5
16689205,"-KHÔNG THẤY THẺ BẢO HÀNH BÊN TRONG HỘP
-ĐÃ MUA HƠN 2 NGÀY VẪN CHƯA NHẬN ĐƯỢC TIN NHẮN KÍCH HOẠT BẢO HÀNH
-CHECK MÃ IMEI THÌ KHÔNG TỒN TẠI",4
15355367,"Máy tính bảng dùng rất chậm, lag, dù mình chỉ dùng để mở chrome và lướt web. Không xứng đáng 10 triệu. Lần đầu cũng là lần cuối cùng dùng đồ của samsung, quá kém chất lượng mà còn đắt.",3
18070284,"Hàng chính hãng, sau khi mua vài ngày sau được kích hoạt bảo hành. Máy dùng ổn, bút viết mượt, pin lâu",5
17423515,"Máy chạy rất mượt, cảm ứng nhạy, xem phim chơi game rất nhanh. Màn hình lớn pin khủng xứng đáng giá tiền",5
16121940,Ship nhanh hơn dự kiến,5
16091390,hàng tốt. đáng mua,5
13866921,Hàng xịn sò. Đúng chuẩn của samsung. Vừa nhận hàng hôm trước thì hôm sau thấy samsung gửi tin nhắn báo kích hoạt bảo hành. Điểm 10 cho uy tín.,5
16909994,Đã dùng được 1 thời gian và cảm nhận là rất mượt. Ko bị lỗi gì cả. Hình ảnh rất sắc nét,5
16092629,máy khá to và nặng. không có chỗ để bút. màn hình to nên vẽ tranh rất đã. pin dùng được khá lâu.,4
14830809,"cùng trong HCM giao hàng 5 ngày mới nhận hàng, tiki giảm giá mua dc giá tốt, mở máy và vài ngày sau samsung gửi kích hoạt bảo hành, sản phẩm chính hãng",5
18082824,Ổn so với tầm giá… nên mua hẳn S7/S8 thay vì bản này nếu muốn có trải nghiệm tốt hơn,5
15971705,"Máy đẹp, sang trọng. Tuy nhiên màn hình hơi to. Do máy Ra mắt đã lâu nên khó tìm ốp có khe bút S-pen. Nói chung là ổn với giá10 triệu",5
17224253,"Giao hàng nhanh, đúng hẹn, đóng gói ok",5
14836305,"Ok, máy sử dụng tốt, pin cũng tạm ổn, cần thêm thời gian trải nghiệm!",5
15642576,"Máy rẻ mà mạnh, nhanh, màn hình to nét. Nói chung mình xài thấy hài lòng. Có điều bút gắn ngoài máy bằng nam châm khá là kỳ.",5
16314623,Sp ok,5
16050725,"mới mua mà đa nhiệm xài youtube hơi lag, dễ nóng máy. giá ok, nhưng phải mua bàn phím bao da riêng, đi dán màn hình nữa.",5
14936493,Cơ bản là hài lòng,4
4822581,"mới dùng, pin được 2 ngày ở mức dùng bình thường thi thoảng lướt web, facebook, gọi điện...nếu dùng ở mức cao thì được trọn 1 ngày. Ban đầu thấy cảm ứng có vẻ hơi loạn, sau rồi thấy ổn định. Thử ngâm nước mang lên thì loa hơi rè...",4
4430592,"sản phẩm như trên hình, nguyên đai nguyên kiện, chưa dùng bao giờ cũng hy vọng là tốt và bền",5
18745532,Vào tin nhắn bị giật giật shop ơi. Có cách nào fix được không shop.,4
5084988,"sản phẩm nam tính hơn ảnhi, ốp lưng tặng kèm mầu trắng trong khi sản phẩm màu đen ( điểm trừ vì điều này). sản phẩm chắc chắn.",4
7216109,máy dùng tốt. bền. tuyệt vời,5
7304348,pin không như quảng cáo. máy hay giật lag,3
9824668,Ok dùng tôt,5
7096556,Pin kém hơn nhiều so với quảng cáo,2
5864284,good,5
5056783,đóng gói an toàn,5
8568764,"tốt,hài long",5
4696336,"hom nay minh da nhan duoc hang, tot hon mong doi .may chay rat muot",5
4784710,máy mới nguyên đai nguyên kiện. chạy khá ngon,5
4911035,"Gói hàng cẩn thận, máy dùng rất tốt",5
3555035,"Đóng gói bao bì cẩn thận, giao hàng nhanh hơn thông báo ban đầu.",4
7039404,tốt,5
6018367,HÀNG NHƯ HÌNH,5
19276519,"mặc dù có nhân viên hỗ trợ, nhưng vẫn chưa cài đặt đc,rất khó sử dụng,   nên tìm hiểu kĩ trước khi mua, máy tính bảng nhưng k có hệ điều hành androi, phải tự cài đặt, mù công nghệ như mình thì coi như bỏ máy",1
18047027,"Xài mấy hôm rồi mới đánh giá, màn hình máy hơi tối, máy lướt fb, xem youtube mượt, loa nghe nhỏ, máy nặng cầm chắc tay, ổn trong tầm giá, giao hàng, nhanh, chủ shop nhiệt tình, tiếc là không tặng bao da",5
16374756,"Đóng gói cẩn thận và gởi hàng rất nhanh. Máy tính bảng đẹp, chắc chắn và hoạt động tốt. Xin cám ơn.",5
16199779,chưa biết cách sd luôn,5
17609001,"Điều đầu tiên muốn đánh giá là rất ưng tốc độ giao hàng của TGDĐ luôn á🥰🥰. Thứ 2 là hiện tại mới dùng nên chưa thể đánh giá chất lượng XIAOMI POCO C40, nhưng có thể nói máy lướt mượt mà lắm, cầm đã tay. Vẫn thích nhất là duyệt đơn và giao hàng nhanh là ok ok ok 👌👌. Ngàn sao nha😍",5
17455245,"Sản phẩm chính hãng tgdđ, giá tốt hơn của hàng. 
Giao hàng nhanh, tư vấn nhiệt tình",5
17323344,"Giao hàng rất nhanh. (Sáng mới đặt, trưa đã có điện thoại) Nhân viên thân thiện. Điện thoại chưa khui seal.",5
17616488,OK giao nhanh máy còn nguyên seal tuyệt vời ông mặt trời lun,5
17340499,"(*) Đánh giá không tính điểm
Tăng giá bất thường khi đặt là 2tr350 lát sau trả 2tr7 có lúc đòi 2tr850",3
18758660,Samsung chất lượng ổn định. nhờ đơn vị bán hàng kích hoạt bảo hành điện tử cho. xin cảm ơn,5
16806552,"Hộp móp, 2 cục pin ko dc bọc trong túi nilon mà rơi lủng lẳng trong hộp như đã có ng bóc hộp và ko thấy thẻ bảo hành",2
13021764,"Shop giao hàng nhanh chóng, hỗ trợ nhiệt tình.  Hàng đóng gói chắc chắn, nghe gọi chất lượng. Dùng pin sạc, sạc nhanh, dễ sử dụng",5
5698644,"Sản phẩm đúng như hình, chưa biết tốt xấu ra sao, xài được ngay
Sản phẩm đúng như hình, chưa biết tốt xấu ra sao, xài được ngay
Sản phẩm đúng như hình, chưa biết tốt xấu ra sao, xài được ngay
Sản phẩm đúng như hình, chưa biết tốt xấu ra sao, xài được ngay",5
18523484,Nhà bán ko xuất hóa đơn. Hỏi chẳng thèm trả lời,1
19138046,hàng ok!,5
14312561,"Chất lượng tệ. Nghe, nói loãng tiếng, âm thanh tiếng nói quá trong hay bị echo dù dã tắt chế độ eco.",1
15322660,"sản phẩm mới như cam kết, chất lượng tốt, sóng giữa 2 phòng liền nhau rất ok.",5
8815702,"sp tốt. hư quảng cáo ạ. m dùng thử lâu rồi mà giờ mới đánh giá đc, sorry shop nhé. shop làm ăn uy tín, nhiệt tình với khách lắm ạ. sẽ ủng hộ lần sau",5
10430585,tiếng chuông nghe ko hay. dữ liệu lưu sdt không được nhieu. nét chữ hiển thị trên dt khó nhìn lắm. giờ chỉ còn hy vọng dt bền mà thôi,3
13718392,sp k có loa ngoài khá. phím bấm vị trí chưa hợp lý dễ bấm lộn khi lần đầu sử dụng,3
6179461,"pin quá kém.quảng cáo đàm thoại ltuc 17h, chế độ chờ 200h.vậy mà 2h tụt hết pin.làm ăn gian dối.lhe thì k được",1
16606460,Cho pin vào thì điện thoại báo,1
6230303,Máy mới mua mở ra đã bị thủng ở vị trí bảo hành. Bên nào chịu trách nhiệm đổi mới cho khách hàng đây,1
16448916,Hàng đúng mô tả . Tks shop,5
16467575,sản phẩm tốt,5
3613343,"Máy của tôi vẫn chưa hiển thị số người gọi đến . Chủ cửa hàng đăng kí dùm tôi 
Máy tôi mua dùng cho máy bàn đường đây 02573.828539",3
10318677,"điện thoại bị rè ko nghe rõ , đề nghị đổi hàng",1
5253894,"Mới dùng thôi, thấy nghe gọi ok nhỏ gọn tiện lợi, nhưng lúc đầu ko gọi đc phải loay setup một hồi",5
15238549,jdiehebdbkdjdnendjidnd didnenei,3
17688310,"Shop làm ăn kỳ cục  mua màu xám, giao màu tím. Mua ngày 08/09, ngày 13/09 mới giao, giờ lại giao sai màu! Gọi lên Tiki để trả hàng hay đổi hàng, thì lại mất thời kiểm tra với bộ phận liên quan. Nhà bán là SamCenter, mọi người lưu ý .",1
17601642,Giá ổn đấy ạ mình thấy hài lòng về dịch vụ tư vấn gói hàng cũng như chuyển hàng. Săn giá này cũng ổn. Pin hết hơi nhanh,5
17411845,"Hàng chính hãng, mới 100%, chưa kích hoạt bảo hành, chưa test máy nên chưa đánh giá hết :v",5
17890171,Mua của Tiki thực sự rất yên tâm,5
17387287,Xịn xò chính hãng nhé. Chât luong thì ok,5
8982136,"Nhỏ gọn, nhẹ. Shop đóng gói ổn. Tổng quan khi bóc hàng ko phát hiện lỗi, ok. Có điều máy ko hỗ trợ tiếng Việt, đọc sách tiếng Việt phải chuyển sang font Kobo Nickel đc cài mặc định trong máy nếu ko sẽ bị lỗi font. Tuy nhiên có thể lên mạng cài thêm font khác như font Bookerly của Kindle.",5
15959279,"Mình mất máy kindle nên cần phải mua ereader mới. Mình phân vân giữa kindle và Kobo nhưng cuối cùng quyết định chọn mua Kobo vì có thể đọc trực tiếp file Epub mà ko phải convert sang file mobi như kindle. Kobo Clara HD này có thể copy file ebooks trực tiếp từ laptop hoặc điện thoại sang nhưng để copy qua google drive hoặc dropbox thì cần phải làm 1 số thao tác nhưng cũng khá đơn giản. Làm xong rồi thì khá tiện để copy sách.

Máy được shop giao đến mới và nguyên seal nên mình rất hài lòng. Lúc mới đặt mình cũng hơi lo vì giá khá rẻ nên sợ sẽ là máy cũ. 

Máy gọn nhẹ, cũng không khác Kindle whitepaper lắm nhưng có điểm cộng nữa là có đèn màu vàng buổi tối đọc khá dễ chịu. 

Nói chung mình hài lòng với lựa chọn này.",5
16837910,"chất lượng sản phẩm rất ổn, giá cả hợp lý, chưa có gì để chê hết. dòng kobo này thọt hơn kindle về mặt đồng bộ sách nhưng đổi lại tích hợp Pocket tiện phết. like cho sốp.",5
11583212,"Máy đẹp, nhỏ gọn, màn hình đọc rất thích, dễ tuỳ biến ánh sáng, có ánh sáng cam. Mình chỉ tiếc là không thể take note bằng tiếng Việt! Hy vọng trải nghiệm sẽ tốt và dùng được máy lâu dài để *** độ bền!",5
15080914,"Máy đọc được file PDF, chỉnh cỡ chữ tầm 27 từ word sang PDF là đọc ok, màn hình ko được nhạy lắm, chạy từ từ. Máy hơi bị nhoè màn hình khi chuyển chế độ nhưng ko sao nha. Chung lại là mình thấy ổn.",5
13965901,"Máy dùng thích, mình có máy tính thì thấy dễ thực hiện cài đặt nhưng các bạn chỉ dùng điện thoại thì hơi khó. Shop nên có thêm option cài đặt hộ, tất nhiên lúc đó ng dùng phải chấp nhận không còn nguyên seal.",5
13861856,"Máy chính hãng. Shop bọc hàng cực cẩn thận, giao cũng nhanh, giao từ HCM ra tận ngoài Bắc mà mất có vài ngày. Trong tình hình dịch bệnh như thế là quá nhanh rồi.",5
12625213,"máy rất OK, người bán cũng gửi hướng dẫn rất có tâm nữa. đây không phải vấn đề của shop nhưng mong kobo làm dài dài ra tí cho dễ cầm.",5
13979411,hàng còn nguyên seal. có kèm theo hướng dẫn sử dụng bằng tiếng việt của shop. tốt,5
12419033,"mua máy đọc sách đc tặng thêm quyển Pháp Công Nông, 5 sao phục vụ nhanh, -4 sao truyền bá vớ vẩn",1
13211813,Shop hỗ trợ nhiệt tình. Máy xài tốt. Có điều phần cài từ điển hơi hạn chế.,4
12837838,"shop dong goi ky, may moi va co huong dan cai dat cu the.",4
10784067,"Sp ok, dùng rất thik",5
8012803,Máy chuẩn,5
14043930,"Shop nên ghi rõ sản phẩm đã kích hoạt bảo hành để ko bị chút hụt hẫn sau khi nhận (Tab mình mua ngày 20/12 nhưng sp đã kích hoạt bảo hành từ 30/9), sp vẫn nguyên seal, chính hãng, chỉ là đã kích hoạt bảo hành sớm.",4
16960543,Mình mua hộ thui nên có là giao luôn chưa kịp chụp hình. ngoài kích sớm thui hầu như ko có gì,5
13153359,"mới nhận sản phẩm, chưa biết sd thế nào, hàng đúng shop miêu tả",5
13751858,Đôi khi máy bị treo khi chuyển mạng WIFI khác.,4
16015796,tuyệt vời.,5
14443291,đang dùng trải nghiệm,5
14433469,Sản phẩm ok,5
13627645,xài ổn,5
13332201,tốt,5
18890089,"Điện thoại to đẹp, cầm không cấn tay lắm.  Hiệu ứng mượt mà. Chưa test được game nhiều
Ok trong tầm giá",5
18339120,"Đăng kí trả góp tiki mất 200k phí tiền chuyển đổi nhưng thấy có đc đâu , biết vậy mua thẳng luôn cho rẻ,ko biết làm ăn kiểu gì.",1
17724045,"Tuyệt vời,",5
16013107,Chất lượng,5
17595646,Màn hình hiển thị to và rõ số,5
16798076,"Hang rat chat luong nge, giao hàng nhanh, good 👍😻😻",5
16387386,"giao hàng nhanh, đt xịn, dùng tốt lắm nha mn",5
17729731,Chuông yo rõ,5
15537033,"Lần đầu tiên mình đặt đồ điện tử trên tiki, trước giờ toàn ra cửa hàng xem mua ko à nên cũng hơi lo ngại về chất lượng, giá cả, bảo hành,...

Tuy nhiên vì mình canh săn đợt sales giá quá tốt, rẻ hơn TT mà sp cũng chính hãng y vậy, được quà, khuyễn mãi, tích điểm,...nên mình bấm bụng mua luôn. 

Chất lượng đóng gói cẩn thận, giao hỏa tốc nhanh chóng, dịch vụ tốt nên mình rất hài lòng, sẽ còn săn mua trên tiki món khác nữa sau này.",5
16522148,hơi đắt nhưng dùng được,5
16014517,"Máy chính hãng giao rất nhanh, tiki trading luôn làm tôi hài lòng về mức độ tin tưởng với những món hàng giá trị cao",5
16138111,Sản phẩm ổn nhưng tôi chưa được giải đáp thoả đáng về hình thức mua hàng trả góp. Vì tôi chọn thanh toán trả góp nhưng thẻ bị trừ tiền 100%.,2
15738500,"Đã nhận hàng, TIKI đúng với hướng đi của mình, uy tín và khách hàng lên hàng đầu",5
17931258,Giao nhanh. Hàng đẹp. Đóng gói cẩn thận.,5
16287898,Hang chuan,5
19498074,"(*) Đánh giá không tính điểm
Hàng điện tử mà hộp bị nứt rách thế này. Cần chú ý khâu vận chuyển ghi chú rõ ràng để bảo vệ sản phẩm.",3
17071462,"Giao nhanh, hàng chuẩn, đúng mẫu yêu cầu. Đt dùng rất thích, mượt mà, giá ưu đãi nhiều so với thị trường.",5
17523223,Tốt trong tầm giá.,5
18842579,"Máy đẹp, ok nhưng camera quá tệ",1
16475093,"hiện tại mình rất hài lòng,so với tầm giá đó XM RM Not 11 pro như vậy là tuyệt vời",5
17015500,H oh kh kh oh oh oh kh oh khôhcjcoh ohhk kh kh,5
16133176,sản phẩm dùng tốt chạy mượt rất hài lòng,4
16652570,Đúng hàng đúng giá chất luongy,5
16062475,shop giao đúng hàng mây đúng chất luong,5
16209636,tạm oki,5
15866745,Good,5
15851341,ok,5
18397273,"iPhone 13. Hệ thống camera kép tiên tiến nhất từng có trên iPhone. Chip A15 Bionic thần tốc. Bước nhảy vọt về thời lượng pin. Thiết kế bền bỉ. Mạng 5G siêu nhanh (1). Cùng với màn hình Super Retina XDR sáng hơn.

Tính năng nổi bật
•	Màn hình Super Retina XDR 6.1 inch (2)
•	Chế độ Điện Ảnh làm tăng thêm độ sâu trường ảnh nông và tự động thay đổi tiêu cự trong video
•	Hệ thống camera kép tiên tiến với camera Wide và Ultra Wide 12MP; Phong Cách Nhiếp Ảnh, HDR thông minh thế hệ 4, chế độ Ban Đêm, khả năng quay video HDR Dolby Vision 4K
•	Camera trước TrueDepth 12MP với chế độ Ban Đêm và khả năng quay video HDR Dolby Vision 4K
•	Chip A15 Bionic cho hiệu năng thần tốc
•	Thời gian xem video lên đến 19 giờ (3)
•	Thiết kế bền bỉ với Ceramic Shield
•	Khả năng chống nước đạt chuẩn IP68 đứng đầu thị trường (4)
•	Mạng 5G cho tốc độ tải xuống siêu nhanh, xem video và nghe nhạc trực tuyến chất lượng cao (1)
•	iOS 15 tích hợp nhiều tính năng mới cho phép bạn làm được nhiều việc hơn bao giờ hết với iPhone (5)

Pháp lý
(1) Cần có gói cước dữ liệu. Mạng 5G chỉ khả dụng ở một số thị trường và được cung cấp qua một số nhà mạng. Tốc độ có thể thay đổi tùy địa điểm và nhà mạng. Để biết thông tin về hỗ trợ mạng 5G, vui lòng liên hệ nhà mạng và truy cập apple.com/iphone/cellular.
(2)Màn hình có các góc bo tròn theo đường cong tuyệt đẹp và nằm gọn theo một hình chữ nhật chuẩn. Khi tính theo hình chữ nhật chuẩn, kích thước màn hình là 6.06 inch theo đường chéo. Diện tích hiển thị thực tế nhỏ hơn. 
(3) Thời lượng pin khác nhau tùy theo cách sử dụng và cấu hình. Truy cập apple.com/batteries để biết thêm thông tin.
(4) iPhone 13 có khả năng chống nước, chống tia nước và chống bụi. Sản phẩm đã qua kiểm nghiệm trong điều kiện phòng thí nghiệm có kiểm soát đạt mức IP68 theo tiêu chuẩn IEC 60529. Khả năng chống tia nước, chống nước và chống bụi không phải là các điều kiện vĩnh viễn. Khả năng này có thể giảm do hao mòn thông thường. Không sạc pin khi iPhone đang bị ướt. Vui lòng tham khảo hướng dẫn sử dụng để biết cách lau sạch và làm khô máy. Không bảo hành sản phẩm bị hỏng do thấm chất lỏng. 
(5) Một số tính năng không khả dụng tại một số quốc gia hoặc khu vực. 

Bộ sản phẩm bao gồm: 
•	Điện thoại 
•	Dây sạc
•	HDSD Bảo hành điện tử 12 tháng.

Thông tin bảo hành:
Bảo hành: 12 tháng kể từ ngày kích hoạt sản phẩm.
Kích hoạt bảo hành tại: https://checkcoverage.apple.com/vn/en/

Hướng dẫn kiểm tra địa điểm bảo hành gần nhất:
Bước 1: Truy cập vào đường link https://getsupport.apple.com/?caller=grl&locale=en_VN 
Bước 2: Chọn sản phẩm.
Bước 3: Điền Apple ID, nhập mật khẩu.
Sau khi hoàn tất, hệ thống sẽ gợi ý những trung tâm bảo hành gần nhất.",5
17612972,"Giao Hàng Nhanh, Sản phẩm không ổn lắm, lỗi cảm biến xoay, thiếu đầu bút. Nên cân nhắc khi mua.",5
17967872,"Máy đẹp, dùng ổn, bền thì chưa biết",5
17068108,"Đẹp, máy chạy ổn",5
14910012,"Hàng giao đúng ngày dự kiến, đóng gói kỹ. Máy đẹp và nguyên seal. Rất hài lòng!",5
16480971,Giá tốt. Hàng chất lượng. Mới nguyên. Đáng mua để dùng.,5
15564877,"Máy đẹp,shop rất uy tín",5
15819899,"hàng đẹp mới nguyên zin , giá rẻ hơn shop khác ,rất ok",5
16005836,sp đúng mô tả,5
15832671,ok,5
18040588,"đẹp, chắc tay, phù hợp vs nhu cầu cá nhân.
hàng nhận được đúng như kỳ vọng",5
18293369,Làm cục dự phòng pin đúng nghĩa luôn,5
13203744,Sản phẩm nguyên Seal.đay đủ phụ kiên.Oke,5
19279764,Cảm ơn sahp a,5
14235161,chẳng muốn nói  không Sài được bị sọc màn hình,1
16541707,"sp tốt, giá hợp lý",5
14506131,"Giao nhanh, phù hợp giá tiền",5
13836303,sản phẩm khá ok chất lượng ổn,5
15295901,Ok dùng được,5
13593790,giao cham hon du kien de xuat,3
14503936,ok,5
17437941,"Máy đẹp, giao hàng nhanh. Đã mua cái thứ hai tại shop… Có thể sẽ mua thêm 1 cái nữa cho cháu.",5
17121903,"Máy đẹp, mượt mà. Cũng mới dùng nên mình cũng chưa test hết các tính năng",5
18699131,"Máy đẹp, seal có vẻ còn nguyên. Kích hoạt trước hơn 1 tháng. Hi vọng dùng ổn định ko bị lỗi phần cứng. *** ban đầu có vẻ ổn.",5
17342406,"Máy dùng ổn, không có gì chê nhưng hộp mở ra thấy máy còn vân tay. Chắc của nv đóng hàng 🙄",5
17974223,"Điện thoại giá tốt, còn nguyên seal, đóng gói cẩn thận, giao hàng nhanh, và chất lượng dịch vụ cũng đảm bảo",5
17493197,đóng gói cẩn thận. hàng mới nguyên seri. rất yên tâm mà giá lại rẻ hơn các shop khác😂,5
19063651,"Shop uy tín.hàng đẹp,chất lượng",5
18717332,giao hàng nhanh đóng gói cẩn thận. giá tốt,5
18357358,"Sản phẩm đẹp, ship OK , sẽ mua ủng hộ",5
18503627,Điện thoại không kèm cáp sạc.,3
18589054,Máy mới . Đẹp,5
18174838,"Ok, sài ổn",5
16624289,nhận hàng không có cục sạc và tai nghe .,2
16694014,5g,5
15503916,"shop chuẩn bị hàng và giao hàng rất nhanh. mình đặt mua sáng hôm trước mà sáng hôm sau mình nhận được hàng rùi. chỉ tội là mình đặt màu xanh bơ shop giao màu xanh dương.  sản phẩm nguyên siez . sản phẩm dùng mượt và lướt nhanh, đẹp như hình.độ bền của sản phẩm phải dùng mới biết được.",5
14825121,"Sp ok . Máy mượt mà . Nên mua nhé mọi người, màu rất đẹp , ưng lắm… kích hoạt máy và mọi thứ mượt mà . Màu rất đẹp .",5
13968823,"* Sản phẩm rất xinh đẹp tuyệt vời, tôi không thể trông đợi gì hơn. Cảm ơn nhà cung cấp, nhà sản xuất, cảm ơn người bán hàng, cảm ơn sàn thương mại điện tử, cảm ơn người vận chuyển để tôi có cơ hội dùng sản phẩm tốt như thế này.

* Hàng đóng gói rất đẹp. Quả nhiên người bán đã gửi gắm rất nhiều tâm tư và tình cảm trong lúc gói hàng. Hộp không có dấu hiệu bị móp, chứng tỏ bộ phận vận chuyển đã nâng như nâng trứng, hứng như hứng hoa. Xin nghiêng mình cảm ơn vì tất cả.

* Thời gian vận chuyển rất hợp lí. Tôi đã đặt hàng với tâm thế hào hứng chờ đợi để được trải nghiệm sản phẩm và tôi không hề bị chờ mỏi cổ. Có thể thấy bên vận chuyển không quản ngại thời tiết và đường xá xa xôi để đưa sản phẩm cho tôi trong thời gian ngắn nhất.",5
14350531,"mình định mua màu trắng nhưng tiki lỗi nhảy thành màu xanh. Mình có liên hệ shop và shop tư vấn nhiệt tình, đợi mình đồng ý màu xanh mới nhận đơn. 5* cho shop. Đt sử dụng ổn, cam hơi xấu nếu ánh sáng mờ.",5
13940310,"Mình khá là buồn khi nhận hộp hơi bị móp méo, sản phẩm cũng không có miếng bọc chống sốc nào... Mong tiki sẽ cẩn thận hơn trong việc đóng gói sản phẩm... về chất lượng sản phẩm thì mình cho 5 sao, hàng chính hãng",5
12091429,giao hàng  chuẩn sau 2h  đong goi chắc chắn  .ok và cảm ơn!,5
15190536,"tiki giao siêu nhanh, giờ được hoàn thêm astra quá đỉnh, hôm nay có mã giảm giá mua hời hơn chỗ khác nhiều lắm nè",5
16249836,"Màu rất đẹp, giá cả phải chăng, giao đúng sản phẩm, tôi cảm thấy mua hàng trên tiki rất yên tâm",5
15650105,"đt đẹp đúng mẫu nên mua nha
ms về nên ch biết tên",3
15395051,"hang mới nhận,nhanh đặt hôm qua hom nay giao rồi,hi vọng sp ok co gặp trục trặc",4
15679502,"giao hành nhanh, đóng gói cẩn thận. màu máy đẹp, vì chỉ mua để lướt web, đọc truyện nên máy dùng ổn nhé",5
15189693,"tiki giao nhanh trong ngày quá đã .hàng nguyên siu.ok nhé mn           
       .............",5
15989073,đẹp. chất lượng,5
15749788,máy đẹp. mua hộ nên không đánh giá chất lượng.,5
15338396,điện Thoại đẹp.hàng giao 2h nên nhanh lắm .m rất hài lòng.cảm ơn tiki rất nhiều nhé,5
15667541,rất hài lòng với sanbphaamr nàyyyyyyyyyyyyyyy,5
14457237,"Thiết kế quá đẹp, phù hợp giá tiền, tiki giao hàng nhanh",5
14456665,"đóng gói chắc chắn, đặc biệt thời gian giao hàng rất nhanh. sản phẩm tốt. rất hài lòng",5
15135635,ok lm,5
15886464,"sản phẩm tốt, giao nhanh",5
16449849,hàng chính hãng,5
15988340,"đẹp, chất, đóng gói ok, giao hàng nhanh,dịch vụ tuyệt.",5
13499056,Quá đẹp nhé lại săn được giảm giá ☺️☺️,5
14216470,Đẹp lắm luôb rẻ hơn thế giới di động,5
2342931,"Nhận hàng ngày 7/5/2019
Giữa tháng 6 điện thoại hư, bật ko lên nguồn, sạc không vào pin, liên hệ Tiki gửi đi bảo hành.
2/7 mới có người đến lấy
29/7 trả về sản phẩm bật lên nguồn nhưng vẫn không nhận pin và không có tín hiệu dù đã cắm vào line !!!! 
Chưa kể, điện thoại sau khi nhận về bị trầy tan nát!!!",1
4062461,"Khi mua có đề nghị xuất hoá đơn VAT, nhưng quá 14 ngày vẫn không thấy shop gửi. Đã email hỗ trợ qua tiki",3
3414481,"Loa bên trong điện thoại hơi nhỏ, phải bật loa ngoài nghe mới rõ",3
5020122,hàng giống trong mô tả,5
2326037,"Đóng gói tốt và giao hàng đúng thời gian, Máy nghe gọi với vùng phủ sóng rất tốt.",5
15656857,Nguyên seal,5
19084361,"Hàng đóng gói rất cẩn thận. Điện thoại mẫu mã đẹp, chũ to,… tiện cho người cao tuổi sử dụng. Độ bền thì chưa biết ra sao. Cám ơn shop.",5
13417098,Tốt,5
9419985,"ưu điểm: máy mới, hàng rất ok, gói cẩn thận, ship nhanh, máy dùng để lướt face, xem fim, nghe gọi... rất ok, màn rộng, full viền. nhược điểm là tiền nào của nấy thôi, chơi game lác quá trời, mình chơi dream, nhẹ mà cũng lac. chạy nhiều ứng dụng một lần đôi khi cũng lác. nói tóm lại mức giá này với chiếc máy này là ok quá rồi. mình dùng thấy hài lòng vs đồng tiền bỏ ra rồi.",5
10503888,"nhận điện thoại rất vui vì shop bộc hàng cẩn thận, hộp, đầy đủ các phụ kiện, đã được dán cả màn hình. rất tuyệt.",5
9197773,tui rất hài lòng về máy realme C11 chơi game hơi lag một xíu nhưng cũng đc. tui đặt hàng máy từ hôm trước. hôm sau có máy để chơi rồi. c.ơn shop tiki nha. tui sẽ vô ủng hộ shop. máy tốt cực kỳ hài lòng nên mua,5
7718576,Về sau không biết như thế nào chứ cầm đt trên tay đúng xịn xò luôn ❤️❤️❤️ để mình đặt thêm 1 cái nữa ❤️,5
5845548,tốt lắm hàng chính hãng đóng góp cẩn thận 5sao,5
10426279,oz03.9: quan sát khi có các bệnh và trạng thái bệnh nghi ngờ không đặc hiệub,5
10979911,"sản phẩm đẹp, giống hình, đang trãi nghiệm nên chưa đánh giá dc về chất lượng",5
15304144,hàng rất  tốt,5
17345982,"Gửi điện thoại khác, bịp bợm",1
11741719,"hàng quá tệ, sử dụng chỉ 3 tháng đã hư  màn hình",1
9558827,Đóng gói và vận chuyển không tốt!,3
9598320,"mua lâu rồi bây giờ mới đánh giá, máy sài ok pin khỏe. ưng hết sức",5
14744557,"đóng gói sản phẩm chắc chắn, giao hàng nhanh",5
9124973,hàng đẹp . giao hàng nhanh. ảnh mang tính chất lấy xu chư nhìn như ip 12,2
14407419,giao cho đơn vụ vạn chuyển méo hết hộp !!,4
9797462,máy đẹp. chụp hình thường thôi. tiki giao hàng nhanh. mình mua chủ yếu để thành máy dự phòng,5
15141329,cũng oke ak ak ak ak ak ak ak ak,5
7502314,chưa biết đánh giá sao. cho 3 sao vì ko thấy tai nghe.  phụ kiện đi kèm có tai nghe. mà về mở hộp ko có tai nghe,3
8540588,"điện thoại gì khui hộp ra đồ thiếu tùm lum , buôn bán k uy tính , làm ăn chán quá chán",2
15802749,"Sản phẩm giao nhanh, trước dự tính những 2 ngày. Vì mình vận chuyển xa nên có nhắn shop gói kỹ, shop rất tận tình và rep nhanh. Khi nhận đúng là kỹ thật 🤗, bao chống sốc và keo dán hàng dễ vỡ nhiều nên người giao rất cẩn thận. 
Sản phẩm còn nguyên seal và check đc IMEI lẫn headphone tặng kèm còn nguyên tem. Điện thoại xài mượt, cảm ứng tốt. Ngoài camera không chụp đẹp lắm, chắc do mình ở nơi thiếu sáng và chưa mày mò 🥲. 
Thích hợp mua cho người lớn tuổi vì dễ chỉnh size chữ, ứng dụng (to to cho bộ mẹ xài khá ổn), chip Snapdragon nên thấy lệnh thực hiện nhanh, bắt wifi tốt.",5
16553596,"Giao hàng nhanh. Đóng gói cẩn thận, không một vết xước, điện thoại rất đẹp, chạy mượt mà, pin trâu. rất hợp lí với giá tiền ạ. Được tặng kèm 1 chiếc ốp và phụ kiện tặng kèm. phải mua thêm riêng miếng cường lực. good",5
16057761,"Sản phẩm là hàng đóng lại seal, không phải hàng mới 100% nguyên seal từ nhà sản xuất, máy mình nhận hàng vào ngày 23/04/2022 nhưng kiểm tra với hệ thống xiaomi đã kích hoạt trước đó gần 1 tháng rồi. Mình còn giữ cả video mở hàng ở đây cái seal đóng lại rất là nham nhở luôn. Đúng là không nên mua đồ điện tử online",1
14978269,"sản phẩm tốt, màu sắc đẹp. màu của màn ảnh khá tốt luôn, nhưng cảm biến màn hình có vẻ hơi bị kém. vì chạm nhưng hay bị đơ, không có phản ứng gì",5
17029127,"giao hàng nhanh, điện thoại xài quá ổn mượt, màn hình đẹp, pin trâu sạc thì nhanh cầm vừa tay, có điều camera tạm thôi cài thêm Soda vô để chụp ảo hơn =)))",5
16129051,"Shop giao hàng nhanh. Đt xài khá ok trong tầm giá. Mình có mua về cho bé nhà mình chơi game, thấy cũng mượt và khá ok. Chưa thấy bị đơ như mn nhận xét, hoặc là có đơ nhưng mình cảm thấy k đáng kể",5
16187673,"Nhớ là lúc mua có tặng kèm tai nghe. Đặt hàng lúc 11/03.  mà giờ mới xem lại video lúc bóc hàng thì không có tai nghe.
Dùng xaomi cho rẻ, hỏng thì thay. :)",4
15390814,sản phẩm quá đẹp luôn. đóng hộp chắc chắn. sạc cực nhanh 1 tiếng đã đầy rồi.,5
14995619,"giao hàng lâu, hàng đóng gói cẩn thận, máy và quà tặng đều ok 😘.
chuyển từ s9+ sang dùng redmi 11 thấy hơi khó dùng cảm ứng hơi chán, nhưng trong tầm giá thì chấp nhận đc",5
15433040,"máy và quà tặng tai nghe đều chính hãng, đóng gói rất cẩn thận",5
16938361,"giao hàng nhanh, đóng gói cẩn thận. Mới dùng thấy màn hình ánh sáng k ổn định(lúc mờ, lúc thì sáng) pin thì ok.",4
17486805,Điện thoại  đẹp. Cấu hình quá tốt trong tầm giá,5
18148084,"Ổn trong tầm giá,",4
16657139,Shop giao hàng nhanh và đóng gói cẩn thận,5
16703761,"Máy xài mượt, màn hình 90hz nhìn  rất ổn. Xứng đáng với số tiền bỏ ra",5
18508152,"Giao nhanh, ổn trong tầm giá",5
16654029,mình đặt xanh nhạt mà giáo xanh dương nên còn 4 sao thôi nhe shop,4
18752118,Đẹp,5
17072756,số OK,5
16761050,"phục vụ tốt, shop còn dán giùm màn hình luôn.",5
16607914,sản phẩm OK,5
15855854,shop đóng gói kỹ giao nhanh. Hàng chính hãng nguyên seal,5
16438724,"Máy ổn, mới. Không có kèm quà tặng bao da  như Tiki trading đã quảng cáo, gọi hỏi tư vấn thì trả lời mập mờ. Không có quà tặng kèm thì mua thì đừng đăng lên 1* cho Tiki Trading.",1
18076662,"Hàng chính hãng , mới Nguyên seal, đóng gói cẩn thận, giao hàng rất nhanh.  Uy tính, chất lượng tốt.",5
18560235,"Chất lượng tuyệt vời
Giao hàng nhanh!",5
16758930,Giao hàng nhanh. Hàng dùng thử ok. Có kèm khuyến mại ốp hịn,5
18690531,"Hàng đóng gói cẩn thận, giao nhanh, nguyên Seal. Thái độ nhân viên thân thiện",5
18650930,"Ngon trong tầm giá, màn hình đẹp.",5
18182753,"Tiki giao hàng nhanh , tối đặt sáng mai có rồi dù mình ở tỉnh. Hàng nguyên kiện chưa bóc. Anh shiper rất dễ thương vui vẻ dù mình đổi địa chỉ nhận hàng.",5
16294744,"giao hàng nhanh chóng 
máy được tự động kích hoạt điện tử 
cầm chắc tay",5
17932287,Hàng tốt chính hãng nên mua… được tặng thêm vỏ ốp lưng khá đẹp và cứng cáp… nên mua. Có sim cài đặt để gọi… khá tôt,5
16139223,"Thật tuyệt vời vì sản phẩm không chỉ là phương tiện hữu ích, mà còn là người bạn đồng hành thông minh; ngoài ra thiết kế mỏng,rất đẹp.",5
18322373,"Sức mạnh không như kỳ vọng nhưng mức độ hoàn thiện tốt, màn hình ổn, tặng kèm bao da xịn.",5
17722289,"máy Sài tốt ổn định màng hình rộng rất tiện cho người lớn tuổi sử dụng, mình rất thích giao hàng nhanh",5
16285211,Giao nhanh chóng mặt luôn. Lần đầu tiên đặt mua Lúc 7h30 sáng. Tới công ty 8h00. Nhân viên Tiki tới giao hàng trước 9h30. Xuất sắc thật !,5
17814479,Máy đẹp nguyên hộp,5
18541330,"Mới nhận được, nguyên seal. Đang xài thử, chưa đánh giá được",5
16814135,Máy đẹp mới xài cũng ổn về sau chưa biết ra sao,5
18245084,Cực kỳ hài lòng,5
16731452,giao hàng nhanh đóng gói kĩ và có kèm thêm quà tặng,5
16509768,Xài tốt. Chất lượng cam hơi tệ nhưg mà thôi cho trẻ con học online như vầy ok,5
16349730,"máy nguyên tem, chưa xài nên chưa nhận xét dc",5
16738633,"Máy tốt, chạy mượt, bao da chính hãng dùng đẹp và tiện . Giá OK",5
19057887,Hãng oppo dùng rất ok. Shop rất nhiệt tình. Mình sẽ ủng hộ shop trong thời gian tới,5
19083391,Chính hãng uy tín bọc hàng cẩn thận,5
18815180,Hàng chính hãng mobell.máy đẹp cứng cáp.shop giao hàng nhanh. Giá cả ôk,5
19302429,"Nghe rõ, to, người già dễ sử dụng",5
16334884,"pin lâu, sp tốt, có điều mới mua về bị lỗi cài đặt phải đem ra tiệm nhờ cài lại",4
16496756,sử dụng mục đích cơ bản là tốt,4
15982349,"Chất lượng đt ok. Nhưng mình có trải nghiệm rất tệ với giao hàng. Bạn giao hàng đã đi nhầm ngõ lại còn quay sag cáu gắt với mình, bắt mình phải ra ngõ đón, ko chịu đỗ vào nhà để mình check hàng và gửi tiền. Mình lại phải cầm tiền và check hàng giữa đường mọi ng qua lại. Đã thế thái độ rất gắt, đến hàng xóm mình đi qua còn lắc đầu lè lưỡi. Thực sự mong muốn Tiki cải thiện thái độ nhân viên giao hàng!!!",4
16722130,"Shop giao hàng nhanh, đónh gói cẩn thận không bị móp méo. Điện thoại xài bao mượt, màu rất đẹp, kiểu dáng hiện đại, mua giá chênh lệch gần 1 triệu với giá thành ở ngoài quá ngon. Do bữa khui hàng mình k chụp hình lại nên để hình này tạm. Cảm ơn shop nhìu nha",5
17844738,"Cảm ơn tiki, giao hàng đúng sản phẩm, nguyên tem, nguyên seal,,, sẽ ủng hộ tiki",5
16135941,Sản phẩm được đóng gói cẩn thận. Giao hàng đúng ngày hẹn. Giá sản phẩm hợp lí. Chưa dùng nên chưa nhận định được trải nghiệm sản phẩm.,5
18091767,"Giao hàng nhanh, mặc dù hàng chuyển từ HN vào HCM. Đóng gói không đẹp.
Hàng nguyên seal
Không thấy hướng dẫn kích hoạt bảo hành",4
16629178,Máy đẹp; chạy ổn. Mua lúc giảm giá nên khá rẻ so với shop điện máy. Pin cũng bền; âm thanh đôi lúc hơi rè xíu. Nhưng với tầm giá trung vậy là quá ok.,4
18032907,"Máy đẹp, xài ok, nhưng loa ngoài nghe nhỏ quá. Giao hàng thì hộp móp méo. May mà sp ko sao.",3
17810897,"Máy chính hãng, giá tốt
Chibhs hãng samsung, tốt trong phân khúc
Giai hàng nhanh, đóng gói cẩn thận",5
19000940,"Hàng Được đóng gói lại 
Không phải hàng zin
Imei đã được kích hoạt gần 2 tháng trước",3
18123494,"Sản phẩm ok,  .giá hợp lý..rất đáng mua. shop phục vụ tốt, thời gian giao hàng nhanh.",5
17758175,"Giao hàng bị trục trặc hơi lâu nhưng đóng gói kĩ càng ,mới dùng nên chưa biết chất lượng",5
17994597,Máy mau nóng với bị lag quá chừng. Mới mua chưa tới 1 tháng. Chỉ dùng nghe gọi coi clip chứ không chơi game gì luôn.,3
18090309,"Điện thoại tốt trong tầm giá, cả về cấu hình lẫn thương hiệu",5
17791299,"Tiki gửi hàng nhanh, điện thoại rất đẹp, ủng hộ Tiki lâu dài ❤️",5
17940047,"Rất hài lòng với sản phẩm. Tiếp tục ủng hộ Tiki.
Cho tôi hỏi chút, đăng ký bảo hành thế nào.",5
16989913,"giao hàng cực nhanh, máy sử dụng khá ổn, có nhân viên gọi tới để bảo hành máy.",5
17803475,"Giao hàng nhanh 
Sản phẩm đẹp, cầm chắc tay, pin sạc nhanh",5
17942407,Ship nhanh như 1 cơn gió. Hàng nguyên seal. Lần đầu mua online nhưng cực kỳ hài lòng với tiki.,5
17723989,"Điện thoại đẹp, đóng gói cẩn thận, giao hàng nhanh.uy tín. Hi vọng sẽ mãi duy trì và phát huy.",5
16565177,"giá quá rẻ 4790, rẻ hơn ngoài thế giới di động 1000k, sẽ ủng hộ tiếp trên tiki",5
17845233,Tốt và uy tính,5
18432837,Hàng mới nguyên seal. Giao hàng nhanh,5
18026707,Giá rẻ,5
18708485,Hàng chuẩn giao nhanh,5
16578316,"Tìm mãi mời được điện thoại phổ thông có chức năng ghi âm cuộc gọi và ghi âm thông thường
Cầm nhẹ, khi xài để ít hao pin nên chuyển sang chế độ 2G
Mua hàng giá trị, mua tiki là yên tâm về độ uy tín nhé",4
15431388,"Điện thội nhanh hết pin cực kỳ luôn , để kg dùm tới trong ngày là tự động cúp nguồn rồi, đt phản ánh thì kg thấy của hàng giải quyết, khuyên mọi người đừng mua phí tiền",1
16875527,"Sản phẩm đúng mô tả, tốt, tuy nhiên sử dụng hơi khó.",5
14288765,tốt. nhiệt tình,5
15572233,"Điện thoại chuẩn chính hãng 5* cho hãng. Mà tiki ship đồ hơn 1 tuần, 2* cho dịch vụ ship của tiki",5
18943137,Ok,5
14986840,"sản phẩm đóng gói cẩn thận, đúng như đặt hàng, giao hàng nhanh. cảm ơn shop",5
16284222,"hàng mới, chất lượng tốt",5
15672177,Rất hài lòng vì tốc độ giao hàng!,5
15298392,1,5
16972949,Okie,5
15866257,"Đẹp, giá tốt",5
19007093,"Xin chào mọi người , đầu tiên là hàng giao nhanh , mua ngày 1 thì ngày 3 nhận mặc dù ờ 2 đẩu đất nước . Hàng chính hãng . Kiểm tra bảo hành trên web thì thấy được kích hoạt trước 1 ngày nhận hàng . Điện thoại to , mỏng  , đẹp , mạnh . Màu sắc rực rỡ hơn Iphone 12 pro max ,  ảnh chụp trong nhà sáng hơn & ko bị ngã vàng như Iphone .Pin thấy manh , dùng được lâu .Loa to rõ .Trong hộp ko có củ sạc , phải tự mua thêm , shop có bán luôn nha mọi người , bộ sạc nhanh samsung 45w .",5
2717144,"Ủng hộ hàng Việt, mua đợt khuyến mại Black Friday giá rất tốt",5
2062367,"Điện thoại ngon, Tiki giao hàng nhanh, full box nguyên seal.",5
2119728,cho em hỏi nếu máy bị lỗi hoặc phụ kiện không tương thích em sửa chữa ở đâu ạ,5
18191308,đt kiểu giáng đẹp bắt mắt máy sử dụng khá tốt,5
15119881,"Đặt mua màu trắng nhưng giao lại màu đen, kiểm tra giá thì thấp hơn đến 30%. Làm ăn quá mất uy tín",1
19019355,"Hàng nguyên kiện chính hãng, shop giao nhanh, tư vấn nhiệt tình. Tài khoản kid không khả dụng tại vn nên mn cân nhắc khi chọn dòng này. Shop hỗ trợ nguồn ebook.",5
18324284,Máy đẹp .hành chính hãng.giao hàng nhanh.màn hình to rộng rãi.. Giá rẻ hơn mấy shop khác nhiều,5
18017270,Sp nguyên hộp.máy đẹp.giá cả phải chăng.shop đóng gói và giao hàng nhanh.se ủng hộ lần sau nửa,5
17513691,Sp chính hãng. Loa to sóng khỏe. Pin trâu. Giá rẻ hợp túi tiền. Nên mua.giao hàng nhanh,5
18488699,.,4
19505689,máy mới mua về xài dc tháng thì màn hình k ăn cảm ứng hỏi bảo hành thì k ai tl,1
18948826,"Camera chụp ổn, giá rẻ so với những nhà bán khác. Cấu hình máy êm, chạy mượt mà, không gặp tình trangg lag khi dùng máy. Đã xài hơn 3 tháng vẫn ok nha",5
19026645,"Giao hàng nhanh. Hẹn thứ 5 giao mà thứ 2 đã giao đến nơi. Hàng nguyên box, kích hoạt bảo hành trước 1 tuần.",5
16996250,"Đã kích hoạt trước mấy ngày để dc giá tốt. Hàng nguyên seal, đang tiếp tục ***",5
17188485,San phẩm chinh hang. Nguyên seal sd tốt,5
18132352,"máy rất okay, nguyên seal luôn, mua dùm đứa em",5
18524031,5 sao cho shop.,5
17059604,good,5
17444003,Lần thứ 2 mua của shop. Chăm sóc khách hàng tốt vs giao hàng nhanh. Shop tặng kèm bao da đẹp vs bền. Thanks shop đã tư vấn nhiệt tình. Mình sẽ lưu tâm mua tiếp cho những lần tới.,5
5992647,"Mình hơi khó hiểu là mình mua vào đầu tháng 11, thấy nguyên seal mà sao hôm nay mới vô app quà tặng galaxy coi thời hạn bảo hành thì ghi tới 14/10, vậy có nghĩa là máy đã được kích hoạt trước hơn nửa tháng à ??",4
5018993,"Tiki giao hàng sớm hơn dự kiến 2 ngày, sản phẩm như mô tả, được tặng kèm book cover. Tuy nhiên, máy hơi nặng hơn với tưởng tượng, màn hình ko nổi bật nhưng chấp nhận được, hiệu năng của máy bước đầu thấy ổn.",5
7454024,dùng thử sản phẩm của công ty này đang định mua hàng trực tuyến với giá rẻ đi Đà nẵng bao da,5
10518853,"Máy mới còn tem, màn hình rộng",4
5469901,"Mua tablet được tặng thêm cái case cũng xịn xò. Máy chạy nhanh và mượt, đáng đồng tiền bát gạo.",5
6828442,sản phẩm tốt. tiếc là mình không có được nhận cover bảo vệ như người mua trước,5
5613319,"Hàng giao nhanh hơn dự kiến, nguyên seal, quà đẹp và đúng hàng chính hãng.",5
8835606,sản phẩm còn nguyên seal. Dùng tốt,5
4589399,"giao hàng nhanh, check hàng cẩn thận, máy chạy tốt, đc tiki tặng case đẹp",5
3764565,"Sản phẩm chính hãng, còn nguyên seal, chưa kích hoạt bảo hành điện tử",5
6739279,Hang chat long se hi tiki nua,5
5594109,"dùng rất tốt, lần sau mua tiếp",5
4808097,"sản phẩm chính hãng, chất lượng",5
4560251,"chính hãng, nguyên seal. khá ok",5
5620998,tốt,5
19090589,Hàng chuẩn nguyên seal tặng shop 5 sao.,5
17109892,"Shop đã làm những gì đã nói.
Hàng đóng gói cẩn thận.
máy tốt
Nhiệt tình.",5
17250467,Rất,5
19037600,Good,5
9510406,Dùng tốt,5
12803257,Good,5
10143672,sản phẩm chất lượng,5
2566364,"Nói chung là như hình, nhưng có 1 cái mình không ưng là chế độ sáng màn hình kém quá. Nút bấm trung bình",4
13566371,"Sản phẩm không giống như trên mạng lúc đặt mua , không có chữ HP trên thân máy 
Máy hoạt động bình thường",5
12923935,Điện thoại giao khác loại đăng trong hình.tiki cần kiểm duyệt lại nội dung người bán đăng lên,1
5599384,"sản phẩm dùng cũng dc,tiền nào của đó thế nên điện thoại này cung khá ổn",4
8287546,sp ko đúng như hình ảnh quảng cáo,2
4772929,Xài được,5
13391731,"Nó giống như 1 điện thoại bàn, nhưng chức năng giống như điện thoại di động;
Thích hợp cho người lớn tuổi sử dụng,
Tuy nhiên, sản phẩm không kèm theo tài liệu hướng dẫn sử dụng và các chỉ dẫn cần thiết;",4
6625025,điện thoại đẹp như trong hình. nhưng em ko thấy có dây nối dt với tai nghe. vậy nhờ bên bán sp kt lại xem đã gửi đủ chưa. vì lúc mới nhân em có kt nhưng quên ko kt dây nối. đến hôm sau nắp vào ko thấy dây mối đâu.,1
10743781,"đẹp như hình tốt , lần sau có giao hàng cho khách shop cài đặt chế độ ngôn ngữ tiếng anh vì tiếng tàu khó sử dụng và không biết cài phải nhờ người khác biết cài mới sử dụng được tiếng anh",5
14303331,nhận đúng sản phẩm như đã đặt.giao hàng nhanh.cám ơn shop!,5
17912429,"rất hài lòng, sử dụng tốt",5
12497776,"Đẹp, giao nhanh, dễ dùng",5
11829003,Điện thoại nghe to rõ lắm nhìn cũng đẹp và sang chảnh phết,5
12977005,"Máy đẹp và dễ sử dụng, tuy nhiên không có sách hướng dẫn gì hết",5
9663358,"Đẹp, chắc chắn, nghe gọi ok, cực hài lòng, giao hàng nhanh chóng",5
14393893,"nghe gọi rõ ràng , chuông to , hàng y như ảnh",5
9946438,"Giao nhầm hàng rồi bạn ơi, đổi hàng cho m nh",3
13039609,ĐT xài tốt.vãn ổn định,4
13780386,tốt lắm,5
13794113,"Hàng về nhanh, đặt sau 2 ngày là nhận được hàng. Hàng được đóng gói cẩn thận.
Máy dùng thích lắm đặc biệt là để học tập ghi chép rất tiện 
Màn hình to để giải trí cũng ok nhưng về độ nét và sống động thì cũng bình thường thôi
Mục đích ghi chép học tập là chính",5
13430488,"- vận chuyển đóng gói 4 sao: phải đặt 2 lần mới nhận được do lần đầu hàng tự hủy không tb ( mình nhắn với tiki mà cập rập quá mất nhiều thì giờ), bù lại shipper thân thiện, đóng gói rất chắc chắn an toàn
- sản phẩm 4.5 sao: máy này không có sim nha
   + máy chạy ổn, mỏng mà chắc, giao diện dễ làm quen
   + spen: tạm ổn dễ mòn đầu bút, viết nhanh dễ mất đoạn nho nhỏ, nên mua thêm đầu bút thay thế nếu dùng viết nhiều, mình mua trên mạng thấy có.
   + âm thanh ok to rõ, màn hình được.
   + pin 100% dùng 1.6 ngày là sạc lại trong khoảng 4- 5 tiếng.
   + máy này ở nước mình chỉ nhập loại 4gb/64gb nên hạn chế nhiều khi sử dụng. Nếu muốn mua loại nhiều hơn thì phải đặt nước ngoài.
   + máy ảnh chỉ nên dừng ở chụp tài liệu hay nhu cầu tương tự vì không đẹp.
Mình thấy máy dùng ok, nhưng không tuyệt giống mấy video review trên youtube đâu.
kết là mình cho khoảng 4.25 sao",4
13293162,"còn nguyên seal, lúc đặt tưởng giao lẹ như lời đồn, ai ngờ, giao mất tận 4 ngày, huhuhu. Hộp giao tới nhà thì móp méo, cũng méo lun hộp đựng mtb, hên là nhẹ, bên trong ko bị gì",5
13334577,"Máy mới nguyên seal. Đã kích hoạt bảo hành từ 25/9 nên giá sale khá rẻ so với mua ở ngoài. Lần đầu mua hàng giá trị cao trên Tiki nên thấy hơi lo, cũng may nhận hàng nhanh và ổn. Lúc mới dùng thì app Galaxy Store bị lỗi, cập nhật mãi không được. Sau vài ngày thì lại vào được??? Tính năng chạm 2 lần để bật màn hình không được nhạy lắm. Thêm 1 thắc mắc là Tiki để giá dòng S7 FE LTE (11tr990) rẻ hơn dòng Wifi (13tr990)???",5
13903081,"Giao hàng rất nhanh, mình ở bình dương, mới đặt hôm qua, chiều hôm nay đã có. Hạn bảo hành tới tháng 9/2022 👍🏻👍🏻👍🏻👍🏻",5
13181024,"Nhận được hàng mà hồi họp quá...😪
Đôi lời góp ý cho Tiki:
Hàng có giá trị cao mà không cho khách hàng mở hộp ra kiểm tra bên trong hộp Tiki có gì trong đó... nhân viên giao hàng nói không được mở hộp Tiki...
Chỉ nhận được 1 cái hộp Tiki không biết bên trong có gì, nếu lỡ mở hộp ra bên trong không có máy lúc đó không biết khiếu nại bằng cách nào....
Thà mua các shop khác mắc hơn 1 - 2 triệu mà yên tâm hơn mua ở Tiki....
Nói chung hôm nay mình hên... Đã nhận được máy, hàng còn nguyên seal, máy mới 100%, chất lượng máy tốt,... các bạn nên mua máy này xài,... được trang bị chip mới Snapdragon 778G...👍",4
13150168,"Giao hàng rất nhanh, sáng hôm trước đặt, chiều hôm sau nhận. Máy còn nguyên tem. Tuy nhiên đã kích hoạt bảo hành từ 2 tháng trước -> không hài lòng lắm.",5
13433774,"Hàng nguyên seal, đẹp hơn mình nghĩ. Dùng mượt mà, pin khỏe và tốc độ xử lý đáp ứng dc công việc. Nói chung là ưng 👍 👍 👍",5
13493829,"lần đầu tiên đặt hàng giá trị trên tiki. đặt hàng mà hồi hộp ghê gớm.
giao hàng bằng J&T mất 4 ngày mà ông nội shipper khó chịu ghê.
Nhưng túm lại hàng nguyên 2 tem ko lỗi lầm gì. check thì đã kích hoạt từ tháng 9.",5
13488150,"Nhiều đánh giá nói màn hình không đẹp này nọ. Mình thì thấy nó đẹp và sáng, cũng không khác mấy ipad Air. Tất nhiên sẽ không băng bản plus nhưng nhiêu đó đã đủ.",5
13473892,"sơ bộ thấy hàng tốt, tiki đóng gói cẩn thận",5
13840677,Mọi thứ đều tốt- nguyên seal. Để dùng trải nghiệm thêm xem sao,5
13735252,"sản phẩm chất lượng, giao hàng nhanh và đóng gói cẩn thận. bảo hành 25/9 nên giá rẻ hơn so với thị trường. nói chung là ngon rẻ",5
13514991,"Hàng đẹp, mới sử dụng thì ok. Sẽ đánh giá lại pin và sạc sau. Tạm thời cho 5 sao",5
13327643,"nắp sim vào không được, có khi nào là sản phẩm lỗi. Chờ TIKI phản hồi",2
13280210,"Tuyệt vời! Ban đầu cảm giác lạ vì hơi to. Nhưng giờ quen rồi thì thấy đã quyết định đúng. Cám ơn Tiki-Trading, một nhà bán hàng rất đáng tin cậy!",5
13563542,"Máy ghi là đã kích hoạt bảo hành nhưng thực tế đã rạch seal và dán seal khác đè lại lên, tiki phản hồi chậm",2
13447607,"Giá tốt đáng mua, màn hình to xem YouTube, lướt web hoặc cho con học online là tuyệt vời trong tầm giá.",5
13524896,"Máy rất thích hợp để học online:
+ Tốc độ nhanh
+ Màn hình to không nhức mắt
+ Chụp ảnh gửi bài được
+ Có bút rất tiện dụng",5
13592781,"Đóng gói rất kĩ , thời gian giao hàng lâu . Máy mình thường bị đơ đơ đứng hình , m ko biết có bền với thời gian ko đây",2
13690300,"tiki now giao nhanh, kích hoạt bảo hành thánh 9 hơi lâu, nguyên hộp, hiện tại tốt",5
13521401,Sản phẩm khá tốt. Đủ để trải nghiệm. Phù hợp với tầm giá. Sử dụng cho mục đích học tập online là hợp lý.,4
13475855,Mới mua thì sale sâu :((. Sao màu đen phần viền đằng sau lại k đối xứng như màu xanh. Nhìn thấy hợp mắt.,4
19017291,sp chính hãng như mô tả. máy đẹp.nguyên hộp luôn.ủng hộ shop lần sau nữa,5
18924453,"Máy chính hãng, dùng rất thích. Để sử dụng thêm thời gian xem sao. Shop chăm sóc khách hàng tốt và giá tốt. Tks shop !",5
16276730,đã báo hỗ trợ tiki chờ trả lời. có thể do vận chuyển chứ không phải do shop. kỳ này xem như mất tiền ngu.mình tin tưởng tiki mới trả tiền trước. tráo máy tính bảng bằng 2 chai nước. cạn lời,4
16102010,"Đẹp nè, okay",5
16172370,"Mình mua máy về nhưng bị lỗi màn hình không hiển thị lên được, màn hình tối om và chữ mờ lúc được, lúc mất. Đề nghị Tiki và cửa hàng kiểm tra đổi bảo hành cho mình",1
16158396,"Điện thoại chữ to, rõ nét, loa to. Mình mua cho mẹ rất phù hợp. Mỗi tội nhạc chuông có 1 bài nghe hơi nhàm chán. Shop gói hàng cẩn thận. Ship hàng hơi lâu.",5
15984931,Thiết bị đầy đủ tiện ích phù hợp với người cao tuổi.,5
15721137,sp như mong đợi.loa to.nghe nhac phê.pin lâu.giao hàng nhanh,5
19362592,giao hàng nhanh,5
9966509,"Sách giao nguyên box, bọc bằng ni lông hạt ko khí mình cảm thấy nên bọc chắc chắn hơn nữa thì tên tâm hơn. Ko có cuốn sách sử dụng đi kèm mà chỉ có một mẩu giấy đen important product info. Ko rõ có sách hdsd kèm theo sp ko nhưng của mình thì ko có.
Đk dễ dàng nhưng cảm giác máy chạy ko mượt vì load chậm và cảm ứng ko được mượt và nhanh lắm.",4
11972418,"- Giao hàng từ Sài Gòn ra Hà Nội mà rất nhanh, mất đúng 3 ngày.
- Máy nguyên seal, hình thức đẹp.
- Nhìn giống sách giấy, đọc đỡ mỏi mắt
- Rất nhẹ, nhẹ hơn nhiều so với máy tính bảng hay 1 quyển sổ 200 trang nên cầm đọc lâu sẽ không bị mỏi tay. Nhỏ gọn.
- Shop (Máy đọc sách Hà Nội) ghi kèm hướng dẫn chi tiết, tỉ mỉ. Trả lời tin nhắn, tư vấn tốt

Nhìn chung là Rất hài lòng!",5
3037486,"Sản phẩm chuẩn bản Mỹ, khi setup máy mình được offer gói Kindle Unlimited 1 tháng. Máy mình là màu Twilight Blue. Thực ra màu đen đẹp hơn nhưng mình mua của Shop máy đọc sách Hà Nội thì không có chọn màu, nên chắc có màu gì shop giao màu đó. Giá thì tốt hơn chỗ khác nhiều, paperwhite 4 32Gb mà có mỗi 3 củ 2.
Mỗi tội đúng là trên Tiki mình không thấy thông tin liên lạc của shop. Tuy nhiên, search tên shop thì mình tìm thấy đúng bạn chủ trên 1 trang bán hàng khác (Sh***e). Bạn ý trả lời tin nhắn rất nhiệt tình và lịch sự.
Tạm thời cho đến giờ thì vẫn khá chim ưng. Mong là dùng lâu không bị dính lỗi liệt cảm ứng như một số bạn kêu",5
13526294,"Vô cùng ưng ý. Mình đặt màu ngẫu nhiên mà giao đúng màu mình yêu thích luôn. Máy nhỏ gọn rất vừa tay, nhẹ cầm lâu không mỏi tay.",5
13070488,"Mình muốn màu đen nhưng do không chọn được màu nên máy nhận về là màu xanh, cũng khá đẹp. Giao sớm hơn dự kiến 2 tuần 👍🏻",5
7819138,"Mình rất thích máy đọc sách kindle. Rất tiện đọc vào ban đêm, có điều dây sạc/ dây kết nối rất mau hư, mình dùng đúng 2 lần cọng dây die luôn. Lam minh tuong may hu. Đang sử dụng dây khác tự mua, lười gọi bảo hành.",3
6361632,"Pin sụt rất nhanh, mình mới đọc khoảng 5 hôm, mỗi hôm 30p-1h mà từ 100% chỉ còn 59%. Vừa đọc khoảng 15p đã mất 2% pin. Giờ mình fai làm gì? Nghe nói pin đc lâu nên mới quyết định mua máy này mà giờ thấy có vẻ ko đc như thế",4
14240577,"Máy xài ổn, tắt wifi dùng được 1 tuần. nhiều đang đọc thì với tay lật trang như đang cầm sách thật, rất đáng tiền.",5
10617432,"Mình thấy chức năng từ điển của Kindle rất tiện, giúp học từ vựng dễ dàng hơn. Đây là chức năng đáng tiền nhất và khiến mình quyết định mua Kindle thay vì các dòng máy khác.",5
2421379,"Máy mình đặt từ tiki sau 1 tuần lại bị treo máy, làm cách nào cũng mở không lên, trước đó 1 ngày máy bị hết pin đọt ngột khi máy còn 85%, rất mong Tiki cùng đơn vị giao hàng xử lý vấn đề này giúp mình. Mua đã rất nhiều đồ giá trị từ Tiki, quảng cáo cho rất nhiều người biết về Tiki chưa lần nào thất vọng như lần này. mong Tiki lấy uy tín ra giải quyết vấn đề giúp mình.",1
3129925,"đã nhận được máy 3 hôm, gần như cai được fb, vì rảnh nên ngày đọc tầm 3 4 tiếng, sạc 1 lần , chủ yếu để airplane mode, và sau 3 ngày phải sạc lại, dung lượng pin như vậy là ổn.
vì là mua trên tiki nên cứ nhà bán nào rẻ thì mua thôi, mình chọn nhà bán akishop",5
12601697,"hướng dẫn chi tiết, hàng chuẩn. tuy nhiên mình đặt màu đen mà giao màu xanh. k thích màu xanh lắm nhưng thôi dùng ốp thì cũng tạm",5
15204447,"Mới nhận được hàng đặt. Nguyên box.
Shop có tặng một ít sách không thì gửi mình",4
2412276,"Tiki gói hàng không cẩn thẩn lắm, cảm thấy rất ọp ẹp. Cũng mai mắn là sản phẩm đã được gói chính hãng rất cẩn thận.
Mình mua máy của ""Máy đọc sách tốt""
Sau khi kiểm tra từ Amazon thì được biết đây là máy chính hãng của Amazon, thời gian bảo hành còn 12 tháng (có thể là lệch 1 tháng tính từ ngày shop lấy về) và đây là sản phẩm được đăng ký bới Amazon bên Nhật (Amazon.co.jp).

Cho đến bây giờ thì theo mình hiểu là nếu mua máy từ Mỹ (Amazon.com) thì các bạn sẽ được 3 tháng tài khoản Kindle Ulimited trị giá khoảng 30 USD nhé!
Đề nghị Tiki bỏ tiêu đề ""Hàng Mỹ"" để tránh hiểu lầm!",4
2301888,"Khi mình mới mua sản phẩm thì nghe nói kindle ppw 10 lỗi nhiều làm mình lo lắng, nhưng sau 1 tuần sử dụng thấy sản phẩm tốt, đáp ứng nhu cầu của mình, dễ sử dụng làm mình càng thích đọc sách nhiều hơn do cầm nhỏ gọn. Luôn ủng hộ tiki ?",5
10199157,"đang dùng smartphone mà sang dùng máy đọc sách có sự shock hơi nhẹ, máy chậm và yếu. Cảm giác hơi khó dùng",5
13088046,Sao máy mới mà bảo hành có 1 tháng,1
10986714,"Giao nhanh, sản phẩm nguyên seal, chất lượng tốt, giá hợp lý",5
11049333,"Sản phẩm chất lượng, giá hợp lí vì dùng càng lâu sẽ càng thấy tiện và tiết kiệm nè!",5
16080383,"Shop ok, CSKH sau mua ok ạ",5
11227690,"Giao đúng sản phẩm, đóng gói vận chuyển an toàn, sản phẩm sử dụng tốt.",5
16580014,Kê,5
18440124,"Về khía cạnh máy thì các bạn cứ lên YT xem rv. Shop tư vấn rất nhiệt tình, trả lời tin nhắn của mình rất nhanh. Tuy nhiên bộ phận giao hàng thì giao hơi lâu một chút. Cập nhâth trạng thái giao hangf từ 2h chiều mà đến tận 6 7h tối mới giao cho mình trong khi mình bận công việc. Hi vọng bên bộ phận giao hàng làm việc giờ hành chính giúp với. Cảm ơn shop",5
15979875,"Đã nhận được hàng, giao hàng nhanh, đóng gói cẩn thận, điện thoại tạm thời hoạt động tốt 👍",5
15959136,"Giao hàng nhanh ,đóng gói cẩn thận .dùng bình thường. ok",5
18712907,Dùng rất oke . Mik mua dc 4 tháng rồi với đánh giá,5
18008234,máy đẹp dùng ổn định,5
17944393,Hàng mới chưa kích hoạt. Đã mua của shop nhiều điện thoại,5
15697931,chưa dùng,5
17252724,tot,5
18863260,Nhận máy nguyên seal hãng. Giá tiền quá ok.Bh 12 tháng .Pin sài được. Màn hình sáng đẹp,5
19286664,"Điện thoại giống mô tả, đóng gói cẩn thận, giao hàng nhanh",5
17295144,gửi sai màu,1
17808502,ok,4
2620452,"Tiki bán Kindle Oasis 2 32GB với giá thậm chí còn đắt hơn Kindle Oasis 3 32GB, lập lờ về phiên bản của sản phẩm (trong bài review có đúng 1 từ khoá ""Kinda Oasis 2017"". Thậm chí nếu search ""Kindle Oasis 2017"" còn không ra kết quả vì từ khoá kia bị viết sai chỉnh tả (không biết do vô tình hay cố tình)",1
2162968,"- Nguyên seal, đẹp, mượt mà, mới toanh
- Đã dùng đc 2 tuần và trải nghiệm rất tuyệt vời, dung lượng thoải mái
- Pin nhanh hết hơn các dòng kindle khác nhưng vẫn là oke, sạc nhanh
- Hơi to và nặng so với tay con gái nhỏ
- Trừ 1 sao vì giao hàng 2h (trc 16h) nhưng nhân viên cầm nhầm khu vực, mình phải đợi đến hơn 8h tối mới nhận đc",4
6876284,"Tôi rất hài lòng với những sản phẩm mua trực tiếp từ Tiki Trading. Máy đẹp, bọc kỹ khi vận chuyển.",5
1969629,"là dòng máy đắt nhất có nhiều tính năng, rất thích hợp cho việc đọc sách ebook hay đọc truyện, nếu có đam mê với việc đọc sách thì nên mua. Các bạn nên mua cover chính hãng amazon để bảo vệ máy.",4
1756802,"Cảm nhận chung là hài lòng với chất lượng của máy, bổ sung rất tốt cho người đam mê đọc sách ngoài sách giấy. Tuy nhiên, pin của máy có vẻ không được lâu cho lắm. Cũng chưa rõ thông tin là chức năng 4G hiện nay không dùng được ở Việt Nam. Ngoài ra, mua ở tiki thì bộ phận hỗ trợ kỹ thuật vẫn chưa thực sự tốt. Gọi điện hỏi phải 1 ngày sau mới gọi lại cho khách hàng, tư vấn thì không giải quyết được (như việc kết nối tai nghe, kết nối với tài khoản amazon...). Mình phải tự khắc phục hoặc nhờ người khác mới tìm ra cách xử lý. Hy vọng tiki nâng cao chất lượng dịch vụ này tốt hơn.",4
2342195,"Đã nhận hàng, còn nguyên seal. Sử dụng thấy rất tốt có điều không như mua ở shop phải tự mày mò. Pin thấy tuột hơi nhanh. Chưa sử dụng oasis 1 nên không so sánh pin giữa oasis 1 và 2 được.",5
2419953,"Hàng tốt, nguyên siu chưa khui, dùng được 1 tuần không vấn đề gì.",5
2853561,"Sản phẩm sử dụng bền, tốt, nguyên seal, không móp méo. Rất hài lòng.",5
1675770,máy nhẹ xài mượt. tuy nhiên khi mua ko có option trả góp. trước đó mua có icon giao hàng 2h nhưng tới phần thanh toán lại ko có.,4
3266621,"Sp dùng tốt, 
....................",5
1752062,"Sản phẩm nguyên seal, giao hàng nhanh. Đọc manga thích, nên mua bản 32G.",5
2672531,"Tiki giao hành nhanh, máy nguyên seal hãng . Rất hài lòng",5
1918193,"- Tiki đã giao hàng trong 2 tiếng 
- Sản phẩm bao bọc kỹ càng
- Sản phẩm mới hoàn toàn, không lỗi gì",4
1593054,"kindle không hỗ trợ epub, epub3 mà hỗ trợ azw và azw3",4
16532308,tốt,5
12591988,"Máy đẹp, ngon có kèm bảo hành 12 tháng, được shop tặng thêm cover, mn nên mua tại shop nhé. Shop tư vấn nhiệt tình về cài đặt và sử dụng máy. Giao hàng nhanh chóng. Thanks shop nhiều nhé^^",5
9108254,"Máy lúc đầu thì bật lên dùng ổn, nhưng sau khi Factory Reset thì lại không dò được mạng Wifi nào và không thể kết nối tới máy tính, mong shop giúp đỡ…

Edit: sau khi làm một vài mẹo thì máy đã hoạt động khá tốt, không vấn đề gì. Mỗi tội lỗi này bất định quá...",4
12396127,"Máy chưa thấy lỗi gì, nhưng sau bán hàng shop hỗ trợ hơi chậm, rất mong shop hỗ trợ nhiệt tình hơn!!! 
xin cảm ơn",3
10268450,"Perfect. Product as described, brand new, genuine sealed box. 

Thanks to rubbery back the reader has got a premium feel and I like the size. Highly recommended.",5
11442881,"Máy nhỏ gọn, đẹp nhưng hơi chậm. Hỗ trợ pdf ko được tốt lắm. Lỗi font tiếng việt.",4
14474692,Sp okkk lắm,5
13029649,"Rất ổn, máy nguyên seal",5
18643524,Tự động khởi động lại nguồn thường xuyên,1
18748181,Ok,5
16139000,"vừa mới nhận hàng, mẫu mã gọn nhẹ, chuông to, bàn phím đẹp dễ nhìn, màn hình bé không thích lắm, danh bạ chỉ hiển thị có 2 dòng.",3
16411763,Co chế độ bảo hành đổi trả tốt san phẩm bị lôi kỉ thuat dc hoàn trả và hoàn tiền về thẻ cho shop 4 sao trừ 1 sao vì kg xai dc fai hoàn tra san phẩm,4
15727873,"sạc đầy pin để đó không đụng tới nhưng chỉ 2 ngày hết pin rồi.
Quảng cáo tới 17 ngày?!?! 
vấn đề này có được bảo hành không vậy shop?",2
18743129,chất lượng tốt nên dùng,5
15377011,máy rất đẹp,5
19273859,Ok sop giao đúng hẹn,5
16719991,"hàng đẹp, shop giao hàng rất nhanh, phù hợp giá tiền",5
15931413,"hàng quá ổn, nên mua, người già dùng rất thuận tiện",5
17222301,"sản phẩm rất chắc chắn,loa to,pin khỏe, đẹp.",5
17290277,đẹp dễ dùng cho người già,5
16174330,dùng tốt,5
15472718,ok,5
18361588,"Điện thoại sử dụng ổn, pin trâu, mua giảm giá nên khá rẻ, giao hàng ngay trong ngày. Gắn sim ngân hàng bao hack hehe",5
18815173,Hàng chính hãng nguyên seal hộp.máy đẹp màn hình lớn,5
9865083,Máy sạc điện chập chờn. Loa nhỏ. Gọi tiki để bảo hành. Bên vận chuyển Ninjavan đến lấy máy. 1 tháng sau gọi tiki thì bảo chưa nhận được máy. Mình gọi lên 2-3 lần đều bảo là sẽ kiểm tra với nhà vận chuyển. Cuối cùng mất luôn máy. Và tiki đã hoàn trả lại tiền. T.T,1
16277505,"Sản phẩm đẹp, hoạt động tốt, rất hài lòng.",5
12788622,nhìn điện thoại  ko chắc chắn,3
13290371,Hàng chính hãng tốt,5
3115728,"Cty tôi đang giai đoạn sửa chữa điều chỉnh, cầm điện thoại không dây đi cách cả 20m nằm lệch tầng mà vẫn bắt sóng tốt nghe nói rõ , pin thì khá ổn.",5
4047807,"Mình nhận được hàng rồi, nhưng tại sao không có pin đi kèm điện thoại",2
4344151,qua tệ loa nhỏ còn rè lấy chứ bực mình,1
3596599,"Good
Sản phẩm tốt. Rất hài lòng.",5
3651974,Very good. I like it. Thanks.,5
3905244,Dùng rất bền,5
3170669,Chuông quá nhỏ  loa yếu quá,2
2569706,"Máy đẹp, hài lòng, giao đúng hẹn. Đóng gói hộp kín",5
17263837,"- ...TiKi giao hàng quá lâu, nhận hàng trong nước mà cứ ngỡ nước ngoài, tận 1 tuần mới nhận được hàng, mặt hàng điện tử giá tị cao thường có nhu cầu cần gấp, TIKi nên ưu tiên giao sớm những mặt hàng này hơn....
- Nhưng nhờ các bạn nhân viên bên samcenter bù lại, Tư vấn rất nhiệt tình, dễ thương, chu đáo, máy nhận về nguyên seal, full luôn, máy đẹp ơi là đẹp, giá rất oke luôn. mình chấm cho SAM 5* nhé . Tks",5
17131150,"Đã nhận được hàng , đt chụp hình siêu đẹp trong đk thiếu sáng , có lẽ là chiếc màu tím cuối cùng , nay vào ko thấy nữa rồi 😁😁",5
17221647,"Hàng xịn hộp zin nguyên tem, màn hình bao đẹp, hi vọng dùng đc bền chút. Sợ nhất là gập tới gập lui nó gãy. Hài lòng với giao hàng, giao nhanh mà đúng hẹn lắm luôn.",5
17142676,"Kiểu dáng gập thời trang, máy mỏng nhẹ. Điểm trừ pin tụt nhanh. Máy mới phụ kiện ốp, dán màn hình giá khá chát.",5
17384720,"Máy nguyên seal, màu đẹp, giao nhanh, thích hợp dùng cho nữ, tuy nhiên pin tụt hơi nhanh",5
17212702,san pham kha hay cho mot trai nghiem moi !!!!,4
17199666,"Máy nguyên seal giống mô tả. Có điều dùng hơi nóng, pin yếu.",5
17290859,"Tuyệt vời ạ ,",5
17278152,"Hàng chính hãng, mới nguyên seal chưa kích hoạt BH",5
17210448,hàng nguyên seal giá tốt,5
9097858,"Giao hàng nhanh hơn dự kiến. Điện thoại đúng như mô tả, nguyên seal nguyên kiện. Ngoài ra còn tặng kèm ốp lưng và miếng dán màn hình, thư ngỏ kèm theo khá dễ thương.
Về tính năng, được xem là thực dụng. Về cơ bản giống như các bài review trên YouTube. Điểm cộng có nhiều, ở đây không nói lại nữa.
Camera ở mức trung bình, nói chung vẫn tốt hơn iPhone 12 trên tay bà cụ 70. Thiếu phần cài đặt trong camera mặc định, các tính năng có sẵn như xoá phông, toàn cảnh... khá tốt. Tự động chụp ảnh khi chạm vào cảm biến vân tay, nên hơi bối rối khi mới sử dụng. Tuy nhiên một năm không dùng đến mấy lần nên không quan trọng.
Loa ngoài to ấn tượng, giống như loa Bluetooth cùng kích cỡ vậy. Nhưng do nằm sau lưng máy nên nếu đặt ngửa sẽ bị che.
Trọng lượng máy sẽ là vấn đề với người quen cầm điện thoại thời gian dài.
Bên cạnh đó, do thiết kế chống nước và va đập, ngoài việc thích hợp cho người không quan tâm việc nâng niu điện thoại, còn đặc biệt tốt cho người vụng về, người già, hoặc người bệnh Parkinson.
Ngoài lề, nhiều người chọn điện thoại theo sở thích hoặc bị hấp dẫn hơn là theo nhu cầu, giống như tậu một chiếc Ferrari bản giới hạn chỉ để ra đầu ngõ mua bó rau vậy.",5
18627282,"Đóng gói cực kỳ tốt, nhiều lớp chống sốc, dt fullbox, đầy đủ phụ kiện",5
19022324,Đúng hàng nên giá hợp lý là nhất rồi.,5
18122745,Hàng giống như hình ĐT Panasonic là chất lượng rồi.,5
19269915,"Đóng gói cẩn thận, giao hàng nhanh, chất lượng tốt",5
18378376,"điện thoai nghe lớn rõ ,rất hài lòng .",5
18318129,"Điện thoại chính hãng, dùng r tốt",5
18510516,Hài lòng ban đầu,5
18111215,"Tốt, đẹp, giao hàng nhanh",5
16347533,"giao hàng đúng mẫu, shop xuất đầy đủ hóa đơn theo yêu cầu",5
16492673,"Sản phẩm tốt , shop tư vấn nhiệt tình, cám ơn shop 😍",5
17623724,sản phẩm tốt và chất lượng,2
17218223,Ok,5
18107157,Tot,5
16485889,hàng ok. đóng gói chắc chắn,4
16867382,"Shop giao hàng nhanh, đóng gói cẩn thận, điện thoại đúng như quảng cáo",5
15633619,sp đúng như quảng cáo. phím bấm mềm mại. giao hàng nhanh,5
17038882,"Điện thoại bàn panasonic thì ko cần phải bàn, trước kia đã dùng gần 15 năm mới có trục trặc nên mua đời mới hơn để thay thế. Hy vọng dùng tốt và bền như đời cũ",5
16718354,Ban cho đoi tra Jo đoi là sao mai mốt ai dám mua mua Tiki nữa,5
17933314,Dùng bình thường. Loa chưa to như mong muốn nhưng cũng tạm được.,5
17837263,Good ෆ’ᴗ’ෆ,5
12509964,"Gói hàng cẩn thận, giao hàng nhanh.",5
16120435,"Đánh 4 sao vì đặt màu xanh nhưng giao màu đen, shop ko nhắn tin trao đổi trước với khách hàng. Sản phẩm giá cao hơn TGDD nhưng giao hàng nhanh nên chấp nhận mua. Tuy nhiên, lúc mua trục trặc thanh toán với Tiki, theo ý kiến của mình Tiki nên xem lại quy trình giải quyết khiếu nại phản hồi cho khách hàng. Khi đặt mình thanh toán qua momo, momo đã trừ tiền nhưng Tiki báo thanh toán ko thành công. Khi chat với Tiki mình gửi cả ảnh chụp thông báo thanh toán của momo nhưng nhân viên Tiki yêu cầu khách tự liên hệ lại momo. Gọi cho momo thì bên đó khẳng định đã trừ tiền, nếu NV Tiki nào báo chưa thanh toán thì cho xin mã NV để momo làm việc lại. Khi chat lại với Tiki thì gặp NV khác, lại trình bày và gửi lại hình, chờ qua hôm sau ko thấy phản hồi, gọi điện lên hotline trình bày lại từ đầu. Mình biết là họ cần thời gian giải quyết nhưng cần 1 cái hẹn trong bao lâu giải quyết xong để mình còn chủ động mua lại sản phẩm vì mình mua điện thoại này tặng mẹ, thay cho cái cũ vừa hư, đang cần xài mà trục trặc, liên hệ thì bị đẩy đi lòng vòng nên rất bực. NV Tiki ko dám đưa ra cái hẹn nhưng ngay chiều đó đó được xác nhận đơn hàng đã thanh toán (để trễ qua 3 4 ngày là chắc chắn mình sẽ bỏ tài khoản Tiki luôn). Ngay từ đầu Tiki nên tiếp nhận và liên hệ momo để phối hợp giải quyết cho khách hàng, không nên để khách hàng đi lòng vòng.",4
16154467,sản phẩm giống như trong hình nhưng chưa sử dụng nên chưa biết kết quả ra sao tạm thời cho shop 4 sao nếu thấy thích sẽ mua tiếp nhé  và giao hàng thời gian hài lòng và giao rất nhiệt tình cám ơn shop nhé,4
16574747,Xài thử chưa dùng sim nhưng bắt wifi tốt. Pin chưa đánh giá được. Nói chung là khá ổn với mức giá này. À hdh KaiOs thì không nên kỳ vọng nhiều nha.,4
18478643,Tiki giao hàng chậm. Điện thoại tốt. nguyên seal. cảm ơn shop nhiều,5
18239637,"Quá tốt, wifi ngon, 4g hoạt động bình thường, bàn phím lâu lâu ko nhận nhưng ko sao, uy tính nha mọi người",5
16091409,"hàng rất OK , bọc hàng kỹ",5
17356234,"Dùng ổn lắm nha, chỉ có cái bàn phím nút bấm hơi khó th, còn lại đều ok, giá quá dc,🥰",5
17659052,Mới dùng cũng thấy ổn. Nhưng máy lắp thẻ nhớ vào không nhận thẻ,4
17886541,Shop đóng gói rất tốt lần sau sẽ tiếp tục ủng hộ shop....,5
18821769,"Điện thoại dùng ổn,pin lâu",5
17302858,Điện thoại dùng ok,5
17218080,Máy đep mọi chúc năng ỗn màn hình chưa đep lắm  giá tot,5
13728328,sản phẩm rất tốt rất đáng mua giao hàng nhanh,5
10132048,Chất lượng tốt như quảng cáo. Rất đáng tiền,5
16516270,tốt,4
13532129,thời gian pin đc lâu không vậy,1
10417203,sản phẩm tốt hợp túi tiền,5
9545466,"bắt wifi mạnh, chia sẻ mạng tốt, các tính năng khác cũng khá tốt",5
13026792,"Máy đẹp, nhưng chưa quen nên mình mò khá lâu mới cài đặt xong....do xài quen điện thoại nên ram 1gb hơi chậm so với tốc độ vuốt... nhưng quen rồi thấy ổn... đọc truyện rất êm mắt... bao da đẹp, máy chắc chắn.... hài lòng",5
10612126,shop đóng hàng nhanh lẹ. còn tiki giao hàng lề mề. thất vọng,5
12646898,Máy đọc sách tốt,5
14773198,hay,5
16913153,Giao hàng nhanh đóng gói cẩn thận ạ :))) cảm ơn tiki 😊,5
16875580,"Sản phẩm cũng rất tốt, nhìn chung đáng tiền, giờ giá có thể rẻ hơn rồi. Tính năng cũng tốt.",5
16471614,Sản phẩm xài mượt lắm nha.,5
15870573,Giao hàng nhanh. Máy nguyên seal chuẩn.,5
16089830,giao hàng nhanh đúng sản phẩm,5
15407383,"máy đẹp, không có adapter",5
18438217,Like,5
19288197,OK,5
18324168,Máy màn hình lớn giúp dễ nhìn.màu sắc đẹp.ghn.quá đẹp .pin trâu.giá rẻ,5
15113958,"shop giao hàng nhanh.hộp được đóng gói cẩn thận và đầy đủ.pin thì mau tuột nhưng khoảng đến 1 tuần thì pin tự nhiên có vẻ trâu hơn, 3-4 ngày mới sạc tuỳ theo ng gọi nhiều hay ít.  điểm trừ là khi ngta gọi đến cái tên mình cài trên danh bạ thì hiển thị bé xíu , ẩn mờ còn kí tự đầu của cái tên  thì to chà bá, ng già sẽ rất khó nhìn biết là ai đang gọi mình.còn lại thì rất to rõ ok.5 sao vì thái độ phục vụ của shop rất ư là dễ thương và nhanh chóng",5
18049389,"Màn hình to rõ nét, loa nghe tạm, bàn phím khá nẩy. Mới nhận nhưng chưa có thời gian dùng thử.",5
18782511,Hỗ trợ kỹ thuật cho khách rất kém,1
15678456,"Chất lượng sản phẩm như mong đợi
Giao hàng Nhanh
OK",5
17296826,Hàng chính hãng....... 4g mua chữa cháy cho bà già.............,5
16953843,"Hết pin rất nhanh, chưa đc 1 ngày đã hết mặc dù ko nghe gọi",1
14646089,dt mới nhưng tụt pin rất nhanh tôi muốn trả hàng,1
18261902,ok...!,5
16088011,ok,5
19058908,"Lúc đặt hàng thì có kèm quà tặng là cục xạc, giao thì báo là có có kèm quà tặng.",3
18081666,gửi người nhà ko hình thực tế. nhưng mua rẻ và xài ok,5
17901888,okie dùng tạm vậy với giá tiền này,1
17824064,Sản phẩm dùng tốt,5
17502127,10đ 10đ,5
19026215,"máy đẹp , quên chụp lại máy rồi , nhưng máy rất ok mượt lắm, thiếu củ sạc",5
19445940,Hàng đúng chuẩn. Shop đóng gói ok vá rất chất lượng. Tks,5
17526953,"Hàng giao nhanh, đúng hẹn.
Điện thoại còn nguyên seal, sử dụnh tốt.",5
17067454,"sản phẩm như quảng cáo chính hãng mastel, đóng gói sản phẩm chắc chắn, nên mua tại shop này nhé.",5
19074776,OK ổn,5
17604446,"Về tổng thể thì tạm ổn, vì mình ko chơi game nên ko đánh giá dc, nhưng mới dùng vài ngày thì thỉnh thoảng khi đang dùng app cũng sẽ bị đứng, mình không rõ nguyên nhân do đâu, nhưng nếu đánh giá một cách cá nhân qua các trải nghiệm của mình thì mình chỉ chấm 3 trên 5 điểm thôi, thêm một điểm cho giao diện và điện thoại khá nhẹ, dễ cầm.",4
15672463,"sản phẩm đẹp, tốt và gửi hàng khá nhanh",5
18704040,"Hàng đúng mô tả đẹp hơn trên hình, đủ quà tặng phụ kiện, hàng mới 100% giao hàng sớm hơn dự kiến.",5
19411342,"Camera chụp hình đẹp, có yặng kèm ốp lưng silicon",5
17134526,ok,5
16515898,vì nó hợp với tôi,5
16694606,Tốt,4
17514783,"Màn hình và bàn phím to, âm thanh ổn và quan trọng là pin bự nên có thể nghe lâu dài, chờ con cháu về sạc giùm.",5
17837182,Bạn ơi điện thoại nó mau hết PIN có đổi được không ạ,2
17163969,Good,5
17621154,ok,5
15386991,Tốt,5
15152373,ok,5
19451205,"Sản phẩm đúng như mô tả,giao hàng chậm 1 ngày nhưng bù lại điện thoại rất ok,xứng đáng so với số tiền bỏ ra.",5
18467424,"Camera chụp hình đẹp, màu sắc đẹp, máy gập xem phim rất tiện, sạc pin nhanh, dùng thời gian dài. Bàn phím thì hơi rộng với những bạn nữ tay hơi ngắn :)). Mình dùng thấy rất ưng ý. Nên mua.",5
17714581,Sp đẹp giá tốt dùng ổn ko bị lỗi giao nhanh an toàn,5
18204890,Ngon,5
18207038,đẹp đáng tiền 1111113344222,5
18747361,san pham ok .gia tot hon thi truong,5
19148870,hàng tốt,5
18695587,"Tốt, đẹp",5
18703224,Rất tốt,5
15420928,"ĐT đẹp, giao nhanh, đóng gói chắc chắn, dễ lắp ráp và sử dụng, giá rẻ hơn nhiều nhà bán khác, có thể yêu cầu xuất hđ gtgt nữa",5
13249467,"Điên thoai hàng chính hãng, thiết kế đơn giản nhưng đẹp, chất lượng ổn định. Đóng gói hàng kỹ và chắc chắn, giao hàng nhanh! Giá tốt!",5
19264090,Chất lượng kém mới dung một tháng đã hư,1
19194054,Được,4
14150853,"Xuất hoá đơn VAT quá lâu, hỏi Tiki thì nhận phản hồi là 1 tháng sau khi nhận hàng. Ko biết cái luật gì? Ví dụ mua 20/11 thì qua tháng 12 mới xuất à???",1
13735253,"Hàng hóa giao nhanh chóng. Đóng gói rất chắc chắn và cứng cáp. Hàng hoá đúng như quảng cáo, chất lượng ok",5
15304457,"Thiết kế đơn giản mà đẹp, gọn, âm thanh rõ, dây hơi ngắn, nhìn chung là ok , hài lòng.",5
13223907,em đặt màu xám mà sao giáo hàng màu trắng,1
16175845,hài lòng,5
15600985,tốt,5
13471557,Sản phẩm tốt,5
4083650,"Mình đặt màu xám, đóng gói cẩn thận, sản phẩm mới toanh, đẹp chất lượng",5
16982344,"đẹp, chuẩn nguyên seal",5
17491372,"Tệ k hài lòng chút nào,máy mau hết pin,bỏ số tiền giành dụm nhận lại máy k như mong đỡi thật thất vọng",1
15599314,"Giao hàng siêu nhanh, gói hàng siêu cẩn thận, nhân viên giao hàng siêu ân cần. Đáng giá 5 sao ạ.",5
13184072,Shop chủ động báo Voucher 1tr1 để mình rước em này về trưng bày 😂,5
17494509,Giao hàng nhanh như một cơn gió. Nguyên seal chuẩn chỉnh. Giá ổn áp,5
17152608,Sp xài ổn trong tầm giá,5
10236607,"Tiki giao hàng nhanh hơn dự kiến. Sản phẩm đẹp, y như hình quảng cáo.
Tuy nhiên, trong hộp ko có 3 cục pin AA sẵn để test máy",4
9292243,người bán đóng gói quá kỹ suýt nữa là khiếu nại lầm rồi . Chất lượng sp quá tốt!,5
9348695,"tôi đã nhận được sản phẩm, nhưng không thấy hóa đơn vì tôi có yêu cầu và cung cấp thông tin xuất hóa đơn.
thân!",3
9369241,"Màn hình chữ mờ quá, đổi sp khác được không bạn?",2
15098051,tốt,5
9737320,"Sản Phẩm giống như hình, đóng gói cẩn thận , giao hàng nhanh",5
7893439,Shop chưa xuất hóa đơn tài chính theo yêu cầu. Đề nghị xuất bổ sung giúp. TKS,5
8386016,"Âm thanh tốt,điểm hạn chế là k có hiện số gọi tới",4
11182850,Điện thoại dùng tốt,5
8093586,giao hàng nhanh. chất lượng ổn.,5
17953817,"Chất lượng ổn, tiếc là ko có ốp đi kèm",5
16073806,đẹp,5
12897128,"Máy đẹp nguyên seal, bao da đẹp ạ. ở ngoài màu nhạt hơn trong hình nhiều.
Giao hàng nhanh hơn dự kiến. đặt hôm 24 mà 29 đã nhận dc. cảm ơn Tiki vs shop Máy đọc sách nhiều nhé!
Có từ điển Duden luôn, hạnh phúc! 
Cảm ứng thì không phải là quá nhạy. đọc ko mỏi mắt, ko chói. ♥️",5
3098067,"Mình mua của Techmorevn, bên trong bao bọc kĩ, máy mới leng keng, còn niêm phong đầy đủ, mới đầu dùng chưa quen nên thấy hơi khó chịu, giờ thì ổn hơn, máy mới về nên xả cho hết pin rồi mới cắm sạc mọi người nhé, mình thử sạc đầy 100%, bật chế độ máy bay, ngủ dậy thấy còn có 22% hơi giật mình. Sạc lần thứ 2 thì pin trâu hơn nhiều, lâu lâu mới tụt 1% pin. Máy thích hợp đọc ngoài trời hơn là trùm mền đọc trong bóng tối như mình huhu

Điểm trừ là đợt này băng keo của tiki có vấn đề hay sao í, mình bị vài thùng đồ đặt trên tiki từ đợt trước tết đến giờ, cứ tới tay mình nhận là băng keo hở 1 chút vậy đó, thò tay vào trong được luôn nha, ví dụ có mua hàng nhỏ nhỏ là rớt ra ngoài trong quá trình vận chuyển chắc luôn.",5
2928390,"Máy xài tiện lợi, copy ebook vào máy được nhiều sách. Máy gọn nhẹ, nếu muốn dùng vocabulary thì phải mua sách tại amazon thì mới xài được. shop tặng thêm case, pin xài lâu mình đọc mấy ngày mới hết tùy vào thời gian sử dụng. Máy lúc đầu hơi khó xài nhưng lên .ạng search cách dùng là xài được ngay. Tiki giao hàng nhanh, đúng dự kiến. Máy còn nguyên seal.",5
9053069,"Bao da cực đẹp, rất thích. Kindle paperwhite đời mới này nhẹ hơn đời trước 1 tí, xài rất mượt, rất đã. Kích thước thì khác đời trước 1 tí nên bao da chỉ xài được cho hàng paperwhite trong combo này thôi",5
2986044,"Mình đang dùng rồi, rất ưng ý, hàng nguyên tem, mới. Cảm giác thay đổi được cách đọc sách, mang được cả tủ sách chỉ gói gọn trong một chiếc máy. Rất nhẹ nhàng tiện lợi.
còn có cả thư cảm ơn của công ty nữa. Rất chuyên nghiệp. Cảm ơn Techmorevn!!! Cảm ơn Tiki.",5
2736105,"Mình đã mua sản phẩm này, thật sự rất thất vọng. Màn hình tự động chuyển tứ tung, ví dụ mình đang đọc trang số 10 thì màn hình tự động nhảy liên tục qua vô số trang, mình phải chuyển lui lại trang số 10,chưa xong lại tự động nhảy tiếp. Màng hình nhiều khi đứng yên, phải nhiều lần tắt máy khởi động lại, pin thì rất mau hết không như giới thiệu.Trước kia mình đã từng gởi người mua từ bên Nhật về, Sài rất tốt, sau đó mình đã đem tặng cho e gái. Mình thấy Tiki cũng có bán nên mua thử, không ngờ lại kém quá. Bây giờ mình rất chán",1
3032188,"Mình mua hàng hôm 16/2, đến 20/2 thì nhận được. Máy mới, fullbox, ốp hươu khá đẹp. Nếu bạn chọn màu đỏ đun thì còn đẹp hơn. 
Thao tác sử dụng máy khá dễ dàng (bao gồm cả việc copy truyện vào máy). Mình khuyên bạn nào mua sau là nên vào trang chủ Amazon để đăng ký tài khoản cho dễ. Và để tiết kiệm pin thì nên bật fly-mode.",5
13526493,"Giao hàng nhanh, đúng sản phẩm
Shop hỗ trợ nhiệt tình",5
2222835,"Sản phẩm còn nguyên seal, tiki giao hàng trước 1 ngày, rất tiện lợi để sử dụng, đi đâu mình cũng mang theo được nhưng mình có hơi hẫng chút về chức năng vocabulary builder vì nó chỉ áp dụng cho những sách mua tại amazon, sách copy vào thì không hỗ trợ. dù sao thì vẫn ok, không vấn đề gì cả!",5
16608546,Mua bao da màu đỏ. Mà gởi bao da màu xám. Chưa bik chất lượng ra sao. Mà thấy sai mẫu mã rồi. 1 sao,1
2440532,"Về giao hàng:
Mình rất hài lòng vì nhận hàng sớm hơn dự kiến và trước khi giao hàng tiki có gửi tin nhắn cho khách hàng.
Về sản phẩm:
Mình khá hài lòng về sản phẩm. Thực chất, khi mình trải nghiệm thì màn hình cảm ứng của kindle sẽ không nhạy bằng màn hình cảm ứng của các sản phẩm điện tử khác như smartphone và máy tính bảng ( tuy nhiên dùng dần rồi mình cũng quen).
Mình có thử tải sách tiếng anh từ laptop qua kindle bằng định dạng PDF. Mình cảm thấy file chữ khá ổn và có hỗ trợ dịch từ điển nữa. 
Nói chung,  hiện tại mình khá hài lòng về sản phẩm này.",5
7915590,Nhình chung máy dùng rất ổn chỉ có điều vận chuyển lâu quá 6 ngày mới tới tay ?,5
3543182,"Khi yêu cầu xuất hóa đơn đỏ, bên nhân viên đã gọi cho mình và yêu cầu xuất hóa đơn qua loa bluetooth. Ngoài ra nhân viên có vẻ thích quát vào điện thoại. Vô cùng không hài lòng về customer service ở trung tâm và người xuất hóa đơn, mong bạn bình tĩnh hơn khi nói chuyện vì bạn quá thô lỗ.",1
7796427,Trừ việc mỗi khi sang phần khác là máy lại flash lên khá chói mắt thì kindle đọc sách rất oke. Bao da cũng được trừ việc không có nam châm hút nên bao nhìn hơi lỏng lẻo tí,5
2468990,"Máy đến nay xài tốt. Mình lần đầu sử dụng chưa quen nên có chút hiểu lầm gửi máy đi bảo hành cũng lằng nhằng hơi lâu nhưng cuối cùng đc 1 anh kỹ thuật giải thích rõ ràng.

Bao da hơi bị đẹp, chọn màu đỏ đô không ngờ nó đẹp đến thế.",5
3161575,"Máy đọc sách quả thật như mô tả! Mua từ tháng 8 năm ngoái (2019) đã trải nghiệm khá lâu nhưng mãi đến bây giờ mới có thời gian viết vài lời bình. Máy xài tốt, bao da trông khá cổ điển, khiến mình rất thích. Về chức năng, khá tiện dụng vì là học sinh 12 nên khối lượng tài liệu cần in phải lớn, thế nhưng có Kindle trữ bớt cái đống ấy thì vừa đỡ tiền in, vừa đỡ phải vác cả đống bài đi theo khổ cực! Đọc tài liệu hoặc truyện tiếng anh thì vẫn có chức năng tra từ điển, chỉ có là nếu đó là cụm thì phải tra từ rồi note lại ~ nhưng không sao! Trải nghiệm với máy đều tuyệt mặc dù chưa có cơ hội trải nghiệm thử với chức năng Audio Book. HIỆN TẠI THÌ EM ĐANG CẦN PASS LẠI MÁY ĐỌC SÁCH, BAO GỒM CẢ BAO DA VỚI GIÁ 2TR500 VÌ LÍ DO CẦN MUA MÁY TÍNH ĐỂ HỌC! ANH CHỊ NÀO CÓ NHU CẦU CÓ THỂ LIÊN HỆ VỚI EM QUA FACEBOOK: https://www.facebook.com/profile.php?id=100010912992495 HOẶC QUA SĐT: 085 8585 072 (ZALO)",5
3071516,"Sản phẩm còn nguyên seal trong hộp, cả máy và bao da đều rất tốt. 

Nhưng về phần đóng gói sản phẩm mình thấy shop xử lý cực kì chậm. mình chưa từng mua hàng tiki mà phải đợi lâu như mua ở shop này.  1 sao để shop lưu ý vấn đề này nhá.",1
2973864,"Mình đặt mua máy từ ngày 5/2, mà mới đến 8/2 là có hàng rồi, thật sự thích khoản giao hàng nhanh chóng này. Kindle dùng ổn, có thể tra từ điển dù không mua sách trên Amazon. Cổng sạc cũng là đầu cắm Samsung nên rất tiện mỗi khi mình muốn sạc Kindle. Bao da đẹp là điểm cộng lớn nữa. 
Thêm nữa, nếu muốn dùng lâu hết pin thì các bạn có thể để chế độ máy bay á. Mình cảm thấy để chế độ kết nối internet cũng không cần thiết lắm, vì đa phần mình tải sách về máy trước rồi mới chuyển sang Kindle. Nói chung rất hài lòng nè.",5
3358131,"Chất lượng sản phẩm tốt, có từ điển anh anh sẵn, sách free phong phú và tương đối nhiều có thể đung OTG để tải về sách có sẵn, phong chữ tùy chỉnh tốt, ánh sáng tốt, pin để chế độ máy bay dùng được hơn nửa tháng, hình thức đẹp, vận chuyển tốt",5
18275747,"ốp đẹp, tiện. chất lượng máy tuyệt vời",5
8279630,Giao hàng đúng hẹn. Sp như hình. Mới sử dụng nên chưa có nhiều trải nghiệm để chia sẻ chia tiết hơn.,5
2593681,"Sau khi mua và sử dụng được hơn 1 tháng, tôi khá hài lòng về chất lượng sản phẩm.
Những điều tôi đánh giá cao ơ máy đọc sách này: màn hình pape-like dễ chịu với mắt cận thị như mình, dung lượng pin tốt, có thể bổ sung những từ điển học tiếng Anh thay cho những từ điển có sẵn.",4
13195646,"Giao hàng, hàng đẹp, bọc hàng cẩn thận, phải cái là rõ ràng mình mua trả góp nhưng cuối cùng lại thành trả thẳng.",4
10271506,"Hàng nguyên seal, nhỏ gọn, xinh xắn.",4
18440653,"Điện thoại thương hiệu Samsung xứng đáng với số tiền bỏ ra. Màn hình ổn, loa to rõ, ứng dụng cơ bản xài mượt, hạn chế chơi game nặng, chụp hình đẹp hơn Xiaomi trong tầm giá. 2 triệu hơn lại được giảm giá không đòi hỏi gì hơn vô cùng hài lòng để tiền dư mua thêm ốp xịn xò",5
18341757,"May nho gon,dep va hoi tron...man hinh on,xai it app nang ,ko choi game..chup hinh vo van luot mang FB ZL doc bao xem tin on...ko bi giat lac nhu may nokia...chup anh dep hon xiaomi..trong cung gia...",5
18387047,Tuyệt vời,5
18689076,Chụp hình ko ưng lắm,4
18459568,dùng cũng được,5
18473285,rất tốt,5
17554340,"Về dịch vụ giao hàng của Tiki rất tốt, nhanh và đảm bảo về sản phẩm.
Về Máy tính bản Samsung Galaxy Tab S6 Lite, đánh giá sau 1 tháng sử dụng với các tác vụ cơ bản như xem tin tức, nghe nhạc, viết lách, sựu tập,...(không chơi game)
_ Đáp ứng các nhu cầu cơ bản như xem tin tức, nghe nhạc, Youtube,...rất tốt
_ Phần ghi chú ở mức ổn.
_ Trải nghiệm đa nhiệm còn rất hạn chế, tốt nhất là không nên dùng (rất lag)
_ Màng hình hiển thị ở mức khá ổn.
_ Kết nối này nọ Wifi, Bluetooth đều oke
_ Nhiệt độ của máy khi sử dụng cũng không quá nóng
_ Di chuyển giữa các tab còn khá lag.
Lời khuyên:
_ Nên dùng với những tác vụ cơ bản.
_ Không nên đặt quá nhiều kì vọng vào trải nghiệm mượt mà và đa nhiệm.",4
17512548,"Máy đẹp. Tuy nhiên ko đc mượt, dễ nóng ở phần dưới camera mà rõ là máy mới. Nói chung hơi thất vọng xíu",4
17322341,"Hàng mới nguyên kiện, sài mượt, rẻ, đẹp, còn độ bền và chất lượg để tgian sau mới biết dc",5
12421695,"Mình mua máy cho bố mình xài đọc báo, xem mạng và sử dụng đơn giản nên thấy rất ưng. Máy ở ngoài khá to và đẹp, cũng nhẹ nữa ^^ nói chung là rất hợp lý với giá tiền nha!",5
16324102,"Hàng ok, giao nhanh",5
18541979,"Dung lương pin 7k, nhưng lại mau hết pin :))) máy chậm hay tắt mh ko lý do",4
17249828,"May lien tuc bi thoat ra khoi cac ung dung khi dang su dung, Tiki vui long liên hệ tôi để đổi máy giúp. Tks",1
17823392,"Hàng full box, gửi hàng nhanh. Máy xài rất đã.",5
17337091,"Máy tính bảng có sẵn bút cảm ứng, sử dụng mượt.",5
11917001,Máy ổn. Cảm ứng không nhạy cho lắm. Bút cảm ứng khá tiện. Không có cảm ứng vân tay nên khá phiền khi mở. Chơi game thì không kiến nghị. Âm thanh lớn và ổn,4
12787202,Giao hàng lâu. Phải gọi nhiều lần. Mình mua dùm mà bị hối miết. Hàng nguyên hộp hi vọng shop làm ăn uy tính,5
17621568,"Giao nhanh, đúng chất lượng sp",5
12741738,"Máy yếu, chạy chậm. Cảm ứng không nhạy, hay bị đơ. Mau hết pin, để qua đêm cũng mất 20--30% pin. Ít sài mà ngày nào cũng phải sạc.",2
17581456,Quá tuyệt vời. Mua hộ thằng cu em nó thích lắm,5
17243387,Ok,5
16749799,"sản phẩm như hình, giao hàng nhanh",5
17379858,Rất tốt,5
15675446,Tốt,5
18080298,hàng chính hãng chất lượng,5
19110097,"điện thoại tốt
nhưng tai nghe khuyến mãi kèm theo thì hỏng, không dùng được",3
17739910,"hàng nguyên seal. thanks shop. phục vụ nhiệt tình. giao hàng cực nhanh. cho 5 sao. có cái là đời này chuông nhỏ hơn đời cũ, chuông k hay lắm. dù j cũng hài lòng",5
13572423,Đúng chất lượng sản phẩm cám ơn tiki,5
4744531,Sản phẩm cũng không ok lắm,4
5090435,Giao hàng nhanh chóng,5
16987497,Máy nguyên seal. Mất khoảng 20 ngày kích hoạt bảo hành trước. Mà giá rẻ hơn khá nhiều. Chấp nhận đc. Màu xanh đẹp mê li luôn.,5
18290753,sản phẩm tốt,5
18025484,Hàng chính hãng.máy chắc chắn.loa to rõ giá cả hợp lý..4G ổn định,5
13798775,"Sản phẩm OK nhưng đối tác giao hàng Best Express quá tệ. Giao hàng chậm hơn ngày dự kiến, nhân viên không cho đồng kiểm khi nhận hàng mặc dù sản phẩm đã được thanh toán hết sẵn. Sợ lắm cả nhà ơi, điện thoại là hàng có giá trị cao mà ko cho đồng kiểm rùi giao cục gạch thì sao. Xin bye bye Tiki, sợ lắm rồi.",1
12606624,"Ưu:
Nhập khẩu Chính hãng bởi dgw. Máy dùng tốt.

Nhược:
- Thời gian giao hàng quá lâu. Mất gần 1 tháng(9/9~30/9). Mất điểm. Đề nghị tiki sớm cải thiện.
- Nhân viên hỗ trợ của tiki không lắng nghe khách hàng. Mất điểm 
- Chính sách không nhất quán: tiki cho phép khách hàng đồng kiểm, nhưng phía giao hàng và người bán không cho đồng kiểm: họ nói nhận thì nhận không nhận thì để mang về. Mất điểm. Đề nghị tiki nếu thay đổi chính sách thì sớm công bố để khách hàng biết, nếu ko thì phải có biện pháp để tránh tình trạng này xảy ra. Làm khách hàng ức chế.",2
14607034,"Sản phẩm full box, chính hãng. Cửa hàng hỗ trợ cực kỳ nhiệt tình, dù không có màu trắng nhưng màu xám cũng khá ok.",5
14797640,điện thoại mượt mà,5
14349545,Máy đẹp và dùng rất ổn. Hơi buồn là hàng đã bóc seal còn lại dịch phụ rất tốt:,5
14073260,Hàng đã bóc seal hộp.thấy có vết sước nhẹ.bảo hành 18 tháng cũng yên tâm.tốt nhất ko nên mua ở tgdd.mua 2 lần toàn ko có seal,1
15262373,"Máy xài ok, pin trâu, chơi game hơi lag",5
14813077,sử dụng được 1 tháng sp chất lượng hợp với giá tiền nên mua 👍👍❤❤,5
14068031,"hàng ok phù hợp với túi tiền, tích xu mua ipad sau",5
13938712,"máy ổn, nv giao hàng nhiệt tình, đến giờ mọi thứ vẫn rất ok",5
14143829,"Điện thoại xài tốt, giao hàng chuẩn, cảm ơn tiki & tgdđ",5
14334382,ảnh chụp đẹp,5
14553442,ok,4
14472851,Nói 1 đằng làm 1 nẻo. Ko nhận dc hàng,1
15139526,"giao hàng nhanh,sp chính hãng",5
13925965,"Máy dùng tốt, cấu hình cao giá hợp lý",5
14629748,giao hàng nhanh đúng mẫu,5
15601801,tạm ổn,5
15343670,máy tốt.,4
14580888,Giao hàng nhạn,5
15278094,Ok,5
14428618,giao hàng nhanh,5
17039432,"Mình mới rước em nó về chiều nay. Ấn tượng đầu tiên khi mới sử dụng là bút viết rất mượt, mình gần như không cảm thấy độ trễ khi sử dụng. Còn có bền hay không thì phải sử dụng một thời gian nữa mới biết được",5
5390045,"đàm thoại tốt, chữ hiển thị trên màn hình bé xíu à
màu đen sang chảnh, cảm giác bấm số nặng tay quá. 
làm ơn xuất giùm hóa đơn cho mình với nhà bán ơi..... ko có hóa đơn làm sao mà thanh toán được với công ty đây.....",5
16072850,"Sản phẩm nhận như quảng cáo, mới xài được 3 ngày nên cũng chua thể nói là ổn. Vẫn ủng hộ xếp 5 sao",5
1929679,"Điện thoại có âm lượng phát to, rõ. Tuy nhiên âm lượng thu vào thì lại không rõ, vì vậy người nghe đầu dây bên kia có nhận xét là âm lượng điện thoại nhỏ, nghe không rõ.
Ngoài ra, để có thể sử dụng đầy đủ chức năng của điện thoại (hiện số cuộc gọi đến, thêm danh bạ vào điện thoại,...), thì cần mua thêm 3 cục pin để vào. Nội dung này không hiển thị trên web, lúc mua về mình mới biết, lỡ rồi nên dùng luôn.
Tiki cần yêu cầu nhà cung cấp bổ sung thêm thông tin này để tránh khách hàng khác hiểu lầm như mình.
Ưu điểm: Giá thành phù hợp, phím bấm to, đường truyền khá ổn định.",4
2297914,"Điện thoại hình thức đẹp, loa to rõ ràng, chuông kêu to. Chỉ hơi tiếc là ko kèm theo pin. Khi không có pin thì không hiển thị được màn hình, không lưu được số điện thoại. Nhìn chung là ổn",5
3895297,"Mua về mấy bữa hư luôn. Không gọi được, gọi cũng không chuông hay báo gì hết. Hàng kém chất lượng quá.",1
5903183,"Chua nhận được hóa đơn đỏ, vui lòng gửi về email: hoaabipha@gmail.com",3
9651101,"Âm lượng nhỏ, khó nghe lắm!",3
10257430,"Đơn giản, đẹp",5
10737906,Dùng ok,4
6305599,Sản phẩm tốt cho người sử dụng!,4
4166586,sản phẩm tốt giao hàng nhanh shop  hỗ trợ nhiệt tình!,5
5945365,Đt tốt. Nghe rõ,5
18836779,"Hàng chính hãng, chất lượng tốt",5
14977033,Máy mở ra rồi nhưng không kích hoạt bảo hành được. Tiki trading lại không có chỗ để bấm chat. Online và chat trực tiếp đến trung tâm Bảo Hành điện tử - điện thoại của Samsung họ cũng không kiểm tra được sản phẩm. bảo liên hệ với Tiki. Như vậy tôi phải làm sao??? ( tôi mua đến 3 máy để cho tặng. ),2
18379738,"Điện thoại đẹp, phù hợp với túi tiền, mua cho ba mẹ xài rất tốt, tiếc là không có thêm ốp lưng, tiki giao hàng nhanh chóng tận nơi, gói hàng rất kĩ , rất yên tâm về chất lượng phục vụ của tiki",5
18290658,"Giao hàng rất nhanh, máy đẹp, nhiều tính năng, camera tốT. Nói chung là ổn trong tầm giá",5
17643724,"Sản phẩm chính hãng, giao hàng nhanh, đóng gói cẩn thận, giá ưu đãi, tuyệt vời!",5
18302371,"hàng dễ vỡ mà gói hơi sơ sài, nguyên seal, k dc tặng ốp đi kèm",4
18197383,Máy nguyên zin.nguyên siêu.hàng chính hãng.cảm ơn tiki đã giảm giá,5
18435268,Cứ tưởng Hàng sản xuất tại Việt Nam nhưng không phải mà sx tại Trung quốc nản,3
18602031,"Sản phẩm ok,  .giá hợp lý..rất đáng mua. shop phục vụ tốt, thời gian giao hàng nhanh.",5
18206144,"Máy giao nhanh mua cho em k thấy nó ý kiến gì chắc là ổn. Khá đẹp , sr hình ảnh k lỉne quan",5
18486645,"Mình mua cho ông nội dùng nên không có ảnh, có test qua thì thấy dùng cho ng già khá ok. Camera k được đẹp lắm, tạm",4
17317366,Tiki giao hàng rất nhanh. Mình ưng lắm. Máy tốt. Shiper dễ thương. Cảm ơn nhiều nhé,5
17130471,Giao hàng nhanh. Đóng gói cẩn thận. Điện thoại dùng rất mượt. Hài lòng về sản phẩm và dịch vụ của Tiki Trading,5
18496884,"Chính hãng, nguyên seal, rẻ nhất phân khúc, hàng samsung chuẩn ổn",5
16695421,điện thoại dùng cơ bản nghe gọi lên mạng ổn nha. pin cũng lâu hết.,5
18276055,"Điện thoại đúng chất lượng như mô tả, chuẩn chính hãng...5sao",5
17658143,"Lần thứ hai mình mua điện thoại của tiki rồi, cứ dùng ít bữa là hư thôi",1
18144129,Hình thức chăm sóc khách hàng cự tệ chẳng ra làm sao,1
17571058,"Giao hàng nhanh, bọc cẩn thận.",5
18501276,tốt,5
18248107,Khá tốt,4
17784657,Ok sai tam dc nhe cac ban,3
18713650,Sản phẩm dùng rất ok,5
18485266,Sản phẩm tốt giá phải chăng,5
16472360,"Điện thoại nhỏ gọn, nghe rõ, sài rất tiện.",5
17723747,"Máy đẹp, pin ổn, dùng rất mượt mà. Nói chung ok lắm.",5
17558857,"máy mới 100%, giao hàng nhanh",5
17952823,"Máy dùng rất tốt, trải nghiệm hay",5
18291574,"khả năng kết nối wifi cực kém. Cùng 1 khoảng cách khoảng 4-5m cách cục phát wifi thôi mà không load nổi video trong khi dt cũ của mình và các dt khác trong nhà đều kết nối load bình thường. Quá thất vọng, đây là cái dt samsung cuối cùng mà mình mua.",1
18113674,Hàng chính hãng bảo hành đầy đủ 12 tháng nhé ae,5
18045531,Rất hài lòng,5
16207679,"đẹp, màng hình rộng, pin trâu, giao hàng nhanh hơn dự kiến. Dự kiến mua thêm sản phẩm này, ae nên ủng hộ shop này nhe!",5
19134165,"sản phẩm giao nhanh, chính hãng, đóng gói cẩn thận cho 10 sao.",5
17259856,Máy ok trong tầm giá,5
18667374,thương hiệu đại chúng. uy tín. chất lượng cao. bền,5
17055883,hàng chất lượng và giá cả hợp lý,5
16569508,Good,5
15448071,ok tốt,5
15448076,ok tốt,5
17398275,"Hàng tốt, sử dụng lâu sẽ gửi thêm đánh giá",4
17926470,dùng bền,5
19410019,"Máy ổn, đóng gói cẩn thận",5
16443234,"Hàng quá đẹp. Hàng chuẩn, chính hãng. Sẽ tiếp tục ủng hộ shop!",5
18853374,"Giao hàng nhanh, máy nguyên seal, có tem nhập khẩu đầy đủ...
Tóm lại hàng chuẩn.",5
19061804,"Đt mua cho gia đình nên chưa test, đt mới đẹp xài ok ạ. Được phản hồi như vậy nhé",5
19139430,"Tốt, máy rất hợp lý cho các cụ trung niên",5
18736675,bạn shoi oi dt sd như thế nào ko thấy chỗ bỏ sim nhắn tin ko thấy phản hoi gi cả,3
18568754,Sản phẩm tốt,5
13578539,"Hàng xài ok, mẫu mã đẹp, gói hàng cẩn thận",5
16760872,"Sản phẩm giống hình, ship hơi lâu",5
16500152,sản phẩm có chát lượng tốt.,5
13453325,Sao điện thoại về nghe nó rè rè vậy shop,3
16122894,Rat ok,5
13643055,đt mới mua nay bị lỗi ko kết nối,1
13155707,"Giá tốt, hàng đẹp tuy hơi nhỏ",5
12832128,tốt,5
16123689,"máy đẹp, nguyên seal, chất lượng tốt, mọi thứ ok nha",5
18321524,"Sản phẩm mới, nguyên seal, giá rẻ, xài rất ok.....",5
18176586,"Quá đẹp giao hàng nhanh , xịn nha , sẽ ủng hộ tiếp",5
18964327,"Hàng ok, chất lượng chính hãng. giá rẻ so với điện máy",5
15578688,Sản phẩm ok,5
18803779,Đt như shop quảng cáo rất hài lòng,5
18537954,Hang đep quá tuyệt voi.,5
17997644,Đẹp như mô tả dùng cũng ok,5
15990815,"tuyệt vời lắm, mà máy hơi lag vì ram ít thôi. còn lại OK hết",4
18350869,"tốt, đẹp",5
18623126,OK,5
18324271,Máy chính hãng. Full hộp.màn hình to.đẹp.pin trâu. Shop đóng gói chắc chắn. Gh nhanh,5
13299425,Điện thoại rất thích,5
3804923,"Điện thoại bàn không dây Panasonic KX-TGF320 - Hàng Chính Hãng. Hàng giao nhanh, đảm bảo chất lượng cam kết, đã mua 2 con, nếu có nhu cầu sẽ mua tiếp ủng hộ shop",5
14508419,"Hàng chính hãng, giao nhanh",5
4951567,Tính năng cao cấp thật nhiều; làm tổng đài điện thoại nhỏ rất dễ thương,5
9468865,Hàng dùng tốt,5
15430469,Sản phẩm đẹp,4
15061715,hàng ok,5
12713632,"Từ ngày đặt hàng đến lúc nhận là 27 ngày, hàng vận chuyển từ HCM mà phải gửi đến Cần Thơ cả tuần mới chuyển ngược lên Đồng Tháp. Hàng gói như đồ chơi, không có bao bộc thêm 1 lớp nào giảm va chạm. Tôi có cảm giác như mình không được tôn trọng như một khách hàng.",1
9327984,"Hàng chính hãng giao nhanh
Cấu hình ổn pin tương đối ngon với màn amoled
Hoàn thiện tốt, lưng nhám mờ với mfu trắng cầm rất đã, màn hình ngon, lỗ camera đục vừa phải, cụm cam sau thiết kế đẹp vãi mỗi tội chỉ có phần màu đen là kính còn lại là nhữa vô cùng dễ xước. 
Túm lại là ngon trong tầm 4,09tr giao nhanh, chuẩn chỉ.
Nhân viên ngoan dễ bảo, xem tý là chị chị em em rồi :))",5
11103855,"cực kỳ hài lòng. thiết kế đẹp. loa nghe nhạc cực hay. rẻ nhất trong phân khúc này. mình rất ưng ý từ lúc xài con redmi7 đến giờ chưa bị trục trặc lần nào luôn.
có điều mình thắc mắc là tiki đã kích hoạt bảo hành cho mình chưa. mình không thấy thông báo gì cả. làm sao biết mà bảo hành",5
10284399,"máy dùng rất thích, nhẹ, mượt, pin trâu lắm, xài 1 ngày vô tư không lo phải kè kè sạc như những dòng khác. lời khuyên cho các bạn mua về hãy cập nhật bản sửa lỗi mới nhất và reset máy lại, sẽ không bị lỗi đục màn hình khi thỉnh thoảng sử dụng nữa",5
10043781,đặt chiều 27-5 tới chiều 29-5 đã có hàng bắc giang có dịch mà tiki vẫn giao được may quá. hàng chính hãng nguyên siu nhé các bạn điện thoại chưa trải nghiệm nhiều nên chưa có nhận xét,5
9896067,"Sản phẩm nguyên seal nha mn. Tiki giao nhanh. Màu xám nhìn ngoài đẹp thật sự, đẹp hơn trong hình nhiều.",5
9037828,"Một số nhận xét sau hai ngày sử dụng:
Cảm ứng bị lỗi khi lần đầu bật máy, nhưng sẽ hết sau khi khởi động lại
Pin hết nhanh
Camera chất lượng trung bình
Màn hình đẹp, nhưng màu sắc không rực
Đôi khi bị lag khi chuyển ứng dụng
Có loa kép, nhưng chất lượng nhạc trung bình
Cho 5* vì chất lượng phục vụ của Tiki, sản phẩm chỉ 4*",5
11109478,"Mới dùng thấy cũng khá ổn, cảm ứng mượt, sạc tầm gân 2h là đầy, dùng đc tầm 1 ngày. Có ốp đi kèm nhưng khá èo ọt. Lúc sạc máy bị nóng, k biết có phải sản phẩm lỗi k hay máy nào cũng vậy",3
10194354,"Sản phẩm nguyên seal, chỉnh háng DGW, máy ổn trong tầm giá.",5
9552309,"Chiếc điện thoại tốt nhất trong phân khúc tầm trung, dùng rất êm và mượt. Hên là tính mua con redmi note 9 nhưng lăn tăn chưa mua vì xấu, thì con này vừa ra mắt mình mua luôn không ngần ngại chi nữa :3",5
10007476,"Tiki có giá tốt, giao hàng nhanh. Đóng gói cẩn thận. 
Chất lượng máy còn tùy thuộc vào nsx, sẽ theo dõi sau.",4
12404353,"Máy ổn, ngon, màu xám cực đẹp, tiki bán giá tốt nhất lại có hàng sẵn. Giao 2h siêu nhanh",5
11296319,"Giao nhanh, chưa tới 24h. hộp nguyên seal. Tiki có thêm OTP để đảm bảo đúng người nhận. về chất lượng thì phải dùng thử mới biết.",5
12499538,"xem review khá nhiều về con này, đã nhận được hàng, chưa sử dụng, nhưng vẫn đánh giá năm sao vì có thứ mình thích",5
11861365,"Sản phẩm dùng OK. nhưng giáo hàng quá lâu, đặt 28/7 đến 11/8 mới nhận được hàng",3
11381473,Hiện tại mình đã nhận được sản phẩm và sử dụng được 1 ngày nhưng có nhiều lỗi và vấn đề về máy không biết shop có hỗ trợ đổi hàng không ạ?,5
11998609,"lần 2 mua điện thoại trên Tiki mà không phải lo lắng về chất lượng, giá cả và cả vấn đề vận chuyển",5
9329600,"mới nhận máy hồi chiều , tầm 4tr mình thấy máy tạm ổn, tốt hơn mấy con cùng giá khác nhiều",4
13350277,Hàng đóng seal lại. Thực sự rất tệ,1
9828888,"Sản phẩm okey nhất trong phân khúc tầm trung, mình mua 1 cái mình dùng được nên mua thêm cho mẹ với cô xài luôn á",5
10064220,"Xài được gần tuần khá mượt, cam chụp đẹp, phù hợp giá tiền, good ??",5
12577843,Điện thoại nhập khẩu chính hãng của cty Thế giới số. Giao hàng khá lâu nhưng chất lượng sản phẩm hài lòng.,5
10367555,"điện thoại đúng mẫu, đủ số lượng. dùng một thời gian mới biết có bền không, dòng này khá ổn.",5
8309233,"Nhỏ nhẹ xinh. Giao hàng siêu nhanh, bọc gói oki. Hỏi shop tư vấn nhiệt tình.
Về tính năng và pin thì phải sử dụng lâu lâu hơn mới Review được.",5
10443150,"sản phẩm rất nhẹ.hành nguyên seal.bao da cũng rất đẹp,nhưng mang vào thì hơi nặng tay tý,dc cái an tâm hơn cho máy.",5
14853920,"Perfect
Pin thấy chưa được tốt như quảng cáo nhưng chơ thêm mấy hôm xem sao
Nghe nói là time đầu cần update",5
11129902,"Máy nhỏ, gọn, nhẹ, rất đẹp và dễ dùng nữa. Bao da rất chắc chắn. Rất thích! Cảm ơn shop!",5
11221443,"Sản phẩm dùng tốt, y như mô tả, chỉ có màu bọc da khá khác trên hình ảnh mô tả, dù vậy sản phẩm vẫn rất đang mua",5
9586209,"Bao da đẹp, shop tư vấn nhiệt tình. Máy mới đẹp có sẵn một số từ điển.",5
14882965,sp tot,5
16576495,ok ổn định,5
12207763,sản phẩm phản hồi tương tác người dùng khá chậm,3
6071010,"Từ ngày mua Kindle mình đọc được nhiều sách hơn hẳn, cũng chăm đọc tiếng anh hơn và kinh tế hơn nữa.",4
9252482,"Máy đẹp, bao da đẹp",5
10048359,"Củ sạc đâu shop ơi
Sao chỉ có mỗi dây sạc?",5
3049256,hài lòng về dịch vụ và sản phẩm. Tiki làm viêc rất ổn. xin cảm ơn.,5
11890239,"Tuyệt vời, shop uy tín.",5
10820953,rất tốt!,5
8813506,đọc sách buổi tối dễ chịu,5
10461689,Very good,5
9741456,Rất ưng ý!,5
10269252,khi tôi gọi điện cho người khác thì giọng nói của tôi không thật như bình thường đối với người nghe,3
19050936,"Giao hàng nhanh, đóng gói kỹ, máy còn seal, đẹp. Cảm ơn shop",5
16595174,"giao hàng sớm, hàng đóng gói kỹ, nhân viên giao hàng dễ thương",5
16520670,"mình mua máy cho mẹ mình dùng  máy còn nguyên seal, như mua hàng mới vậy. Về hiệu năng thì thấy ổn trong tầm giá, pin trâu, màn hình lớn phù hợp cho người lớn tuổi sử dụng với tác vụ đơn giản",5
17931626,Rất ổn trong tầm giá. Giao hàng nhanh. Hộp ngoài hơi móp nhưng hộp điện thoại không sao. Nói chung làm tốt công việc với mức giá tốt. Điện thoại thực dụng và tiết kiệm kinh tế.,5
18245088,Giao hàng nhanh. Máy nguyên seal rất hài lòng với Tiki @@,5
17813640,"Không thích điện thoại, nhưng thích cái gía bán của tiki. Nguyên seal nhé.",4
18634599,hàng không đc chất lượng lắm cam bị mờ,1
18975595,Dt ok,5
17937891,Điện thoại dùng tốt so với mức giá,5
18235344,"Máy tốt, giá phải chăng",5
15809582,"sản phẩm rẻ, phù hợp giá bình dân, đầy đủ cho nhu cầu cơ bản!",5
16938010,Đẹp lắm,5
16319337,shop giao hàng nhanh và dịch vụ chăm sóc khách hàng tốt,5
17806498,Máy đẹp,5
16846032,sản phẩm ưng ý,5
16003374,Sản phẩm tốt. Giao hàng nhanh.,5
17046010,ok,5
17543566,vì giá cả hợp với tôi,5
16391539,đẹp,5
15779811,"Hàng tốt, giao nhanh, nhà bán hỗ trợ tốt.",5
17798853,"Hàng nguyên đai nguyên kiện, bóc seal rất đã luôn. Máy nhỏ gọn, dễ mang theo, đọc đủ tư thế, ban đêm đèn không chói lóa như điện thoại nên rất dễ đọc. Màn hình mượt mượt, pin ổn không phải sạc thường xuyên nhưng tới dưới 10% là máy k cho đọc nữa phải đi sạc nha :) đi kèm máy là 1 tờ hướng dẫn siêu chi tiết của shop luôn. Mình chỉ cần cài font và từ điển, sử dụng trình duyệt của máy nên mình chưa phải hỏi shop gì, đọc hướng dẫn là đủ rồi :) đã trải qua 2 đợt update nhưng shop cũng update font theo luôn nên mình không gặp trở ngại gì khi dùng máy. Giá máy ở đây rẻ hơn chỗ khác mà hong có gì phải chê hết :) đây là em máy đọc sách đầu tiên mình mua cũng hơi lo lắng vì shop hong có web riêng như những chỗ khác nhưng rất vui vì đã chọn tin tưởng shop. Chúc shop ăn nên làm ra nhập em Clara 2e về 🤣🤣 có thưởng tết mình quay lại hốt.

Xém quên cái túi tặng kèm của shop cũng dày dặn lắm, khuyến khích các bạn nên mua kèm cho an tâm :)))",5
18644531,"Máy mới rất đẹp ạ
Shop hỗ trợ nhiệt tình
Còn được tặng cả túi đựng máy",5
15143588,"hàng dùng tốt, máy mới nguyên seal",5
15943823,"Máy đẹp, nguyên seal, copy fonts, chép sách vào là chiến thôi",5
16792382,"giao nhanh hơn dự kiến, máy xài ổn.",5
15158702,Shop tư vấn nhiệt tình,5
16221938,"Máy xịn, nguyên seal. Shop tư vấn, hỗ trợ nhiệt tình.",5
17609731,Hàng tôt2,5
2793480,sản phẩm đúng yêu cầu tìm mua của tôi. chất lượng đạt yêu cầu.,5
1999880,"Bao bì tốt, hàng mới 100% độ tin cậy cao. Cần thêm thời gian để biết chất lượng sản phẩm",5
18092688,"Máy bị tắt nguồn khi xem/chỉnh sửa ảnh hoặc gmail. Tuy nhiên, Tiki giải quyết nhanh và thoả đáng khi thu hồi máy và hoàn tiền giúp mình yên tâm mua sắm vào lần sau.",3
18835493,dùng ok. giá rẻ hơn thegioididong hơn 1 triệu. Chụp ảnh rõ nét,5
19045643,"Máy ảnh kém, chụp ảnh xấu",3
18396870,đáng mua,5
10115070,Mới nhận máy mở ra tìm ngay cục sạc thì thui rùi...k thể đánh khác ngoài 1*.Shop nên sửa ngay và luôn cái thông tin máy trên tiki.Đừng làm ăn kiểu đó k bền đâu nhe. Rõ ràng ghi cổng sạc typeC mà sạc trong hộp là usb. Tiki cũng nên xem lại cách kiểm soát thông tin cho đúng sự thật.Nản kiểu làm ăn trời ơi này.,1
6332516,"Sau thời gian sử dụng gần 2 tháng mới dám viết nhận xét để chính xác và mang tính khách quan hơn.
Nghe gọi về âm thanh khá tốt.
Máy khá nặng, to, không khuyến khích cho những bạn bàn tay nhỏ.
Ngoại hình bắt mắt, nhìn khá sang trọng và đẳng cấp.
Màn hình hiển thị tốt, màu sắc tươi tắn, dĩ nhiên không mịn màng do chỉ dừng lại ở mức độ HD+.
Pin thì cực kỳ trâu, xài 4G liên tục mà gần 2 ngày mới phải sạc.
Khuyết điểm lớn nhất: 
Máy sử dụng cực kỳ lag, phản hồi chậm chạp. Máy mình hầu như không cài app nhiều, chỉ duy nhất 3 app: Zalo, Laban key, Now driver nhưng lúc nào máy cũng báo tình trạng bộ nhớ RAM 64-75%.
Khi có người gọi đến thì hầu như phải 2-3 giây sau khi chuông đổ, màn hình mới hiển thị để quẹt qua nghe hoặc từ chối.
Hầu như 1 ngày phải dọn dẹp bộ nhớ cả chục lần.
Thật tình trong phân khúc giá hơn 2 triệu, với riêng mình nghĩ có khá nhiều lựa chọn.
Không biết những người dùng khác thế nào, nhưng với mình, thật sự thất vọng về em Xiaomi Redmi 9C bản RAM 2GB này.
Trước giờ xài toàn Xiaomi và rất hài lòng, tuy nhiên sau khi mua em 9C này mình đã bắt đầu có suy nghĩ khác.
Trên đây chỉ là những cảm nhận và suy nghĩ cá nhân sau khi sử dụng tầm 2 tháng. Có thể có bạn đồng tình cũng có bạn không, nhưng thật sự với mình, mình không khuyến khích các bạn mua em này.
Chân thành cám ơn các bạn đã đọc tin.",2
15699581,"mua được với giá khá rẻ, đth xài hơn 1 tuần thấy ổn, đáp ứng tốt các tác vụ thông thường, gói hàng kĩ lắm mà mình quên chụp mất :(",5
16857415,"Giao nhanh
Mua về cho mẹ sử dụng
Mua ở tiki rẻ nhất nhanh nhất so với các nơi cung cấp khác",5
15507649,bình thường !!!!!!!!!!!!!!!,2
10422640,"Đóng gói trong thùng carton cẩn thận, Check thông số phần cứng, số iMei trên hộp khớp với trong máy, giá hợp lý trong tầm tiền 2tr. Đang test thử hiệu năng máy. Tks Shop.",5
5456508,"chất lượng sản phẩm tốt, pin bền, sóng khoẻ, giá phù hợp",5
16119671,"Điện thoại hay tắt khi đang trong cuộc gọi, thỉnh thoảng bên người nghe không nghe thấy gì, không rõ do lỗi sản xuất hay lỗi riêng của máy này.",3
10469983,"máy rất ok, quá tốt trong tầm giá",5
16369365,nhận sản phẩm ưng nguyên đai nguyên kiện. gói sản phẩm chắc chắn. sẽ dùng và phản hồi lại,5
16663036,"Hàng tiki traiding mua yên tâm, đúng hàng chính hãng, giao nhanh...",5
10086609,lát về bóc seal quay video up . giờ chưa nói gì được. hệ hệ,4
15202352,"Điện thoại dùng ổn, phù hợp với giá tiền và túi tiền. Hàng giao nhanh, nhân viên TGDĐ hỗ trợ nhiệt tình!",5
9994080,"Chưa sử dụng nhưng mới nhận, cảm quan ban đầu thấy thất vọng vãi về cái màu xanh chạng vạng này, ahuhuu. Niu ý cho bác nào nghe tên xanh chạng vạng nên suy nghĩ lại =))",3
11348543,"Mùa dịch nên giao hàng hơi lâu... Nhưng shop rất chu đáo, gói hàng chắc chắn, hàng như hình, chất lượng... Nên mua nha mn",5
17023568,"máy mới mà thấy hơi nóng, em video thôi cũng hơi nóng, sạc thì nóng rõ luôn.",4
13000559,"sản phẩm đúng như quảng cáo nhưng ko có tai nghe với ốp lưng,được cái đóng gói rất cẩn thận , tiki giao hàng cực nhanh",5
9264754,"giao hàng nhanh, anh shipper thân thiện. chất lượng điện thoại tốt, nguyên zin. mỗi tội không có code giảm giá nên mua hơi lỗ tí",5
16740579,"giao đúng thời gian cam kết, gói cẩn thận. hàng chính hãng mn yên tâm nha",5
15970814,"dt chạy rất mượt, âm thanh, hình ảnh rất tốt",5
16191622,"hàng chính hãng, cần thời gian sử dụng",5
15160970,Máy tốt trong tần giá. Nhân viên tư vấn nhiệt tình,5
6018989,hàng chính hãng đóng góp cẩn thận cấu hình tốt mua tặng người lớn tuổi làm quà ok. sản phẩm chất lượng chụp hình đỉnh trong tầm giá. 5sao,5
16125546,Điện thoại chụp con quá đẹpppp,5
19432634,Đặt vàng gold - shop giao đỏ xanh,1
18815820,Shop gửi nguyên hộp.máy đẹp .loa ngoài to.màn hình tương đối to và sáng..giá rẻ,5
16457443,cảm nhận máy loa to rõ.pin trâu shop tư van nhiệt tình.sóng khỏe..cho 5 sao,5
16478790,"Điên thoai tốt loa to , chu to phu hợp cho người già.",5
16682333,hàng ok đóng gói kĩ giao hàng nhanh ko,4
18566824,"Đặt hàng từ 27/12 đợi mãi đến 3/01/2023 mới nhận được. mà trước đấy đã nhắc shop cần lấy máy trước tết DL để đem về quê biếu PH. 
Chất lượng SP để time trả lời",1
3101915,Tiêu đề ghi điện thoại không dây nhưng là điện thoại có dây. Cùng do mình tìm hiểu ko kỹ. Thấy ghi điện thoại ko dây thì mua. Hỏi tiki thì bảo ko đổi trả dc. Sao ko ghi điện thoại kéo dài có dây để người mua ko bị nhầm lẫn.,1
13000364,"Cảm ơn anh chủ tư vấn và đóng gói hàng nhanh. Sản phẩm như hình, khá đẹp và dễ sử dụng.",5
2802736,"Hành đẹp chất lượng, đã dùng gần 1 tháng. Âm thanh nghe gọi tốt, máy chắc chắn. Tặng shop 5*",5
16702960,tốt,5
3487960,có 1 tay con hình như bị hư loa ngoài. ko nghe đổ chuông. còn tay còn lại thì bình thường. đang chờ tiki giải quyết. sau đó sẽ đánh giá lại,1
4838027,"Sản phẩm bị hư 1 máy tay con, loa trong không nghe được. Nhờ tiki liên hệ đổi trả dùm.",1
2650656,"Nhận hàng nhanh chóng, nguyên bộ, set up dễ dàng. Điện thoại dễ sử dụng. 
Giá rẻ hơn ngoài thị trường.
Nói chung mua hàng tại tiki mình hoàn toàn yên tâm",5
5959040,"Hình thức đẹp, cầm vừa tay, âm thanh tốt.",5
2834089,"1. Có yêu cầu hoá đơn VAT nhưng ko thấy trong thùng hàng.
2. Pin sạc cả buổi nhưng không lên vạch nào vẫn báo 1 vạch",5
2347062,Mua hàng trong thành phố mà hơn một tuần mới giao đến. Còn chậm hơn mua hàng từ nước ngoài. Nên cải thiện thời gian giao hàng nhanh hơn chút. Tks,4
4087425,"Sản phẩm chính hãng, chờ thời gian để biết thêm độ ổn định",5
3327098,"Hài lòng,điện thoại nhỏ gọn đẹp!",5
18345959,"Hàng rẻ,bền,pin trâu..món quà rất tốt dành tặng quý phụ huynh.",5
15894973,"Máy âm thanh cực to, phím to, chữ to, pin lâu rất thích hợp cho người già. Chỉ có nhược điểm cầm hơi nặng.",5
18569044,"Giao nhanh, máy đẹp, loa to
Ins: anhthu_than",5
14678459,"Sản phẩm giống như mô tả, xài rất ok, hy vọng mình sẽ mua được nhiều sản phẩm hơn nữa của shop",5
18867724,Đúng như hình,5
16308634,mình muốn đổi hàng vì mua 3 cái nhưng hỏng 2 cái. Bật không lên ạ,1
16998061,"Hàng dởm, hàng kém chất lượng",1
15351162,Máy nguyên hộp đầy đủ phụ kiện shop uy tín cảm ơn shop,5
15789629,"mẫu mã đẹp,đóng gói tốt,giao hàng nhanh,dán kính cường lực trước tốt, được tặng kèm ốp lưng dẻo, nói chung phục vụ tốt.còn máy có mượt, bền như quảng cáo không thì phải dùng mới biết được.",5
16819345,"Hàng chính hãng, còn nguyên seal và tiki giao hàng rất nhanh. chụp hình bao đẹp",5
16080103,"Nhận hàng nhanh, đóng gói kỹ",5
17068926,tot,5
17513683,Máy đẹp.loa to rõ.Bh dài hạn.hỗ trợ 4G thì ngon rồi. Giao hàng nhanh .shop tư vấn nhiệt tình. 5 sao,5
18159779,"Hàng rất OK đóng gói cẩn thận
Tên mác dính chăt
Mua lần 2 rồi",5
17568503,sp chính hãng.4g căng đét.shop giao hàng nhanh .pin tốt. loa to,5
18064429,"Mọi cái Sài điều Ok
Đóng gói cẩn thận",5
17528120,Shop giao hang khong dung màu em đặt . Hop mau nay giao mau khac . Haiz,1
13462831,"Dịch vụ rất tệ. Giao hàng ko đúng cam
Kết",1
18778626,Hàng chất lượng. Sử dụng ok,5
15294332,"shop đóng gói cẩn thận, hàng chính hãng, chuông to nghe gọi rõ, nv giao hàng vui vẻ nhiệt tình.",5
12367907,Nút bấm không nhạy,4
7219725,"Thật bất ngờ khi đặt tối thứ 7 mà sáng chủ nhật đã nhận được ngay ipad. Đóng gói rất đảm bảo, có gắn tem hàng dễ vỡ. 
Sản phẩm mới, hoạt động êm ái, rất đẹp. Tin tưởng Tiki khi mua bất kỳ sản phẩm điện tử như trước nay.",5
10430709,"Về thời gian và hình thức : Hàng giao lúc 10h ngày 15/6/21, sớm hơn Tiki dự báo 4-5h; Bao bì đóng gói rất chuyên nghiệp, chắc chắn, gọn gàng. Hộp full box mới tinh, nguyên seal, đẹp, đủ củ vàcáp sạc, sách hdsd; Nv giao rất lịch sự, nhiệt tình. Tiki đúng là Number One.
Về chất lượng : Vừa mới khởi động, rất mượt mà, sau vài ngày mới biết hết đc, nhưng rất tin tưởng Apple và Nhà cung cấp Tiki 
Xin cám ơn Tiki và chắc chắn tiếp tục mua sắm lần sau.",5
9682459,"Mình dùng nửa năm rồi mới quay lại đánh giá (đặt từ ngày 16/12/2020).

Hàng chính hãng, nguyên seal, tự mình active iPad. Mình chọn TikiNow để giao nhanh trong khoảng 2h cho nóng hổi và sẽ không có vấn đề móp méo khi giao cùng các sp khác. Cho đến giờ chưa có vấn đề gì, hài lòng về thiết bị.",5
8971062,Hàng mới. Đang nguyên bao bì luôn. Đang update mọi thứ để dùng đây. Chưa bAo giờ mất niềm tin về mua hàng điện tử giá trị lớn trên tiki. So happy. Cho 4* để 1 * còn lại sử dụng đã. Hiii,4
11256475,"Sản phẩm bị lỗi có hạt bụi trong màn hình, ngay góc cạnh vien man hinh có hiện tượng ám nhẹ màn hình. Mong tiki liên lạc lại vs mình chứ mình chứ lần đầu mua hàng điện tử thấy hơi bị thất vọng. Đã nt nhờ hỗ trợ nhưng vô vọng.....",2
6619347,"Hàng chính hãng,giao nhanh,đóng gói cẩn thận,nguyên seal.Bảo hành ổn,hiện tại thấy ổn,hi vọng máy ngon lành không cần quan tâm tới bảo hành.Mãi yêu tiki đã cung cấp sản phẩm tốt,chính hãng,chất lượng tuyệt vời cho người tiêu dùng.Giá rẻ hơn cả mấy cửa hàng chuyên bán điện tử điện thoại ở ngoài luôn.5 sao cho tikitrading!",5
5859552,"Mình đặt lúc 17h30 chiều và 20h tối nhận máy (mình ở nội thành Hà Nội), bác shiper bảo hàng đắt tiền bác ưu tiên ship trước để mai đi ship cái khác ? mình thấy các bạn chê Tiki gói hàng không bọc chống sốc mà nhét giấy vào nhìn xấu, nhưng với kinh nghiệm cũng bán hàng online và đã từng gửi hơn 20.000 đơn hàng thì mình đánh giá khả năng chống sốc của những miếng giấy vò viên đó khá tốt, vì nó cứng, thậm chí còn tốt hơn bọc nilon xốp nổ, hơn nữa nó không gây hại cho môi trường, mình ủng hộ điều này. Còn về máy iPad thì không có điểm gì để chê cả, y như quảng cáo ?",5
10328339,"hàng chính hãng,mới 100%
,nguyên seal,chưa active. giao hàng hơi lâu,đóng gói không được kỹ càng. Ipad dùng chất lượng cực kỳ tốt.",4
8675360,"Chính hãng sản xuất 2021 tuy nhiên đóng gói không chắc chắn, không có bọc ni lông chống sốc, đối với hàng điện tử thì đây là điều không nên, mình đánh giá 4 sao thôi",4
11417695,"Sản phẩm đóng gói ổn , giao hàng nhanh , lần đầu đặt hàng giá trị cao nên tiki , máy nguyên seal , mình dùng 1 tuần rồi mới đánh giá , máy dùng mướt  .Ủng hộ tiki trading.",5
11571171,Máy hơi có trục trặc lúc đầu do shop giao nhầm hàng demo cho mình nhưng đã nhiệt tình đổi lại. Nhưng mà mùa dịch nên shop cần cẩn thận hơn vì đi đổi rất khó khăn,4
10860758,"Sp dùng tốt, nguyên seal, giống hình. Hộp lót giấy chống xóc cho sp. Dịch vụ giao hàng tốt, ký nhận rõ ràng, cho khách kiểm tra hàng trước khi nhận. Cảm ơn Tiki.",5
7423649,"Hoàn toàn hài lòng về sản phẩm, giá ổn, mới cứng, nguyên seal mã ZA, còn nguyên bảo hành 1 năm!!!
Tiki giao hàng đúng giờ!!!
Sẽ tiếp tục sử dụng Tiki mua hàng điện tử trong tương lai, 5 sao!!!",5
9064204,"Máy chính hãng mới nguyên seal, ko có gì để phàn nàn về hàng hóa. Tiki chọn đối tác giao nhận khu vực tỉnh giao hàng chậm quá nên trải nghiệm mua sắm không được trọn vẹn.",4
11033295,"Giao nhanh. Đóng gói rất kỹ. Mở ipad ra còn pin 70%. Rất mượt.
Bao da đẹp đúng màu.",5
10049448,"Lần đầu mua hàng giá trị cao trên tiki, nhưng khi nhận hàng mở ra hộp bị móp sợ ảnh hưởng sản phẩm bên trong, rất may là máy còn nguyên vẹn. Máy mới kích hoạt bảo hành đến 22/5/2022 của apple.",5
7647152,"Tiki giá tốt nhất thị trường rồi. Giao hàng nhanh (mình chọn 2-3H hỏa tốc). Bao bì đóng gói sản phẩm ổn. Mã sản phẩm ZA/A (hàng Sing)
Bạn nào muốn mua ipad phục vụ sở thích vẽ vời thì nên mua thêm miếng dán màn hình paperlike thì sẽ thích hơn nha ☺️",5
7545163,"Hàng gói cẩn thận, nguyên seal, tem đầy đủ. Hộp giao đến nguyên ven, không móp và trầy góc nào cả, đánh giá cao cho packaging vô cùng kĩ lưỡng và cẩn thận của khâu đóng gói và giao hàng tiki. Hàng chính hãng, mới nguyên, đầy đủ phụ kiện (gồm dock sạc và dây sạc), máy mới nguyên vẹn 100% đúng màu mình cần (thời điểm mình mua, Space Grey khá khó tìm trên thị trường và đc hàng tốt giá mềm như vầy nên mình rất ưng ý).",5
9214600,"giao hàng nhanh, vừa mới nhận lúc sáng đặt tối hôm qua. hài lòng. máy mới chưa active nguyên seal đúng với quảng cáo.",5
8988642,"Vừa nhận hàng, nguyên seal của Apple, mã ZA/A, có tem ICT của Apple VN. Kích hoạt xong, đồng bộ với cai Iphone trong vòng 5'. 
Dự kiến giao thứ hai 12/4 mà 9/4 đã nhận hàng mặc dù gửi từ Hà Nội vào.
lần đầu mua sp công nghệ nhưng khá hài lòng với Tiki trading,",5
8998678,"Mua cả combo ipad + pencil. Hành chính hãng, giao nhanh trong 1 giờ. Check kích hoạt đầy đủ, mới test thử 1 ngày hiện đang dùng rất tốt, pin rất lâu nên mình rất ưng. Giá lại phải chăng, rẻ hơn mua bên ngoài. Thanks Tiki ?",5
5719212,"Máy tốt tuy nhiên quy trình đăng ký trả góp của TIKI chưa phối hợp với ngân hàng. Thực hiện đúng và đủ các thủ tục mua trả góp trên web TIKI khi order, sau đó gọi lại TIKI và được báo là giao dịch trả góp thành công và không cần làm gì nữa nhưng sau đó lại bị ngân hàng trừ nguyên số tiền! Hỏi ngân hàng thì được bảo có biết gì đâu mặc dù tôi đã phải chịu một khoản phí chuyển đổi trả góp không ít! Lại phải lục tục khai báo với ngân hàng để được chuyển sang trừ trả góp mà vẫn bị tính lãi trước cho toàn bộ số tiền mua hàng này!!!",3
6097719,"Mua cho người già sử dụng nên con này là đủ với nhu cầu.
Hàng mới 100%, chính hãng, mới ra mắt nên không có gì phải lăn tăn.
So về mức giá gốc ra mắt bên Mỹ thì khoảng 360 USD quy đổi tỉ giá sang VND (23k) ~ 8tr2 gần như là không chênh quá nhiều so với giá bán tại đây.",5
9193472,"Tiki giao hàng rất nhanh. Sản phẩm đúng loại được  yêu cầu. Tuy nhiên, trong hình ảnh của sản phẩm có ảnh ốp da cho ipad. Để tránh gây hiểu nhầm đề nghị ghi chú rõ ràng,ốp da này là minh họa mà không nằm trong sản phẩm bàn giao.",5
19043996,Tốt,5
17782664,"Sản phẩm tốt, đúng chất lượng.",5
14979455,nhiều tính năng hay,5
13953885,Ok,5
12699377,"Giao hàng quá lâu 1 tháng mới có hàng, hàng giao 26 triệu mà như đống giấy lộn vừa ướt vừa móp. Gọi tổng đài thì mấy lần đều bận không ai trả lời . Lần này tiki làm thất vọng quá.",1
16546023,"Hàng chính hãng, sản phẩm chất lượng, giao hàng nhanh, đóng gói cẩn thận.",5
12617570,"Hàng nguyên seal, giao nhanh nhưng dùng thì máy hơi nóng nhưng chấp nhận được",5
13166297,"điện thoại đẹp, giao hàng lâu, do giao hàng qua thời gian được hưởng các gói đặc quyền nên phải liên tục gọi điện phản ảnh",2
13976554,"máy đẹp, gấp lại rất gọn. Mua ngay khuyến mãi giảm thêm mấy trăm nghìn nữa.",5
12488839,"Kiểu dáng độc lạ, cá tính. Màn hình rất đẹp. Nhưng pin hơi kém, ngày sạc 2 lần. Tiki giao hàng nhanh trở lại.",5
14062420,đã nhận hàng. giao hơi chậm xíu. mà ưng ý,5
15450984,"Thời trang, gọn đẹp",5
15017619,làm thế nào kích hoạt bảo hành tiki chi mình voi,5
13949831,"Điện thoại tốt. Pin nhanh sụt, còn lại không có gì để chê.",5
14197651,"Hàng đẹp, giao nhanh",5
12612094,Giao rat tre va co qua tang voucher ma khong cho,1
15332946,Tốt,5
19207236,"GH nhanh, giá hợp lý",5
16596363,ok,5
17876491,"Gắn SIM vào  sóng không lên, không gọi được. Thử với 2 SIM khác nhauSIM đang hoạt động trên smart phone,  nhưng sang điện thoại này không hoạt động. Xin đổi lại hoặc trả hàng lại",1
6799812,"Hàng nhận nhanh, kiểm tra tốt, hoạt động tốt, đúng như đã quảng cáo, dùng thấy ổn, nhiều tính năng!",5
5694901,hàng tốt đóng gói cẩn thận xin cảm ơn,5
6791340,bỏ sim ko vào không xài được,2
6914519,giao hàng đứng mẫu,5
2923847,Máy sử dụng đc chưa đến 1 tháng ko lên bảo hành sao vậy shop ?,2
3146074,Hàng đẹp ! Dùng ok          .,5
15225097,giao hàng chậm,5
18174512,"Sản phẩm đúng như hình, giao hàng đúng hạn, đóng gói chắc chắn",5
2334193,"Dùng đã được 1 tháng thấy rất ok!
Nhược điểm của máy phải bỏ 3 viênpin AA  mới sử dụng được nhiều chức năng,có thể khắc phục bằng cách lấy 1 cục sạc di động 5v độ nối vào hộc pin",4
11186638,Sản phẩm tốt,5
2396141,"TIKI giao hàng sớm hơn hẹn, điện thoại nhận được màu đen nhưng mẫu mã đẹp, sang, rất phù hợp cho bàn làm việc.",5
18815182,Máy đẹp .loa to. Màn hình sắc nét.giao hàng nhanh chóng. 4G đủ,5
16901416,"giao hàng khá lâu . tới lúc liên hệ với shop thì mới giao sớm hơn . dc cái nhân viên nc dễ thương.
về máy thì mình nghĩ m.n k nên mua . độ sáng màn hình cực kì tối . pin thì lần đầu sạc đã có hiện tượng pin ảo . bắt sóng wf kém . thêm 1 chút mua note 11 chắc ổn hơn . 😢 h muốn đổi cũng chịu .",3
16749244,điện thoại không còn nguyên seal do sơ ý không quay clip khui hàng nên đành chịu tgdđ trước mua ok lắm nay thì bye lun mốt chắc không dám mua nữa mn chú ý nhé,1
16746622,"điện thoại mượt, giao hàng hơi lâu nhưng được cái nhân viên tận tình !",5
17156086,sản phẩm ok với giá tiền,5
16565170,"giao hàng nhanh, chất lượng tốt",5
16680057,máy mạnh mước muoc mọi người nên mua,5
16781984,Hàng như ý,4
17609819,Hàng nguyên seal,5
19016191,"máy đẹp và chất lượng , ko lỗi hàng đẹp",5
17739187,Nhan duoc hang chua kiem tra doi kt xong se checkin lai cho moi nguoi ak .nhan vien giao hang ky luong,5
17443835,"Giao hàng nhanh, chất lượng tốt, phù hợp với mức giá, dùng đc 1 tuần thấy chạy mượt, pin dùng vừa đủ, chụp ảnh ok",5
19038334,"Hàng đẹp giá rẻ, máy ổn",5
19046783,Điện thoại tốt đẹp vừa túi tiền,5
17435981,Điện thoại khá là Điện thoại khá là ok. Mới.l nguyên seal. Bật lên đồng bộ oke.,5
17486300,"Máy đẹp, cầm chắc tay. Về cấu hình máy thì giá này là ok, nhưng về trải nghiệm thì thấy máy chạy hơi chậm",5
18985516,"Hàng như mô tả, mua qua tiki khá ổn dù giá có thể chênh chút ít",5
18406503,"Điện thoại mình xài rất tốt nhé, nguyên seal, nguyên đai, nguyên kiện./",5
17316124,"Sản phẩm giá hợp lý, giao hành 2h nhanh chóng và tiện lợi.",5
17005546,Rất hài lòng về dịch vụ của shop và tiki. Anh shipper cũng rất nhiệt tình hướng dẫn.,5
17902982,"shop hỗ trợ nhiệt tình , đt rất đẹp. giao hàng khá tốt.thanks shop",5
17530789,"sản phẩm chính hãng, giao hàng nhanh. chất lượng phù hợp giá cả. thanks shop",5
18305368,"giao hàng nhanh, rẻ",5
18947274,Very good phone for the cheap price,5
17167493,Ok,5
19245961,Ok,5
19033827,Okk chất lương,5
17263934,"SP như mô tả, tiki giao hàng nhanh",5
17436295,"Đóng gói đầy đủ, không móp méo, đã mua ở shop này A12",5
16768246,"điện thoại xài ổn, nhân viên tư vấn nhiệt tình, đáng mua nha",5
16356435,"Đt đẹp, sắc nét, nghe rõ lắm.Hàng chính hãng.",5
19442948,Máy đẹp,5
13641006,Sản phẩm dùng rất tốt tôi rất hài lòng vì sản phẩm này,5
18615941,Giao hàng nhanh,5
14602463,Tôi đặt trước điện thoại có đi kèm tai nghe bluetooth. Nhưng khi nhận được hàng thì lại không có tai nghe. Đề nghị Tiki kiểm tra và yêu cầu bên nhà cung cấp giao đủ hàng cho tôi.,1
15162800,Được tặng kèm tai nghe không dây. Tính ra giá lúc mưa thì khoảng 12tr thôi.,5
14871533,"gia re hon nhung trang khac, giao hàng nhanh, chất luong tot",5
7622834,"Sản phẩm nghe gọi tốt, lầu trên lầu dưới bắt sóng không bị rọt rẹt. Chỉ có đế nhẹ quá nên hay bị lật đổ.",5
7111125,"Mới dùng được một tháng đã hư. Giờ gọi không nghe bên kia nói, chỉ nghe như tiếng nhiễu sóng. Cho mình hỏi có gởi bảo hành được không ?",1
15685701,"2 điện thoại trong hộp, gói cẩn thận",5
15386831,"Điện thoại mới, tín hiệu tốt",5
3018699,"Với giá này mua được 2 em đt mẫu mã đẹp, thuận tiện, nhiều chức năng mà có thể cầm đi nghe xa khỏi cục nguồn thì quá Ok. Nhược điểm duy nhất là khi mất điện sẽ không nghe gọi được !",5
15225365,"máy tốt, giao hàng nhanh",5
15140617,Hàng đóng gói ok,5
2612398,"Hàng Panasonic thì đương nhiên là chuẩn và tốt rồi. Tiki đóng gói kỹ và chắc chắn, lót chống sốc, đặc biệt là giao hàng rất nhanh. Bây giờ chỉ đợi hoá đơn GTGT nữa thôi.",5
6748066,giao hàng quá chậm. nhân viên chăm sóc khách hàng của Tiki ăn nói không ra gì.,1
2718901,Hàng Pana thì có gì phải phàn nàn. Cứ sử dụng thôi,5
5682446,"ĐT rất đẹp, gọn, chắc chắn.
Rất ưng ý.Lần sau sẽ ủng hộ.",5
9534496,đế nhẹ đẻ máy dễ đổ,4
8917116,"Cự ly sóng ngắn, khó sử dụng",2
10346049,Hài lòng,5
10656342,tốt.,5
15006081,"Hàng nghe gọi tốt, như hình sp oki",4
17499912,"Tgdd hỗ trợ mình rata nhiệt tình. Hết option màu tím nhưng mình mess nhờ hỗ trợ thì bạn ad báo 8-9 ngày mới có màu tím, mình ok chờ. Mình đặt hàng tối hôm qua, 20p sau ad nhắn mình là kiểm kho còn 1 em màu tím nên mai sẽ giao mình luôn, sáng nay nhận hàng ngay tích tắc. Mình mua tặng mẹ nên rất ưng khi có màu tím",5
17387550,"Đẹp xuất sắc, quá đúng đắn khi mua sản phẩm.",5
17557488,Điện thoại đẹp xĩu nhân viên tư vấn nhiệt tình,5
17467786,Sản phẩm tốt nhe đẹp còn được tặng kèm phiếu mua hàng để mua sạc luôn.,5
17513397,"Giao hàng nhanh gọn, nguyên seal, 10 điểm",5
18577134,Nhận đc máy rồi ạ...rất rất đẹp luôn,5
10025354,"Cảm ơn shop đóng gói cẩn thận, đt chính hãng, điện thoại tốt , tiếng lớn , nghe rõ... sản phẩm tốt y như quảng cáo",5
9252135,"Điện thoại không hiển thị số gọi đến như quảng cáo, buồn",4
8080866,"Giao đúng sp trên hình ạ, xài cũng rất tốt, mình k có gì đề phàn nàn cả",5
8178333,Hàng không tốt tín hiệu mãi mới truyền . Cúp máy 10 phút sau chưa tắt,3
12644471,Đẹp như quảng cáo,5
16285864,"sản phẩm giao nhanh hơn dự kiến, tính mua có loa ngoài nhưng về không có do sơ suất chỉ nhìn hình không đọc thông tin sản phẩm,nói chung xài ok.",5
10107443,"giao hàng đúng yêu cầu, cầm chắc tay, rất tiện cho người nhà nghe gọi hỏi thăm nhau.",5
10520944,Ắc nét. Sử dụng tốt.,5
2608628,"rất hài lòg khi nhận hàng ,xài rất ổn,đag dự định mua thêm 1 cái như vậy nữa",5
4438030,Hài lòng,5
2595142,"Cảm thấy hài lòng,còn một số chức năng chưa sử dụng được.",4
16882995,"máy tốt, nghe rõ . đẹp. đã xài qua bộ thứ 2 của mẫu này",5
17741554,Rất tối. Máy dùng tốt như quảng cáo,4
18250785,Hàng ok sễ sử dụng,5
5979016,Sản phẩm tốt. Sóng khoẻ.,5
12443231,"Điện thoại hàng chính hãng, có tem bảo hành, đóng hộp và phụ kiện đầy đủ. Giá cao hơn một tí so với mua tại các cửa hàng truyền thống.",4
13188268,"mới lắp vào xài thử thấy cũng ok, không biết xài lâu dài thì chất lượng ra sao. Tạm thời đánh giá 4* vì shop giao hơi lâu chút. :)",4
16151362,"Mới sử dụng được vài ngày thôi. Cảm nhận cũng được, âm thanh rõ, không bị rè, nhiễu",5
15360149,xài ổn định. giao hàng nhanh,5
17328860,Hàng tốt. Shiper trách nhiệm !,5
3635507,Điện thoại này gọi rất phê. Giọng nói của các cô gái mà nghe qua điện thoại Panasonic này thì như rót mật vào tai. Thích thiệt chứ! Nếu ai không cảm nhận giống tôi thì...tôi không biết đâu nhé!,5
15317017,ĐT mua 5/3/2022. Nay là 8/3/2022 đã không gọi được,1
13625378,Vừa túi tiền lại âm thanh tốt,5
13895889,Điện thoại tốt; giao hàng lâu không tưởng tượng được,5
8681010,"giao nhanh đúng màu, xài tốt",5
15610447,Tốt,5
13996591,Mới nhận hàng chưa thử,5
10286810,hàng chính hãng như mô tả,5
13912415,Sản phẩm tốt,5
5642739,Điện thoại chất lượng tốt. Âm thanh nghe rõ. Màu sắc và chi tiết bên ngoài đẹp. Rất đáng tiền.,5
13928206,chuông lớn,5
15010612,"Nhận máy nguyên seal.
Máy cấu hình top nên các tác vụ mượt mà, khi dùng nóng phần thân trên, pin nhanh hết. Nói chung hài lòng khi mua sản phẩm điện tử của tiki trading phân phối.",5
15801963,Hộp ngoài không có bao nilon như iphone nhỉ. Chỉ có 2 cái tem màu đen,5
15785747,Dùng 6 tháng ko biết là tại màn hình hay tại cáp mà đã hỏng rồi ạ. Nói chung hàng mã lắm không nên mua,5
15552409,Đẹp xuất sắc. Lâu lắm rồi mới quay lại với samsung chỉ vì mê dáng em flip 😂,5
15782825,"Sieu cưng nha, hàng mới",5
15294078,"tuyệt đẹp, sành điệu",4
13390980,thời gian giao hàng quá lâu,2
14580285,hàng tốt,5
17810900,"Sản ohẩm tốt, chính hãng, giá sale cực tốt
Giao hàng nhanh, đóng gói cẩn thận",5
17374286,"Sản phẩm chính hãng, giá tốt
Giao hàng nhanh chóng
Đóng gói cẩn thận",5
17675911,"Trên hệ thống ghi giao trước 2h chiều, mà giao nhận giao trể làm đợi trể chuyến xe .",1
18112302,Sản phẩm vừa túi tiền,5
18020738,Dùng cũng tạm gởi hàng nhanh,4
17496020,"Xài ổn, hoàn thiện tốt, ram 4G thì tốt.",5
17551546,ok,5
17284955,"Giao hàng cực nhanh, rất hàu lòng",5
17675895,"(*) Đánh giá không tính điểm
giao hàng lâu hơn dự kiến, làm trể chuyến xe",1
17893442,"Đúng chính hãng, mới, chất lượng tốt",5
15403158,sản phẩm cũng ok,4
11275748,Rất vừa ý. Dịch vụ phản hồi tin nhắn và xuất hoá đơn nhanh.,5
2308473,"Sau 01 tháng sử dụng thì hư cục adapter, đưa Tiki bảo hành thay cục sạc - đã chuyển tiền thay thế cục sạc mới, nhưng hơn 01 tháng bảo hành rồi vẫn chưa nhận được lại sản phẩm, thất vọng",2
5108733,Rat hai long,5
16643684,SP quá đẹp. Hàng chuẩn.,5
13758708,Máy dùng rất thích. Chất lượng tốt so với tầm giá. Shop giao hàng nhanh. Nói chung là rất ưng ý nhé ạ. À có 1 điểm trừ xíu thôi là máy k hỗ trợ 1 chứng chỉ của google để có thể xem được Netflix độ phân giải cao hix. Còn đâu thì rất ok ạ. Mua cho con học onl vs giải trí là chính nên cũng k quá quan trọng.,5
13391204,"hàng chính hãng, có thẻ bảo hành, đầy đủ phụ kiện, hiện tại mới dùng trộm vía không có vấn đề gì, mình rất ưng",5
13187547,"sản phẩm rất đẹp, đóng gói chắc chắn, giao hàng rất nhanh, bên trong đầy đủ phụ kiện gồm bộ sạc, que chọc sim, bao da. Mình mua lúc sale nên giá khá tốt.",5
13397792,"hàng mới còn nguyên seal 
đóng gói sp tốt
cửa hàng phục vụ tốt 
nếu sd thường pin cầm trong vòng 1 ngày 
cảm ơn shop",5
13231653,"gửi hàng nhanh, đúng như quản cáo.",5
13472020,"máy đẹp như mô tả, hoạt động tốt, hình ảnh mượt mà, giao trể hẹn 5 ngày, chắc là do tình hình dịch bệnh chung, phải chấp nhận thôi.",5
13290350,"Sản phẩm chất lượng, nhìn mẫu mã như giới thiệu, dùng thử thấy ok , lần đầu tiên đặt hàng điện tử online, cảm thấy rất hài lòng,",5
13449795,"Giao nhanh.. nguyên seal..
Okie shop",5
13252816,khá hài lòng sau 2 ngày sử dụng,5
13518242,"hàng chất lượng, đóng gói cẩn thận,mong shop ngày càng phát triển mạnh thêm ☺️☺️",5
13361856,Máy xài ok. Chủ yếu cho bé học onl.,4
14360574,sản phẩm tốt,5
13375620,chất lượng tuyệt vời,5
13208863,"Giao hàng nhanh, hàng đẹp",5
13196325,"máy nguyên seal, màn đẹp",5
18342969,rất hài lòng,5
17024725,sản phẩm ok 👌 ......,5
13507611,Sản phẩm tốt đúng mô tả ! sau 2 ngày dùng thì mình thấy mọi thứ đều ok ! rất đáng mua.,4
18449211,"Giao nhanh, máy đẹp, giá tốt",5
18022272,Hàng chính hãng. Chưa kích hoạt bh.,5
18179973,Hàng chính hãng. Giao hơi chậm.,5
17942370,"Hàng chính hãng, giá tốt",5
16545435,"Giá tốt, giao siêu nhanh máy dùng tốt",5
18530318,"Hàng nguyên seal nhưng đã kích hoạt bảo hành từ hơn 2 tháng trước, nên giờ chỉ còn bảo hành gần 10 tháng ở hãng. Mong shop ghi rõ trong tiêu đề sản phẩm là hàng nguyên seal và đã kích hoạt bảo hành",4
18719518,Mới mua nhận hàng mà dùng lag vãi đái,2
18720383,Nói chung là tất cả đều tốt,5
18092910,Tốt,5
15880494,"đt xài tốt, giao hàng nhanh",5
18515387,"Mới mua chưa dùng chưa đánh giá được chất lượng, nhưng hàng giá tốt này thì không đòi hỏi quá cao. Shop uy tín, nhiệt tình là oke",5
17504743,"Camera chụp tạm được,máy đẹp,đóng gói tốt,vận chuyển lâu,máy chạy mượt trước mắt là vậy",5
18008573,"Máy đẹp chạy ổn, tuy nhiên màn hình hiển thị màu sắc không được đậm đà lắm.",4
17684480,máy chạy mượt mà hình thức đẹp shop  tu vẫn nhiệt tình chúc shop  bán được nhiều hàng,5
17495665,"Rất ổn, đẹp",5
16066545,đã nhận được hàng trước dự kiến,4
16423003,đth ok nhé,5
17407310,Sản phẩm đẹp giao hàng nhanh. Chưa sử dụng nên chưa có nhận xét,5
17390955,"Độ phân giải sắc nét, chơi game mượt. Nói chung sp tốt",5
17539444,hàng đúng như giới thiệu.giao hàng nhanh,4
17451277,chua nhận duoc thong tin kich hoat bao hanh sau 3 ngay nhan may,2
19537383,"Pin tụt nhanh, điện thoại ko nhận sim. Lỗi tùm lum",1
19169858,"Shop giao hàng nhanh, đóng gói cẩn thận. Duy chỉ đặt hàng màu đen, nhưng khi nhận màu kem sáng. Cũng Ok, hàng nguyên seal. Cám ơn shop,",5
18589904,"Hàng mới nguyên seal, nhưng kích hoạt ngay khi mua thay vì sau khi giao hàng như Tiki Tradings",4
12379977,"- Điện thoại đẹp, gập mở chắc chắn, âm thanh tốt, camera selfie thì đúng tâm lý con gái tha hồ pose ảnh. Cấu hình mượt,  chơi game online ko thấy giật lag, có nhiều chi tiết nhỏ để khám phá. Đúng mẫu điện thoại sẽ làm hài lòng chị em
- Điểm yếu là pin nhỏ, tự nhiên nóng dù không sử dụng (nóng nhẹ tầm 10p) mới dùng 1 ngày nên sẽ theo dõi thêm khoản này
- Quà tặng nhận đầy đủ, loa và PMH là gift voucher nên các bạn vào phần thông báo xem mã voucher rồi áp vào mua sau nhé (do thấy nhiều bạn bảo ko nhận được). Hàng đặt trước mà do dịch hạn chế về việc giao nhận, mình nhận muộn 11 ngày cũng ráng thông cảm mùa dịch, vì không ai muốn khách hàng mình đợi lâu để họ bỏ mình đâu",4
14449189,"Sản phẩm nhỏ gọn đẹp
Mình rất thích
Mỗi tội hãng không có củ sạc phải mua riêng
Tiki giao hàng rất nhanh đặt 3 tiếng đã giao hàng
Rất hài lòng",5
16989784,Điện thoại hao pin nhanh kinh khủng. Từ lúc dùng máy này mình lúc nào cũng phải kè kè cái sạc dự phòng. Thêm vào đó máy chạy rất nóng. Mọi người cân nhắc khi mua nhé.,3
12367265,"Mua thì trả tiền đủ, giao thì thiếu Voucher 3.990.000đ. Gọi điện viết email 2 ngày mà không xử lý được. Nhân viên gọi lại nói đã gửi voucher rồi mà check cũng chẳng có, cũng không ai thèm xử lý tiếp. Cạch không bao giờ mua hàng có giá trị trên Tiki nữa.",1
12378299,"Điện thoại đẹp xịn, coupon + quà tặng nhận đầy đủ.",5
15519892,Điện thoại khá thời trang lướt êm và nhỏ gọn nói chung khá ổn so với các dòng điện thoại tầm giá,5
12419524,"sản phẩm giao siêu chậm, phải email gọi điện thúc giục liên tục Tiki mới tiến hành xử lý và giao hàng.. sản phẩm tặng kèm voucher cũng không thấy có!!!",1
12409033,"Xài 8 tháng hỏng pin, sạc ko vô, đang gửi bảo hành, flagship sạc max 15w =))))
khinh người dùng cỡ apple chớ ko thua đâu",5
14521787,"cầm vừa tay thao tác rất thoải mái.
check tin nhắn khi gập không cần mở rất tiện",5
14711783,xịn xò ngon lành cành đào máy sài tốt,5
12571512,giao hàng quá chậm. thông tin về khuyến mại khi nhận hàng sau không cung cấp sau 2 tháng khiếu nại về sản phẩm chưa có phản hồi,1
13359123,"Hàng giao nhanh, sử dụng ổn, bảo hành kích hoạt trong ngày nhưng không kiểm tra được trên trang của Samsung",5
14433662,"Đẹp, ổn trong tầm giá.",5
14370418,"Hàng chính hãng, giao hàng nhanh, giá cả phải chăng.",5
13260510,gọn đẹp,5
14265527,OK zzzzzzzzzzzzzzzzzzzz,4
15342515,Tốt,5
12571369,sp đẹp lạ tiện gọn nhưng giao trễ,5
14941245,tốt,5
14682842,So greart,5
3055435,Tốt . Mẫu đẹp . Giao hàng nhanh . Đóng gói cẩn thận !,5
19052097,Sản phẩm dùng được. Shop giao hàng nhanh và đóng gói chắc chắn.,5
19265713,"Điện thoại đẹp, loa toa, rõ",5
18692310,Đt rất đẹp..y hình quảng cáo,5
16308280,đt rất OK ..,5
17229374,đẹp bền,5
12041901,OK phết,5
12806553,giao hàng thì lâu nhưng sản phẩm rất tốt và mua được giá khá rẻ so với thị trường. mình mua có 2tr2 hơn 1 xíu thôi. Nói chung đợi chờ là hạnh phúc. nhận rồi nên thấy rất tuyệt.,5
12391504,"Vừa mới nhận xong, giao nhanh hơn dự kiến. Chưa dùng của Xiaomi bao giờ nên cũng chưa biết thế nào.",5
12547925,"giao hàng hơi lâu do ở thành phố khác với nhà bán, máy rất đẹp, xài mượt nữa, chất lượng quá tốt trong tầm giá này",5
12608337,"sản phẩm tốt theo yêu cầu, tuy nhiên thời gian giao hàng có chậm hơn theo ngày hẹn (giao hàng ngày 14/10/21 trễ hơn theo ngày là 06/10/22 ). Đánh giá 4 sao.",4
12465857,"Đặt hàng trong mùa dịch nên gần tháng mới nhận được hàng, điện thoại tốt, giá cả giảm hơn chút so với thời điểm hiện tại",5
14912146,"điện thoại dùng ổn, tốc độ xử lý nhan so vs tầm giá, camera bình thg",5
13630657,"ship hàng hơi lâu nhưng đt dùng ổn, giá rẻ hơn hẳn ngoài cửa hàng.",5
14948132,"Hàng mới đẹp, dùng mượt",5
12932159,Okkkkkkkkkkk,5
13306923,good,5
16002805,Tốt,5
12400652,"gói hàng cẩn thận, dịch mà giao hàng nhanh",5
14152127,Điện thoại Ok,4
13439692,khá ok .,5
12861928,đẹp,5
12861933,đẹp,5
12861926,đẹp,5
13040757,ok,5
15735581,"ko được tốt lắm  ,hàng đã khui",3
15073485,sản phẩm rất ok,5
14583576,Hang moi qua chuan,5
14458275,Ok,5
17317782,"Tiện lợi, giá cả hợp lý",5
9568607,"xài tốt, đóng gói kỹ, nhưng không thấy gửi hoá đơn giá trị gia tăng (chỉ có hoá đơn vận chuyển của Tiki).",4
16249785,tot,5
12899231,"sản phẩm đẹp, chất lượng",5
15067380,ok,5
14313059,Ok,4
10422449,Gọi thì ổn. có cái kèm theo hay hết pin,5
9641858,Sp đẹp,5
4711635,Đơn hàng của mình đã giao ngày 12/8/2020 nhưng tới nay là 2/9/2020 vẫn chưa xuất hoá đơn đỏ,5
3411512,Sản phẩm tốt sài ổn định. mình mang lên lầu vẫn nghe ổn. rất hài lòng,5
18244652,"Sản phẩm giao hàng nhanh, đúng sản phẩm mới 100%, Thanks shop",5
17962959,"Hàng nguyên seal, chưa kích hoạt bảo hành, chụp ảnh đẹp, tác vụ dùng rất ok, mình dùng thử 3 ngày mới đánh giá",5
18225369,"Hàng nguyên seal, đẹp tuyệt vời.",5
18670490,"Giao hàng còn nguyên tem,nguyên siu,sài đc hơn tuần rổi,ổn nha cả nhà,mua đc giá tốt nữa",5
17076850,"sản phẩm rất đẹp,  xài mượt,  chup hình khá sắc nét  .",5
4869067,"máy sài ổn
Tuy nhiên bên vận chuyển ko cẩn thận rỏ ràng có tem cực kì dễ vỡ mà lúc nhận hộp hàng bị biến dạng",4
7280149,"Mình muốn hỏi tiki tại sao máy của mình lại là assembled in Vietnam, số serial cũng không có trong list của Amazon
Hy vọng sớm nhận được phản hồi",2
5833437,"ok, đúng hàng đúng giá đúng màu ,ok, đúng hàng đúng giá đúng màu ,ok, đúng hàng đúng giá đúng màu",5
5014938,"Máy chạy tốt, đúng mô tả.
Chưa có lỗi gì cần đánh giá.",5
5509917,"Chất lượng bao da đi kèm kém, cong vênh!",4
5413301,Good deal. Thank you Tiki,5
5543702,good,5
3556989,Dùng ok. Pin khoẻ. Rất nên mua,5
19189373,Rất tốt! Trang trí đẹp như trong phim Hồng Kong!,5
7453082,Không dùng được sim di động là sao,1
